Time,header.seq,header.stamp.secs,header.stamp.nsecs,header.frame_id,name,position_0,position_1,position_2,position_3,position_4,position_5,position_6,velocity_0,velocity_1,velocity_2,velocity_3,velocity_4,velocity_5,velocity_6,effort_0,effort_1,effort_2,effort_3,effort_4,effort_5,effort_6
1781051291.3665063,605444,1781051291,362074855,base_link,"['wheel_left_joint', 'wheel_right_joint', 'joint1', 'joint2', 'joint3', 'joint4', 'gripper']",0.010737867094576359,0.016873791813850403,-0.015339808538556099,-0.8574953079223633,0.24543693661689758,0.6427379846572876,0.0,0.0,0.0,0.0,0.0,0.0,0.0,0.0,0.0,0.0,0.0,-18.829999923706055,-312.0400085449219,-107.60000610351562,0.0
1781051291.4187171,605445,1781051291,396074855,base_link,"['wheel_left_joint', 'wheel_right_joint', 'joint1', 'joint2', 'joint3', 'joint4', 'gripper']",0.010737867094576359,0.016873791813850403,-0.015339808538556099,-0.8574953079223633,0.24543693661689758,0.6427379846572876,0.0,0.0,0.0,0.0,0.0,0.0,0.0,0.0,0.0,0.0,0.0,-18.829999923706055,-314.7300109863281,-104.91000366210938,0.0
1781051291.4601958,605446,1781051291,461074855,base_link,"['wheel_left_joint', 'wheel_right_joint', 'joint1', 'joint2', 'joint3', 'joint4', 'gripper']",0.010737867094576359,0.016873791813850403,-0.015339808538556099,-0.8574953079223633,0.24543693661689758,0.6427379846572876,0.0,0.0,0.0,0.0,0.0,0.0,0.0,0.0,0.0,0.0,0.0,-21.520000457763672,-312.0400085449219,-107.60000610351562,0.0
1781051291.5073397,605447,1781051291,495074855,base_link,"['wheel_left_joint', 'wheel_right_joint', 'joint1', 'joint2', 'joint3', 'joint4', 'gripper']",0.010737867094576359,0.016873791813850403,-0.015339808538556099,-0.8574953079223633,0.24543693661689758,0.6427379846572876,0.0,0.0,0.0,0.0,0.0,0.0,0.0,0.0,0.0,0.0,0.0,-18.829999923706055,-314.7300109863281,-104.91000366210938,0.0
1781051291.5582697,605448,1781051291,549074855,base_link,"['wheel_left_joint', 'wheel_right_joint', 'joint1', 'joint2', 'joint3', 'joint4', 'gripper']",0.010737867094576359,0.016873791813850403,-0.015339808538556099,-0.8574953079223633,0.24543693661689758,0.6427379846572876,0.0,0.0,0.0,0.0,0.0,0.0,0.0,0.0,0.0,0.0,0.0,-18.829999923706055,-314.7300109863281,-104.91000366210938,0.0
1781051291.6057947,605449,1781051291,583074855,base_link,"['wheel_left_joint', 'wheel_right_joint', 'joint1', 'joint2', 'joint3', 'joint4', 'gripper']",0.010737867094576359,0.016873791813850403,-0.015339808538556099,-0.8574953079223633,0.24543693661689758,0.6427379846572876,0.0,0.0,0.0,0.0,0.0,0.0,0.0,0.0,0.0,0.0,0.0,-21.520000457763672,-314.7300109863281,-104.91000366210938,0.0
1781051291.6281292,605450,1781051291,622669441,base_link,"['wheel_left_joint', 'wheel_right_joint', 'joint1', 'joint2', 'joint3', 'joint4', 'gripper']",0.010737867094576359,0.016873791813850403,-0.015339808538556099,-0.8574953079223633,0.24543693661689758,0.6427379846572876,0.0,0.0,0.0,0.0,0.0,0.0,0.0,0.0,0.0,0.0,0.0,-21.520000457763672,-312.0400085449219,-104.91000366210938,0.0
1781051291.6743314,605451,1781051291,656669441,base_link,"['wheel_left_joint', 'wheel_right_joint', 'joint1', 'joint2', 'joint3', 'joint4', 'gripper']",0.010737867094576359,0.016873791813850403,-0.015339808538556099,-0.8574953079223633,0.24543693661689758,0.644271969795227,0.0,0.0,0.0,0.0,0.0,0.0,0.0,0.0,0.0,0.0,0.0,-18.829999923706055,-312.0400085449219,-104.91000366210938,0.0
1781051291.7120175,605452,1781051291,699669441,base_link,"['wheel_left_joint', 'wheel_right_joint', 'joint1', 'joint2', 'joint3', 'joint4', 'gripper']",0.010737867094576359,0.016873791813850403,-0.015339808538556099,-0.8574953079223633,0.24543693661689758,0.6427379846572876,0.0,0.0,0.0,0.0,0.0,0.0,0.0,0.0,0.0,0.0,0.0,-21.520000457763672,-314.7300109863281,-104.91000366210938,0.0
1781051291.7618084,605453,1781051291,733669441,base_link,"['wheel_left_joint', 'wheel_right_joint', 'joint1', 'joint2', 'joint3', 'joint4', 'gripper']",0.010737867094576359,0.016873791813850403,-0.015339808538556099,-0.8574953079223633,0.24543693661689758,0.6427379846572876,0.0,0.0,0.0,0.0,0.0,0.0,0.0,0.0,0.0,0.0,0.0,-21.520000457763672,-312.0400085449219,-104.91000366210938,0.0
1781051291.7827184,605454,1781051291,778669441,base_link,"['wheel_left_joint', 'wheel_right_joint', 'joint1', 'joint2', 'joint3', 'joint4', 'gripper']",0.010737867094576359,0.016873791813850403,-0.015339808538556099,-0.8574953079223633,0.24543693661689758,0.644271969795227,0.0,0.0,0.0,0.0,0.0,0.0,0.0,0.0,0.0,0.0,0.0,-21.520000457763672,-314.7300109863281,-104.91000366210938,0.0
1781051291.8298898,605455,1781051291,812669441,base_link,"['wheel_left_joint', 'wheel_right_joint', 'joint1', 'joint2', 'joint3', 'joint4', 'gripper']",0.010737867094576359,0.016873791813850403,-0.015339808538556099,-0.8574953079223633,0.24543693661689758,0.6427379846572876,0.0,0.0,0.0,0.0,0.0,0.0,0.0,0.0,0.0,0.0,0.0,-21.520000457763672,-312.0400085449219,-104.91000366210938,0.0
1781051291.8663874,605456,1781051291,856669441,base_link,"['wheel_left_joint', 'wheel_right_joint', 'joint1', 'joint2', 'joint3', 'joint4', 'gripper']",0.010737867094576359,0.016873791813850403,-0.015339808538556099,-0.8574953079223633,0.24543693661689758,0.6427379846572876,0.0,0.0,0.0,0.0,0.0,0.0,0.0,0.0,0.0,0.0,0.0,-21.520000457763672,-312.0400085449219,-104.91000366210938,0.0
1781051291.91365,605457,1781051291,890669441,base_link,"['wheel_left_joint', 'wheel_right_joint', 'joint1', 'joint2', 'joint3', 'joint4', 'gripper']",0.010737867094576359,0.016873791813850403,-0.015339808538556099,-0.8574953079223633,0.24543693661689758,0.6427379846572876,0.0,0.0,0.0,0.0,0.0,0.0,0.0,0.0,0.0,0.0,0.0,-21.520000457763672,-312.0400085449219,-104.91000366210938,0.0
1781051291.941397,605458,1781051291,936669441,base_link,"['wheel_left_joint', 'wheel_right_joint', 'joint1', 'joint2', 'joint3', 'joint4', 'gripper']",0.010737867094576359,0.016873791813850403,-0.015339808538556099,-0.8574953079223633,0.24543693661689758,0.644271969795227,0.0,0.0,0.0,0.0,0.0,0.0,0.0,0.0,0.0,0.0,0.0,-18.829999923706055,-312.0400085449219,-104.91000366210938,0.0
1781051291.9876044,605459,1781051291,970669441,base_link,"['wheel_left_joint', 'wheel_right_joint', 'joint1', 'joint2', 'joint3', 'joint4', 'gripper']",0.010737867094576359,0.016873791813850403,-0.015339808538556099,-0.8574953079223633,0.24543693661689758,0.6427379846572876,0.0,0.0,0.0,0.0,0.0,0.0,0.0,0.0,0.0,0.0,0.0,-18.829999923706055,-312.0400085449219,-104.91000366210938,0.0
1781051292.036292,605460,1781051292,4669441,base_link,"['wheel_left_joint', 'wheel_right_joint', 'joint1', 'joint2', 'joint3', 'joint4', 'gripper']",0.010737867094576359,0.016873791813850403,-0.015339808538556099,-0.8574953079223633,0.24543693661689758,0.644271969795227,0.0,0.0,0.0,0.0,0.0,0.0,0.0,0.0,0.0,0.0,0.0,-18.829999923706055,-312.0400085449219,-104.91000366210938,0.0
1781051292.0570278,605461,1781051292,46669441,base_link,"['wheel_left_joint', 'wheel_right_joint', 'joint1', 'joint2', 'joint3', 'joint4', 'gripper']",0.010737867094576359,0.016873791813850403,-0.015339808538556099,-0.8574953079223633,0.24543693661689758,0.6427379846572876,0.0,0.0,0.0,0.0,0.0,0.0,0.0,0.0,0.0,0.0,0.0,-18.829999923706055,-314.7300109863281,-107.60000610351562,0.0
1781051292.1050117,605462,1781051292,80669441,base_link,"['wheel_left_joint', 'wheel_right_joint', 'joint1', 'joint2', 'joint3', 'joint4', 'gripper']",0.010737867094576359,0.016873791813850403,-0.015339808538556099,-0.8574953079223633,0.24543693661689758,0.644271969795227,0.0,0.0,0.0,0.0,0.0,0.0,0.0,0.0,0.0,0.0,0.0,-21.520000457763672,-312.0400085449219,-104.91000366210938,0.0
1781051292.1317797,605463,1781051292,127669441,base_link,"['wheel_left_joint', 'wheel_right_joint', 'joint1', 'joint2', 'joint3', 'joint4', 'gripper']",0.010737867094576359,0.016873791813850403,-0.015339808538556099,-0.8574953079223633,0.24543693661689758,0.6427379846572876,0.0,0.0,0.0,0.0,0.0,0.0,0.0,0.0,0.0,0.0,0.0,-18.829999923706055,-314.7300109863281,-104.91000366210938,0.0
1781051292.1785033,605464,1781051292,161669441,base_link,"['wheel_left_joint', 'wheel_right_joint', 'joint1', 'joint2', 'joint3', 'joint4', 'gripper']",0.010737867094576359,0.016873791813850403,-0.015339808538556099,-0.8574953079223633,0.24543693661689758,0.6427379846572876,0.0,0.0,0.0,0.0,0.0,0.0,0.0,0.0,0.0,0.0,0.0,-21.520000457763672,-314.7300109863281,-104.91000366210938,0.0
1781051292.2275858,605465,1781051292,195669441,base_link,"['wheel_left_joint', 'wheel_right_joint', 'joint1', 'joint2', 'joint3', 'joint4', 'gripper']",0.010737867094576359,0.016873791813850403,-0.015339808538556099,-0.8574953079223633,0.24543693661689758,0.6427379846572876,0.0,0.0,0.0,0.0,0.0,0.0,0.0,0.0,0.0,0.0,0.0,-21.520000457763672,-312.0400085449219,-104.91000366210938,0.0
1781051292.2465923,605466,1781051292,237669441,base_link,"['wheel_left_joint', 'wheel_right_joint', 'joint1', 'joint2', 'joint3', 'joint4', 'gripper']",0.010737867094576359,0.016873791813850403,-0.015339808538556099,-0.8574953079223633,0.24543693661689758,0.6427379846572876,0.0,0.0,0.0,0.0,0.0,0.0,0.0,0.0,0.0,0.0,0.0,-18.829999923706055,-314.7300109863281,-104.91000366210938,0.0
1781051292.2974708,605467,1781051292,271669441,base_link,"['wheel_left_joint', 'wheel_right_joint', 'joint1', 'joint2', 'joint3', 'joint4', 'gripper']",0.010737867094576359,0.016873791813850403,-0.015339808538556099,-0.8574953079223633,0.24543693661689758,0.644271969795227,0.0,0.0,0.0,0.0,0.0,0.0,0.0,0.0,0.0,0.0,0.0,-18.829999923706055,-312.0400085449219,-104.91000366210938,0.0
1781051292.3212624,605468,1781051292,316669441,base_link,"['wheel_left_joint', 'wheel_right_joint', 'joint1', 'joint2', 'joint3', 'joint4', 'gripper']",0.010737867094576359,0.016873791813850403,-0.015339808538556099,-0.8574953079223633,0.24543693661689758,0.6427379846572876,0.0,0.0,0.0,0.0,0.0,0.0,0.0,0.0,0.0,0.0,0.0,-21.520000457763672,-312.0400085449219,-104.91000366210938,0.0
1781051292.3695514,605469,1781051292,350669441,base_link,"['wheel_left_joint', 'wheel_right_joint', 'joint1', 'joint2', 'joint3', 'joint4', 'gripper']",0.010737867094576359,0.016873791813850403,-0.015339808538556099,-0.8574953079223633,0.24543693661689758,0.6427379846572876,0.0,0.0,0.0,0.0,0.0,0.0,0.0,0.0,0.0,0.0,0.0,-18.829999923706055,-312.0400085449219,-104.91000366210938,0.0
1781051292.4067829,605470,1781051292,403669441,base_link,"['wheel_left_joint', 'wheel_right_joint', 'joint1', 'joint2', 'joint3', 'joint4', 'gripper']",0.010737867094576359,0.016873791813850403,-0.015339808538556099,-0.8574953079223633,0.24543693661689758,0.6427379846572876,0.0,0.0,0.0,0.0,0.0,0.0,0.0,0.0,0.0,0.0,0.0,-18.829999923706055,-314.7300109863281,-104.91000366210938,0.0
1781051292.4543207,605471,1781051292,437669441,base_link,"['wheel_left_joint', 'wheel_right_joint', 'joint1', 'joint2', 'joint3', 'joint4', 'gripper']",0.010737867094576359,0.016873791813850403,-0.015339808538556099,-0.8574953079223633,0.24543693661689758,0.6427379846572876,0.0,0.0,0.0,0.0,0.0,0.0,0.0,0.0,0.0,0.0,0.0,-21.520000457763672,-314.7300109863281,-104.91000366210938,0.0
1781051292.5020638,605472,1781051292,471669441,base_link,"['wheel_left_joint', 'wheel_right_joint', 'joint1', 'joint2', 'joint3', 'joint4', 'gripper']",0.010737867094576359,0.016873791813850403,-0.015339808538556099,-0.8574953079223633,0.24543693661689758,0.644271969795227,0.0,0.0,0.0,0.0,0.0,0.0,0.0,0.0,0.0,0.0,0.0,-24.21000099182129,-314.7300109863281,-102.22000122070312,0.0
1781051292.522849,605473,1781051292,509669441,base_link,"['wheel_left_joint', 'wheel_right_joint', 'joint1', 'joint2', 'joint3', 'joint4', 'gripper']",0.010737867094576359,0.016873791813850403,-0.015339808538556099,-0.8574953079223633,0.24543693661689758,0.6427379846572876,0.0,0.0,0.0,0.0,0.0,0.0,0.0,0.0,0.0,0.0,0.0,-21.520000457763672,-312.0400085449219,-104.91000366210938,0.0
1781051292.5748699,605474,1781051292,543669441,base_link,"['wheel_left_joint', 'wheel_right_joint', 'joint1', 'joint2', 'joint3', 'joint4', 'gripper']",0.010737867094576359,0.016873791813850403,-0.015339808538556099,-0.8574953079223633,0.24543693661689758,0.6427379846572876,0.0,0.0,0.0,0.0,0.0,0.0,0.0,0.0,0.0,0.0,0.0,-21.520000457763672,-317.4200134277344,-104.91000366210938,0.0
1781051292.59126,605475,1781051292,587669441,base_link,"['wheel_left_joint', 'wheel_right_joint', 'joint1', 'joint2', 'joint3', 'joint4', 'gripper']",0.010737867094576359,0.016873791813850403,-0.015339808538556099,-0.8574953079223633,0.24543693661689758,0.6427379846572876,0.0,0.0,0.0,0.0,0.0,0.0,0.0,0.0,0.0,0.0,0.0,-21.520000457763672,-312.0400085449219,-104.91000366210938,0.0
1781051292.6419196,605476,1781051292,621669441,base_link,"['wheel_left_joint', 'wheel_right_joint', 'joint1', 'joint2', 'joint3', 'joint4', 'gripper']",0.010737867094576359,0.016873791813850403,-0.015339808538556099,-0.8574953079223633,0.24543693661689758,0.6427379846572876,0.0,0.0,0.0,0.0,0.0,0.0,0.0,0.0,0.0,0.0,0.0,-18.829999923706055,-312.0400085449219,-104.91000366210938,0.0
1781051292.6788123,605477,1781051292,673669441,base_link,"['wheel_left_joint', 'wheel_right_joint', 'joint1', 'joint2', 'joint3', 'joint4', 'gripper']",0.010737867094576359,0.016873791813850403,-0.015339808538556099,-0.8574953079223633,0.24543693661689758,0.6427379846572876,0.0,0.0,0.0,0.0,0.0,0.0,0.0,0.0,0.0,0.0,0.0,-18.829999923706055,-317.4200134277344,-104.91000366210938,0.0
1781051292.7318563,605478,1781051292,707669441,base_link,"['wheel_left_joint', 'wheel_right_joint', 'joint1', 'joint2', 'joint3', 'joint4', 'gripper']",0.010737867094576359,0.016873791813850403,-0.015339808538556099,-0.8574953079223633,0.24543693661689758,0.6427379846572876,0.0,0.0,0.0,0.0,0.0,0.0,0.0,0.0,0.0,0.0,0.0,-21.520000457763672,-314.7300109863281,-107.60000610351562,0.0
1781051292.7596092,605479,1781051292,755669441,base_link,"['wheel_left_joint', 'wheel_right_joint', 'joint1', 'joint2', 'joint3', 'joint4', 'gripper']",0.010737867094576359,0.016873791813850403,-0.015339808538556099,-0.8574953079223633,0.24543693661689758,0.6427379846572876,0.0,0.0,0.0,0.0,0.0,0.0,0.0,0.0,0.0,0.0,0.0,-21.520000457763672,-314.7300109863281,-104.91000366210938,0.0
1781051292.812606,605480,1781051292,789669441,base_link,"['wheel_left_joint', 'wheel_right_joint', 'joint1', 'joint2', 'joint3', 'joint4', 'gripper']",0.010737867094576359,0.016873791813850403,-0.015339808538556099,-0.8574953079223633,0.24543693661689758,0.6427379846572876,0.0,0.0,0.0,0.0,0.0,0.0,0.0,0.0,0.0,0.0,0.0,-21.520000457763672,-312.0400085449219,-104.91000366210938,0.0
1781051292.8575056,605481,1781051292,848669441,base_link,"['wheel_left_joint', 'wheel_right_joint', 'joint1', 'joint2', 'joint3', 'joint4', 'gripper']",0.010737867094576359,0.016873791813850403,-0.015339808538556099,-0.8574953079223633,0.24543693661689758,0.6427379846572876,0.0,0.0,0.0,0.0,0.0,0.0,0.0,0.0,0.0,0.0,0.0,-18.829999923706055,-312.0400085449219,-104.91000366210938,0.0
1781051292.9032514,605482,1781051292,882669441,base_link,"['wheel_left_joint', 'wheel_right_joint', 'joint1', 'joint2', 'joint3', 'joint4', 'gripper']",0.010737867094576359,0.016873791813850403,-0.015339808538556099,-0.8574953079223633,0.24543693661689758,0.6427379846572876,0.0,0.0,0.0,0.0,0.0,0.0,0.0,0.0,0.0,0.0,0.0,-18.829999923706055,-312.0400085449219,-107.60000610351562,0.0
1781051292.9322135,605483,1781051292,925669441,base_link,"['wheel_left_joint', 'wheel_right_joint', 'joint1', 'joint2', 'joint3', 'joint4', 'gripper']",0.010737867094576359,0.016873791813850403,-0.015339808538556099,-0.8574953079223633,0.24543693661689758,0.6427379846572876,0.0,0.0,0.0,0.0,0.0,0.0,0.0,0.0,0.0,0.0,0.0,-21.520000457763672,-314.7300109863281,-104.91000366210938,0.0
1781051292.9767318,605484,1781051292,959669441,base_link,"['wheel_left_joint', 'wheel_right_joint', 'joint1', 'joint2', 'joint3', 'joint4', 'gripper']",0.010737867094576359,0.016873791813850403,-0.015339808538556099,-0.8574953079223633,0.24543693661689758,0.6427379846572876,0.0,0.0,0.0,0.0,0.0,0.0,0.0,0.0,0.0,0.0,0.0,-18.829999923706055,-312.0400085449219,-104.91000366210938,0.0
1781051293.0245526,605485,1781051293,18669441,base_link,"['wheel_left_joint', 'wheel_right_joint', 'joint1', 'joint2', 'joint3', 'joint4', 'gripper']",0.010737867094576359,0.016873791813850403,-0.015339808538556099,-0.8574953079223633,0.24543693661689758,0.6427379846572876,0.0,0.0,0.0,0.0,0.0,0.0,0.0,0.0,0.0,0.0,0.0,-18.829999923706055,-312.0400085449219,-104.91000366210938,0.0
1781051293.0728664,605486,1781051293,52669441,base_link,"['wheel_left_joint', 'wheel_right_joint', 'joint1', 'joint2', 'joint3', 'joint4', 'gripper']",0.010737867094576359,0.016873791813850403,-0.015339808538556099,-0.8574953079223633,0.24543693661689758,0.644271969795227,0.0,0.0,0.0,0.0,0.0,0.0,0.0,0.0,0.0,0.0,0.0,-18.829999923706055,-314.7300109863281,-104.91000366210938,0.0
1781051293.1101632,605487,1781051293,103669441,base_link,"['wheel_left_joint', 'wheel_right_joint', 'joint1', 'joint2', 'joint3', 'joint4', 'gripper']",0.010737867094576359,0.016873791813850403,-0.015339808538556099,-0.8574953079223633,0.24543693661689758,0.6427379846572876,0.0,0.0,0.0,0.0,0.0,0.0,0.0,0.0,0.0,0.0,0.0,-21.520000457763672,-312.0400085449219,-107.60000610351562,0.0
1781051293.1584957,605488,1781051293,137669441,base_link,"['wheel_left_joint', 'wheel_right_joint', 'joint1', 'joint2', 'joint3', 'joint4', 'gripper']",0.010737867094576359,0.016873791813850403,-0.015339808538556099,-0.8574953079223633,0.24543693661689758,0.6427379846572876,0.0,0.0,0.0,0.0,0.0,0.0,0.0,0.0,0.0,0.0,0.0,-21.520000457763672,-314.7300109863281,-104.91000366210938,0.0
1781051293.1948981,605489,1781051293,183669441,base_link,"['wheel_left_joint', 'wheel_right_joint', 'joint1', 'joint2', 'joint3', 'joint4', 'gripper']",0.010737867094576359,0.016873791813850403,-0.015339808538556099,-0.8574953079223633,0.24543693661689758,0.6427379846572876,0.0,0.0,0.0,0.0,0.0,0.0,0.0,0.0,0.0,0.0,0.0,-18.829999923706055,-314.7300109863281,-104.91000366210938,0.0
1781051293.2407622,605490,1781051293,217669441,base_link,"['wheel_left_joint', 'wheel_right_joint', 'joint1', 'joint2', 'joint3', 'joint4', 'gripper']",0.010737867094576359,0.016873791813850403,-0.015339808538556099,-0.8574953079223633,0.24543693661689758,0.6427379846572876,0.0,0.0,0.0,0.0,0.0,0.0,0.0,0.0,0.0,0.0,0.0,-21.520000457763672,-314.7300109863281,-104.91000366210938,0.0
1781051293.2670858,605491,1781051293,258669441,base_link,"['wheel_left_joint', 'wheel_right_joint', 'joint1', 'joint2', 'joint3', 'joint4', 'gripper']",0.010737867094576359,0.016873791813850403,-0.015339808538556099,-0.8574953079223633,0.24543693661689758,0.6427379846572876,0.0,0.0,0.0,0.0,0.0,0.0,0.0,0.0,0.0,0.0,0.0,-18.829999923706055,-314.7300109863281,-104.91000366210938,0.0
1781051293.3163774,605492,1781051293,292669441,base_link,"['wheel_left_joint', 'wheel_right_joint', 'joint1', 'joint2', 'joint3', 'joint4', 'gripper']",0.010737867094576359,0.016873791813850403,-0.015339808538556099,-0.8574953079223633,0.24543693661689758,0.6427379846572876,0.0,0.0,0.0,0.0,0.0,0.0,0.0,0.0,0.0,0.0,0.0,-18.829999923706055,-312.0400085449219,-102.22000122070312,0.0
1781051293.3408015,605493,1781051293,332669441,base_link,"['wheel_left_joint', 'wheel_right_joint', 'joint1', 'joint2', 'joint3', 'joint4', 'gripper']",0.010737867094576359,0.016873791813850403,-0.015339808538556099,-0.8574953079223633,0.24543693661689758,0.6427379846572876,0.0,0.0,0.0,0.0,0.0,0.0,0.0,0.0,0.0,0.0,0.0,-21.520000457763672,-312.0400085449219,-104.91000366210938,0.0
1781051293.3896291,605494,1781051293,366669441,base_link,"['wheel_left_joint', 'wheel_right_joint', 'joint1', 'joint2', 'joint3', 'joint4', 'gripper']",0.010737867094576359,0.016873791813850403,-0.015339808538556099,-0.8574953079223633,0.24543693661689758,0.6427379846572876,0.0,0.0,0.0,0.0,0.0,0.0,0.0,0.0,0.0,0.0,0.0,-18.829999923706055,-314.7300109863281,-104.91000366210938,0.0
1781051293.415472,605495,1781051293,406669441,base_link,"['wheel_left_joint', 'wheel_right_joint', 'joint1', 'joint2', 'joint3', 'joint4', 'gripper']",0.010737867094576359,0.016873791813850403,-0.015339808538556099,-0.8574953079223633,0.24543693661689758,0.6427379846572876,0.0,0.0,0.0,0.0,0.0,0.0,0.0,0.0,0.0,0.0,0.0,-18.829999923706055,-314.7300109863281,-104.91000366210938,0.0
1781051293.4647102,605496,1781051293,440669441,base_link,"['wheel_left_joint', 'wheel_right_joint', 'joint1', 'joint2', 'joint3', 'joint4', 'gripper']",0.010737867094576359,0.016873791813850403,-0.015339808538556099,-0.8574953079223633,0.24543693661689758,0.6427379846572876,0.0,0.0,0.0,0.0,0.0,0.0,0.0,0.0,0.0,0.0,0.0,-21.520000457763672,-312.0400085449219,-104.91000366210938,0.0
1781051293.4889538,605497,1781051293,485669441,base_link,"['wheel_left_joint', 'wheel_right_joint', 'joint1', 'joint2', 'joint3', 'joint4', 'gripper']",0.010737867094576359,0.016873791813850403,-0.015339808538556099,-0.8574953079223633,0.24543693661689758,0.6427379846572876,0.0,0.0,0.0,0.0,0.0,0.0,0.0,0.0,0.0,0.0,0.0,-21.520000457763672,-312.0400085449219,-104.91000366210938,0.0
1781051293.536061,605498,1781051293,519669441,base_link,"['wheel_left_joint', 'wheel_right_joint', 'joint1', 'joint2', 'joint3', 'joint4', 'gripper']",0.010737867094576359,0.016873791813850403,-0.015339808538556099,-0.8574953079223633,0.24543693661689758,0.6427379846572876,0.0,0.0,0.0,0.0,0.0,0.0,0.0,0.0,0.0,0.0,0.0,-21.520000457763672,-312.0400085449219,-104.91000366210938,0.0
1781051293.5858476,605499,1781051293,577669441,base_link,"['wheel_left_joint', 'wheel_right_joint', 'joint1', 'joint2', 'joint3', 'joint4', 'gripper']",0.010737867094576359,0.016873791813850403,-0.015339808538556099,-0.8574953079223633,0.24543693661689758,0.6427379846572876,0.0,0.0,0.0,0.0,0.0,0.0,0.0,0.0,0.0,0.0,0.0,-21.520000457763672,-312.0400085449219,-107.60000610351562,0.0
1781051293.6313543,605500,1781051293,611669441,base_link,"['wheel_left_joint', 'wheel_right_joint', 'joint1', 'joint2', 'joint3', 'joint4', 'gripper']",0.010737867094576359,0.016873791813850403,-0.015339808538556099,-0.8574953079223633,0.24543693661689758,0.6427379846572876,0.0,0.0,0.0,0.0,0.0,0.0,0.0,0.0,0.0,0.0,0.0,-18.829999923706055,-314.7300109863281,-104.91000366210938,0.0
1781051293.6634538,605501,1781051293,657669441,base_link,"['wheel_left_joint', 'wheel_right_joint', 'joint1', 'joint2', 'joint3', 'joint4', 'gripper']",0.010737867094576359,0.016873791813850403,-0.015339808538556099,-0.8574953079223633,0.24543693661689758,0.6427379846572876,0.0,0.0,0.0,0.0,0.0,0.0,0.0,0.0,0.0,0.0,0.0,-21.520000457763672,-312.0400085449219,-104.91000366210938,0.0
1781051293.7123544,605502,1781051293,691669441,base_link,"['wheel_left_joint', 'wheel_right_joint', 'joint1', 'joint2', 'joint3', 'joint4', 'gripper']",0.010737867094576359,0.016873791813850403,-0.015339808538556099,-0.8574953079223633,0.24543693661689758,0.6427379846572876,0.0,0.0,0.0,0.0,0.0,0.0,0.0,0.0,0.0,0.0,0.0,-21.520000457763672,-312.0400085449219,-104.91000366210938,0.0
1781051293.750821,605503,1781051293,745669441,base_link,"['wheel_left_joint', 'wheel_right_joint', 'joint1', 'joint2', 'joint3', 'joint4', 'gripper']",0.010737867094576359,0.016873791813850403,-0.015339808538556099,-0.8574953079223633,0.24543693661689758,0.6427379846572876,0.0,0.0,0.0,0.0,0.0,0.0,0.0,0.0,0.0,0.0,0.0,-21.520000457763672,-312.0400085449219,-104.91000366210938,0.0
1781051293.799905,605504,1781051293,779669441,base_link,"['wheel_left_joint', 'wheel_right_joint', 'joint1', 'joint2', 'joint3', 'joint4', 'gripper']",0.010737867094576359,0.016873791813850403,-0.015339808538556099,-0.8574953079223633,0.24543693661689758,0.6427379846572876,0.0,0.0,0.0,0.0,0.0,0.0,0.0,0.0,0.0,0.0,0.0,-21.520000457763672,-314.7300109863281,-104.91000366210938,0.0
1781051293.8386636,605505,1781051293,833669441,base_link,"['wheel_left_joint', 'wheel_right_joint', 'joint1', 'joint2', 'joint3', 'joint4', 'gripper']",0.010737867094576359,0.016873791813850403,-0.015339808538556099,-0.8574953079223633,0.24543693661689758,0.6427379846572876,0.0,0.0,0.0,0.0,0.0,0.0,0.0,0.0,0.0,0.0,0.0,-18.829999923706055,-312.0400085449219,-104.91000366210938,0.0
1781051293.884734,605506,1781051293,867669441,base_link,"['wheel_left_joint', 'wheel_right_joint', 'joint1', 'joint2', 'joint3', 'joint4', 'gripper']",0.010737867094576359,0.016873791813850403,-0.015339808538556099,-0.8574953079223633,0.24543693661689758,0.6427379846572876,0.0,0.0,0.0,0.0,0.0,0.0,0.0,0.0,0.0,0.0,0.0,-18.829999923706055,-312.0400085449219,-104.91000366210938,0.0
1781051293.9214814,605507,1781051293,919669441,base_link,"['wheel_left_joint', 'wheel_right_joint', 'joint1', 'joint2', 'joint3', 'joint4', 'gripper']",0.010737867094576359,0.016873791813850403,-0.015339808538556099,-0.8574953079223633,0.24543693661689758,0.6427379846572876,0.0,0.0,0.0,0.0,0.0,0.0,0.0,0.0,0.0,0.0,0.0,-18.829999923706055,-312.0400085449219,-107.60000610351562,0.0
1781051293.9688065,605508,1781051293,953669441,base_link,"['wheel_left_joint', 'wheel_right_joint', 'joint1', 'joint2', 'joint3', 'joint4', 'gripper']",0.010737867094576359,0.016873791813850403,-0.015339808538556099,-0.8574953079223633,0.24543693661689758,0.6427379846572876,0.0,0.0,0.0,0.0,0.0,0.0,0.0,0.0,0.0,0.0,0.0,-18.829999923706055,-314.7300109863281,-104.91000366210938,0.0
1781051294.0160797,605509,1781051293,987669441,base_link,"['wheel_left_joint', 'wheel_right_joint', 'joint1', 'joint2', 'joint3', 'joint4', 'gripper']",0.010737867094576359,0.016873791813850403,-0.015339808538556099,-0.8574953079223633,0.24543693661689758,0.6427379846572876,0.0,0.0,0.0,0.0,0.0,0.0,0.0,0.0,0.0,0.0,0.0,-18.829999923706055,-312.0400085449219,-107.60000610351562,0.0
1781051294.0385303,605510,1781051294,28669441,base_link,"['wheel_left_joint', 'wheel_right_joint', 'joint1', 'joint2', 'joint3', 'joint4', 'gripper']",0.010737867094576359,0.016873791813850403,-0.015339808538556099,-0.8574953079223633,0.24543693661689758,0.6427379846572876,0.0,0.0,0.0,0.0,0.0,0.0,0.0,0.0,0.0,0.0,0.0,-21.520000457763672,-312.0400085449219,-104.91000366210938,0.0
1781051294.0952713,605511,1781051294,62669441,base_link,"['wheel_left_joint', 'wheel_right_joint', 'joint1', 'joint2', 'joint3', 'joint4', 'gripper']",0.010737867094576359,0.016873791813850403,-0.015339808538556099,-0.8574953079223633,0.24543693661689758,0.6427379846572876,0.0,0.0,0.0,0.0,0.0,0.0,0.0,0.0,0.0,0.0,0.0,-21.520000457763672,-314.7300109863281,-104.91000366210938,0.0
1781051294.1141813,605512,1781051294,121263830,base_link,"['wheel_left_joint', 'wheel_right_joint', 'joint1', 'joint2', 'joint3', 'joint4', 'gripper']",0.010737867094576359,0.016873791813850403,-0.015339808538556099,-0.8574953079223633,0.24543693661689758,0.644271969795227,0.0,0.0,0.0,0.0,0.0,0.0,0.0,0.0,0.0,0.0,0.0,-18.829999923706055,-314.7300109863281,-104.91000366210938,0.0
1781051294.1671035,605513,1781051294,155263830,base_link,"['wheel_left_joint', 'wheel_right_joint', 'joint1', 'joint2', 'joint3', 'joint4', 'gripper']",0.010737867094576359,0.016873791813850403,-0.015339808538556099,-0.8574953079223633,0.24543693661689758,0.6427379846572876,0.0,0.0,0.0,0.0,0.0,0.0,0.0,0.0,0.0,0.0,0.0,-18.829999923706055,-312.0400085449219,-104.91000366210938,0.0
1781051294.193174,605514,1781051294,197263830,base_link,"['wheel_left_joint', 'wheel_right_joint', 'joint1', 'joint2', 'joint3', 'joint4', 'gripper']",0.010737867094576359,0.016873791813850403,-0.015339808538556099,-0.8574953079223633,0.24543693661689758,0.6427379846572876,0.0,0.0,0.0,0.0,0.0,0.0,0.0,0.0,0.0,0.0,0.0,-21.520000457763672,-312.0400085449219,-104.91000366210938,0.0
1781051294.2410176,605515,1781051294,231263830,base_link,"['wheel_left_joint', 'wheel_right_joint', 'joint1', 'joint2', 'joint3', 'joint4', 'gripper']",0.010737867094576359,0.016873791813850403,-0.015339808538556099,-0.8574953079223633,0.24543693661689758,0.6427379846572876,0.0,0.0,0.0,0.0,0.0,0.0,0.0,0.0,0.0,0.0,0.0,-21.520000457763672,-312.0400085449219,-104.91000366210938,0.0
1781051294.2680132,605516,1781051294,273263830,base_link,"['wheel_left_joint', 'wheel_right_joint', 'joint1', 'joint2', 'joint3', 'joint4', 'gripper']",0.010737867094576359,0.016873791813850403,-0.015339808538556099,-0.8574953079223633,0.24543693661689758,0.6427379846572876,0.0,0.0,0.0,0.0,0.0,0.0,0.0,0.0,0.0,0.0,0.0,-18.829999923706055,-312.0400085449219,-107.60000610351562,0.0
1781051294.314939,605517,1781051294,307263830,base_link,"['wheel_left_joint', 'wheel_right_joint', 'joint1', 'joint2', 'joint3', 'joint4', 'gripper']",0.010737867094576359,0.016873791813850403,-0.015339808538556099,-0.8574953079223633,0.24543693661689758,0.6427379846572876,0.0,0.0,0.0,0.0,0.0,0.0,0.0,0.0,0.0,0.0,0.0,-21.520000457763672,-312.0400085449219,-104.91000366210938,0.0
1781051294.361986,605518,1781051294,363263830,base_link,"['wheel_left_joint', 'wheel_right_joint', 'joint1', 'joint2', 'joint3', 'joint4', 'gripper']",0.010737867094576359,0.016873791813850403,-0.015339808538556099,-0.8574953079223633,0.24543693661689758,0.6427379846572876,0.0,0.0,0.0,0.0,0.0,0.0,0.0,0.0,0.0,0.0,0.0,-18.829999923706055,-314.7300109863281,-104.91000366210938,0.0
1781051294.410364,605519,1781051294,397263830,base_link,"['wheel_left_joint', 'wheel_right_joint', 'joint1', 'joint2', 'joint3', 'joint4', 'gripper']",0.010737867094576359,0.016873791813850403,-0.015339808538556099,-0.8574953079223633,0.24543693661689758,0.644271969795227,0.0,0.0,0.0,0.0,0.0,0.0,0.0,0.0,0.0,0.0,0.0,-21.520000457763672,-314.7300109863281,-104.91000366210938,0.0
1781051294.4384155,605520,1781051294,439263830,base_link,"['wheel_left_joint', 'wheel_right_joint', 'joint1', 'joint2', 'joint3', 'joint4', 'gripper']",0.010737867094576359,0.016873791813850403,-0.015339808538556099,-0.8574953079223633,0.24543693661689758,0.6427379846572876,0.0,0.0,0.0,0.0,0.0,0.0,0.0,0.0,0.0,0.0,0.0,-21.520000457763672,-312.0400085449219,-104.91000366210938,0.0
1781051294.4853368,605521,1781051294,473263830,base_link,"['wheel_left_joint', 'wheel_right_joint', 'joint1', 'joint2', 'joint3', 'joint4', 'gripper']",0.010737867094576359,0.016873791813850403,-0.015339808538556099,-0.8574953079223633,0.24543693661689758,0.6427379846572876,0.0,0.0,0.0,0.0,0.0,0.0,0.0,0.0,0.0,0.0,0.0,-21.520000457763672,-312.0400085449219,-107.60000610351562,0.0
1781051294.5108116,605522,1781051294,516263830,base_link,"['wheel_left_joint', 'wheel_right_joint', 'joint1', 'joint2', 'joint3', 'joint4', 'gripper']",0.010737867094576359,0.016873791813850403,-0.015339808538556099,-0.8574953079223633,0.24543693661689758,0.6427379846572876,0.0,0.0,0.0,0.0,0.0,0.0,0.0,0.0,0.0,0.0,0.0,-21.520000457763672,-314.7300109863281,-104.91000366210938,0.0
1781051294.5582118,605523,1781051294,550263830,base_link,"['wheel_left_joint', 'wheel_right_joint', 'joint1', 'joint2', 'joint3', 'joint4', 'gripper']",0.010737867094576359,0.016873791813850403,-0.015339808538556099,-0.8574953079223633,0.24543693661689758,0.6427379846572876,0.0,0.0,0.0,0.0,0.0,0.0,0.0,0.0,0.0,0.0,0.0,-21.520000457763672,-317.4200134277344,-110.29000091552734,0.0
1781051294.5861127,605524,1781051294,592263830,base_link,"['wheel_left_joint', 'wheel_right_joint', 'joint1', 'joint2', 'joint3', 'joint4', 'gripper']",0.010737867094576359,0.016873791813850403,-0.015339808538556099,-0.8574953079223633,0.24543693661689758,0.6427379846572876,0.0,0.0,0.0,0.0,0.0,0.0,0.0,0.0,0.0,0.0,0.0,-18.829999923706055,-314.7300109863281,-104.91000366210938,0.0
1781051294.6329124,605525,1781051294,626263830,base_link,"['wheel_left_joint', 'wheel_right_joint', 'joint1', 'joint2', 'joint3', 'joint4', 'gripper']",0.010737867094576359,0.016873791813850403,-0.015339808538556099,-0.8574953079223633,0.24543693661689758,0.6427379846572876,0.0,0.0,0.0,0.0,0.0,0.0,0.0,0.0,0.0,0.0,0.0,-18.829999923706055,-314.7300109863281,-104.91000366210938,0.0
1781051294.680502,605526,1781051294,684263830,base_link,"['wheel_left_joint', 'wheel_right_joint', 'joint1', 'joint2', 'joint3', 'joint4', 'gripper']",0.010737867094576359,0.016873791813850403,-0.015339808538556099,-0.8574953079223633,0.24543693661689758,0.6427379846572876,0.0,0.0,0.0,0.0,0.0,0.0,0.0,0.0,0.0,0.0,0.0,-18.829999923706055,-314.7300109863281,-104.91000366210938,0.0
1781051294.7307382,605527,1781051294,718263830,base_link,"['wheel_left_joint', 'wheel_right_joint', 'joint1', 'joint2', 'joint3', 'joint4', 'gripper']",0.010737867094576359,0.016873791813850403,-0.015339808538556099,-0.8574953079223633,0.24543693661689758,0.6427379846572876,0.0,0.0,0.0,0.0,0.0,0.0,0.0,0.0,0.0,0.0,0.0,-21.520000457763672,-312.0400085449219,-104.91000366210938,0.0
1781051294.766417,605528,1781051294,765263830,base_link,"['wheel_left_joint', 'wheel_right_joint', 'joint1', 'joint2', 'joint3', 'joint4', 'gripper']",0.010737867094576359,0.016873791813850403,-0.015339808538556099,-0.8574953079223633,0.24543693661689758,0.6427379846572876,0.0,0.0,0.0,0.0,0.0,0.0,0.0,0.0,0.0,0.0,0.0,-18.829999923706055,-312.0400085449219,-107.60000610351562,0.0
1781051294.8146644,605529,1781051294,798263830,base_link,"['wheel_left_joint', 'wheel_right_joint', 'joint1', 'joint2', 'joint3', 'joint4', 'gripper']",0.010737867094576359,0.016873791813850403,-0.015339808538556099,-0.8574953079223633,0.24543693661689758,0.6427379846572876,0.0,0.0,0.0,0.0,0.0,0.0,0.0,0.0,0.0,0.0,0.0,-16.139999389648438,-312.0400085449219,-104.91000366210938,0.0
1781051294.8408616,605530,1781051294,844263830,base_link,"['wheel_left_joint', 'wheel_right_joint', 'joint1', 'joint2', 'joint3', 'joint4', 'gripper']",0.010737867094576359,0.016873791813850403,-0.015339808538556099,-0.8574953079223633,0.24543693661689758,0.6427379846572876,0.0,0.0,0.0,0.0,0.0,0.0,0.0,0.0,0.0,0.0,0.0,-21.520000457763672,-312.0400085449219,-104.91000366210938,0.0
1781051294.8885205,605531,1781051294,877263830,base_link,"['wheel_left_joint', 'wheel_right_joint', 'joint1', 'joint2', 'joint3', 'joint4', 'gripper']",0.010737867094576359,0.016873791813850403,-0.015339808538556099,-0.8574953079223633,0.24543693661689758,0.6427379846572876,0.0,0.0,0.0,0.0,0.0,0.0,0.0,0.0,0.0,0.0,0.0,-18.829999923706055,-312.0400085449219,-104.91000366210938,0.0
1781051294.9152844,605532,1781051294,917263830,base_link,"['wheel_left_joint', 'wheel_right_joint', 'joint1', 'joint2', 'joint3', 'joint4', 'gripper']",0.010737867094576359,0.016873791813850403,-0.015339808538556099,-0.8574953079223633,0.24543693661689758,0.6427379846572876,0.0,0.0,0.0,0.0,0.0,0.0,0.0,0.0,0.0,0.0,0.0,-18.829999923706055,-317.4200134277344,-104.91000366210938,0.0
1781051294.9616435,605533,1781051294,951263830,base_link,"['wheel_left_joint', 'wheel_right_joint', 'joint1', 'joint2', 'joint3', 'joint4', 'gripper']",0.010737867094576359,0.016873791813850403,-0.015339808538556099,-0.8574953079223633,0.24543693661689758,0.6427379846572876,0.0,0.0,0.0,0.0,0.0,0.0,0.0,0.0,0.0,0.0,0.0,-18.829999923706055,-314.7300109863281,-104.91000366210938,0.0
1781051294.9884105,605534,1781051294,994263830,base_link,"['wheel_left_joint', 'wheel_right_joint', 'joint1', 'joint2', 'joint3', 'joint4', 'gripper']",0.010737867094576359,0.016873791813850403,-0.015339808538556099,-0.8574953079223633,0.24543693661689758,0.644271969795227,0.0,0.0,0.0,0.0,0.0,0.0,0.0,0.0,0.0,0.0,0.0,-18.829999923706055,-312.0400085449219,-104.91000366210938,0.0
1781051295.0351024,605535,1781051295,28263830,base_link,"['wheel_left_joint', 'wheel_right_joint', 'joint1', 'joint2', 'joint3', 'joint4', 'gripper']",0.010737867094576359,0.016873791813850403,-0.015339808538556099,-0.8574953079223633,0.24543693661689758,0.6427379846572876,0.0,0.0,0.0,0.0,0.0,0.0,0.0,0.0,0.0,0.0,0.0,-18.829999923706055,-312.0400085449219,-104.91000366210938,0.0
1781051295.086633,605536,1781051295,83263830,base_link,"['wheel_left_joint', 'wheel_right_joint', 'joint1', 'joint2', 'joint3', 'joint4', 'gripper']",0.010737867094576359,0.016873791813850403,-0.015339808538556099,-0.8574953079223633,0.24543693661689758,0.6427379846572876,0.0,0.0,0.0,0.0,0.0,0.0,0.0,0.0,0.0,0.0,0.0,-21.520000457763672,-314.7300109863281,-104.91000366210938,0.0
1781051295.1304793,605537,1781051295,117263830,base_link,"['wheel_left_joint', 'wheel_right_joint', 'joint1', 'joint2', 'joint3', 'joint4', 'gripper']",0.010737867094576359,0.016873791813850403,-0.016873789951205254,-0.8574953079223633,0.24543693661689758,0.6427379846572876,0.0,0.0,0.0,0.0,0.0,0.0,0.0,0.0,0.0,0.0,0.0,-21.520000457763672,-312.0400085449219,-104.91000366210938,0.0
1781051295.1522224,605538,1781051295,159263830,base_link,"['wheel_left_joint', 'wheel_right_joint', 'joint1', 'joint2', 'joint3', 'joint4', 'gripper']",0.010737867094576359,0.016873791813850403,-0.015339808538556099,-0.8574953079223633,0.24543693661689758,0.6427379846572876,0.0,0.0,0.0,0.0,0.0,0.0,0.0,0.0,0.0,0.0,0.0,-21.520000457763672,-314.7300109863281,-104.91000366210938,0.0
1781051295.2000918,605539,1781051295,193263830,base_link,"['wheel_left_joint', 'wheel_right_joint', 'joint1', 'joint2', 'joint3', 'joint4', 'gripper']",0.010737867094576359,0.016873791813850403,-0.015339808538556099,-0.8574953079223633,0.24543693661689758,0.6427379846572876,0.0,0.0,0.0,0.0,0.0,0.0,0.0,0.0,0.0,0.0,0.0,-18.829999923706055,-312.0400085449219,-104.91000366210938,0.0
1781051295.236557,605540,1781051295,237263830,base_link,"['wheel_left_joint', 'wheel_right_joint', 'joint1', 'joint2', 'joint3', 'joint4', 'gripper']",0.010737867094576359,0.016873791813850403,-0.015339808538556099,-0.8574953079223633,0.24543693661689758,0.644271969795227,0.0,0.0,0.0,0.0,0.0,0.0,0.0,0.0,0.0,0.0,0.0,-18.829999923706055,-312.0400085449219,-107.60000610351562,0.0
1781051295.2832491,605541,1781051295,271263830,base_link,"['wheel_left_joint', 'wheel_right_joint', 'joint1', 'joint2', 'joint3', 'joint4', 'gripper']",0.010737867094576359,0.016873791813850403,-0.015339808538556099,-0.8574953079223633,0.24543693661689758,0.6427379846572876,0.0,0.0,0.0,0.0,0.0,0.0,0.0,0.0,0.0,0.0,-2.690000057220459,-18.829999923706055,-312.0400085449219,-104.91000366210938,0.0
1781051295.3108997,605542,1781051295,317263830,base_link,"['wheel_left_joint', 'wheel_right_joint', 'joint1', 'joint2', 'joint3', 'joint4', 'gripper']",0.010737867094576359,0.016873791813850403,-0.015339808538556099,-0.8574953079223633,0.24543693661689758,0.644271969795227,0.0,0.0,0.0,0.0,0.0,0.0,0.0,0.0,0.0,0.0,0.0,-18.829999923706055,-314.7300109863281,-104.91000366210938,0.0
1781051295.3566527,605543,1781051295,351263830,base_link,"['wheel_left_joint', 'wheel_right_joint', 'joint1', 'joint2', 'joint3', 'joint4', 'gripper']",0.010737867094576359,0.016873791813850403,-0.015339808538556099,-0.8574953079223633,0.24543693661689758,0.6427379846572876,0.0,0.0,0.0,0.0,0.0,0.0,0.0,0.0,0.0,0.0,0.0,-21.520000457763672,-314.7300109863281,-104.91000366210938,0.0
1781051295.4062743,605544,1781051295,384263830,base_link,"['wheel_left_joint', 'wheel_right_joint', 'joint1', 'joint2', 'joint3', 'joint4', 'gripper']",0.010737867094576359,0.016873791813850403,-0.015339808538556099,-0.8574953079223633,0.24543693661689758,0.6427379846572876,0.0,0.0,0.0,0.0,0.0,0.0,0.0,0.0,0.0,0.0,0.0,-16.139999389648438,-312.0400085449219,-104.91000366210938,0.0
1781051295.4255009,605545,1781051295,425263830,base_link,"['wheel_left_joint', 'wheel_right_joint', 'joint1', 'joint2', 'joint3', 'joint4', 'gripper']",0.010737867094576359,0.016873791813850403,-0.015339808538556099,-0.8574953079223633,0.24543693661689758,0.6427379846572876,0.0,0.0,0.0,0.0,0.0,0.0,0.0,0.0,0.0,0.0,0.0,-18.829999923706055,-312.0400085449219,-104.91000366210938,0.0
1781051295.4724631,605546,1781051295,459263830,base_link,"['wheel_left_joint', 'wheel_right_joint', 'joint1', 'joint2', 'joint3', 'joint4', 'gripper']",0.010737867094576359,0.016873791813850403,-0.015339808538556099,-0.8574953079223633,0.24543693661689758,0.6427379846572876,0.0,0.0,0.0,0.0,0.0,0.0,0.0,0.0,0.0,0.0,0.0,-18.829999923706055,-314.7300109863281,-104.91000366210938,0.0
1781051295.5000937,605547,1781051295,502263830,base_link,"['wheel_left_joint', 'wheel_right_joint', 'joint1', 'joint2', 'joint3', 'joint4', 'gripper']",0.010737867094576359,0.016873791813850403,-0.015339808538556099,-0.8574953079223633,0.24543693661689758,0.6427379846572876,0.0,0.0,0.0,0.0,0.0,0.0,0.0,0.0,0.0,0.0,0.0,-18.829999923706055,-314.7300109863281,-104.91000366210938,0.0
1781051295.5465157,605548,1781051295,536263830,base_link,"['wheel_left_joint', 'wheel_right_joint', 'joint1', 'joint2', 'joint3', 'joint4', 'gripper']",0.010737867094576359,0.016873791813850403,-0.015339808538556099,-0.8574953079223633,0.24543693661689758,0.6427379846572876,0.0,0.0,0.0,0.0,0.0,0.0,0.0,0.0,0.0,0.0,0.0,-21.520000457763672,-312.0400085449219,-104.91000366210938,0.0
1781051295.5738277,605549,1781051295,578263830,base_link,"['wheel_left_joint', 'wheel_right_joint', 'joint1', 'joint2', 'joint3', 'joint4', 'gripper']",0.010737867094576359,0.016873791813850403,-0.015339808538556099,-0.8574953079223633,0.24543693661689758,0.644271969795227,0.0,0.0,0.0,0.0,0.0,0.0,0.0,0.0,0.0,0.0,0.0,-18.829999923706055,-312.0400085449219,-104.91000366210938,0.0
1781051295.6271403,605550,1781051295,612263830,base_link,"['wheel_left_joint', 'wheel_right_joint', 'joint1', 'joint2', 'joint3', 'joint4', 'gripper']",0.010737867094576359,0.016873791813850403,-0.015339808538556099,-0.8574953079223633,0.24543693661689758,0.6427379846572876,0.0,0.0,0.0,0.0,0.0,0.0,0.0,0.0,0.0,0.0,0.0,-21.520000457763672,-312.0400085449219,-104.91000366210938,0.0
1781051295.6627934,605551,1781051295,666263830,base_link,"['wheel_left_joint', 'wheel_right_joint', 'joint1', 'joint2', 'joint3', 'joint4', 'gripper']",0.010737867094576359,0.016873791813850403,-0.015339808538556099,-0.8574953079223633,0.24543693661689758,0.6427379846572876,0.0,0.0,0.0,0.0,0.0,0.0,0.0,0.0,0.0,0.0,0.0,-21.520000457763672,-312.0400085449219,-104.91000366210938,0.0
1781051295.7132485,605552,1781051295,700263830,base_link,"['wheel_left_joint', 'wheel_right_joint', 'joint1', 'joint2', 'joint3', 'joint4', 'gripper']",0.010737867094576359,0.016873791813850403,-0.015339808538556099,-0.8574953079223633,0.24543693661689758,0.6427379846572876,0.0,0.0,0.0,0.0,0.0,0.0,0.0,0.0,0.0,0.0,0.0,-18.829999923706055,-312.0400085449219,-104.91000366210938,0.0
1781051295.737686,605553,1781051295,744263830,base_link,"['wheel_left_joint', 'wheel_right_joint', 'joint1', 'joint2', 'joint3', 'joint4', 'gripper']",0.010737867094576359,0.016873791813850403,-0.015339808538556099,-0.8574953079223633,0.24543693661689758,0.6427379846572876,0.0,0.0,0.0,0.0,0.0,0.0,0.0,0.0,0.0,0.0,0.0,-18.829999923706055,-314.7300109863281,-104.91000366210938,0.0
1781051295.786691,605554,1781051295,778263830,base_link,"['wheel_left_joint', 'wheel_right_joint', 'joint1', 'joint2', 'joint3', 'joint4', 'gripper']",0.010737867094576359,0.016873791813850403,-0.015339808538556099,-0.8574953079223633,0.24543693661689758,0.6427379846572876,0.0,0.0,0.0,0.0,0.0,0.0,0.0,0.0,0.0,0.0,0.0,-18.829999923706055,-312.0400085449219,-104.91000366210938,0.0
1781051295.8339508,605555,1781051295,836263830,base_link,"['wheel_left_joint', 'wheel_right_joint', 'joint1', 'joint2', 'joint3', 'joint4', 'gripper']",0.010737867094576359,0.016873791813850403,-0.015339808538556099,-0.8574953079223633,0.24543693661689758,0.6427379846572876,0.0,0.0,0.0,0.0,0.0,0.0,0.0,0.0,0.0,0.0,0.0,-18.829999923706055,-312.0400085449219,-104.91000366210938,0.0
1781051295.8603585,605556,1781051295,849263830,base_link,"['wheel_left_joint', 'wheel_right_joint', 'joint1', 'joint2', 'joint3', 'joint4', 'gripper']",0.010737867094576359,0.016873791813850403,-0.015339808538556099,-0.8574953079223633,0.24543693661689758,0.6427379846572876,0.0,0.0,0.0,0.0,0.0,0.0,0.0,0.0,0.0,0.0,0.0,-18.829999923706055,-314.7300109863281,-104.91000366210938,0.0
1781051295.908324,605557,1781051295,883263830,base_link,"['wheel_left_joint', 'wheel_right_joint', 'joint1', 'joint2', 'joint3', 'joint4', 'gripper']",0.010737867094576359,0.016873791813850403,-0.015339808538556099,-0.8574953079223633,0.24543693661689758,0.6427379846572876,0.0,0.0,0.0,0.0,0.0,0.0,0.0,0.0,0.0,0.0,0.0,-21.520000457763672,-314.7300109863281,-107.60000610351562,0.0
1781051295.929918,605558,1781051295,928263830,base_link,"['wheel_left_joint', 'wheel_right_joint', 'joint1', 'joint2', 'joint3', 'joint4', 'gripper']",0.010737867094576359,0.016873791813850403,-0.015339808538556099,-0.8574953079223633,0.24543693661689758,0.6427379846572876,0.0,0.0,0.0,0.0,0.0,0.0,0.0,0.0,0.0,0.0,0.0,-18.829999923706055,-312.0400085449219,-104.91000366210938,0.0
1781051295.982998,605559,1781051295,962263830,base_link,"['wheel_left_joint', 'wheel_right_joint', 'joint1', 'joint2', 'joint3', 'joint4', 'gripper']",0.010737867094576359,0.016873791813850403,-0.015339808538556099,-0.8574953079223633,0.24543693661689758,0.6427379846572876,0.0,0.0,0.0,0.0,0.0,0.0,0.0,0.0,0.0,0.0,0.0,-18.829999923706055,-314.7300109863281,-107.60000610351562,0.0
1781051295.9976318,605560,1781051296,4263830,base_link,"['wheel_left_joint', 'wheel_right_joint', 'joint1', 'joint2', 'joint3', 'joint4', 'gripper']",0.010737867094576359,0.016873791813850403,-0.015339808538556099,-0.8574953079223633,0.24543693661689758,0.6427379846572876,0.0,0.0,0.0,0.0,0.0,0.0,0.0,0.0,0.0,0.0,0.0,-21.520000457763672,-314.7300109863281,-104.91000366210938,0.0
1781051296.0453472,605561,1781051296,38263830,base_link,"['wheel_left_joint', 'wheel_right_joint', 'joint1', 'joint2', 'joint3', 'joint4', 'gripper']",0.010737867094576359,0.016873791813850403,-0.015339808538556099,-0.8574953079223633,0.24543693661689758,0.6427379846572876,0.0,0.0,0.0,0.0,0.0,0.0,0.0,0.0,0.0,0.0,0.0,-21.520000457763672,-312.0400085449219,-104.91000366210938,0.0
1781051296.0940216,605562,1781051296,93263830,base_link,"['wheel_left_joint', 'wheel_right_joint', 'joint1', 'joint2', 'joint3', 'joint4', 'gripper']",0.010737867094576359,0.016873791813850403,-0.015339808538556099,-0.8574953079223633,0.24543693661689758,0.6427379846572876,0.0,0.0,0.0,0.0,0.0,0.0,0.0,0.0,0.0,0.0,0.0,-21.520000457763672,-314.7300109863281,-104.91000366210938,0.0
1781051296.1417508,605563,1781051296,127263830,base_link,"['wheel_left_joint', 'wheel_right_joint', 'joint1', 'joint2', 'joint3', 'joint4', 'gripper']",0.010737867094576359,0.016873791813850403,-0.015339808538556099,-0.8574953079223633,0.24543693661689758,0.6427379846572876,0.0,0.0,0.0,0.0,0.0,0.0,0.0,0.0,0.0,0.0,0.0,-16.139999389648438,-312.0400085449219,-104.91000366210938,0.0
1781051296.1641364,605564,1781051296,171263830,base_link,"['wheel_left_joint', 'wheel_right_joint', 'joint1', 'joint2', 'joint3', 'joint4', 'gripper']",0.010737867094576359,0.016873791813850403,-0.015339808538556099,-0.8574953079223633,0.24543693661689758,0.6427379846572876,0.0,0.0,0.0,0.0,0.0,0.0,0.0,0.0,0.0,0.0,0.0,-18.829999923706055,-314.7300109863281,-104.91000366210938,0.0
1781051296.2105238,605565,1781051296,205263830,base_link,"['wheel_left_joint', 'wheel_right_joint', 'joint1', 'joint2', 'joint3', 'joint4', 'gripper']",0.010737867094576359,0.016873791813850403,-0.015339808538556099,-0.8574953079223633,0.24543693661689758,0.6427379846572876,0.0,0.0,0.0,0.0,0.0,0.0,0.0,0.0,0.0,0.0,0.0,-18.829999923706055,-312.0400085449219,-104.91000366210938,0.0
1781051296.246399,605566,1781051296,249263830,base_link,"['wheel_left_joint', 'wheel_right_joint', 'joint1', 'joint2', 'joint3', 'joint4', 'gripper']",0.010737867094576359,0.016873791813850403,-0.015339808538556099,-0.8574953079223633,0.24543693661689758,0.6427379846572876,0.0,0.0,0.0,0.0,0.0,0.0,0.0,0.0,0.0,0.0,0.0,-21.520000457763672,-312.0400085449219,-104.91000366210938,0.0
1781051296.293749,605567,1781051296,283263830,base_link,"['wheel_left_joint', 'wheel_right_joint', 'joint1', 'joint2', 'joint3', 'joint4', 'gripper']",0.010737867094576359,0.016873791813850403,-0.015339808538556099,-0.8574953079223633,0.24543693661689758,0.6427379846572876,0.0,0.0,0.0,0.0,0.0,0.0,0.0,0.0,0.0,0.0,0.0,-21.520000457763672,-312.0400085449219,-104.91000366210938,0.0
1781051296.3234162,605568,1781051296,326263830,base_link,"['wheel_left_joint', 'wheel_right_joint', 'joint1', 'joint2', 'joint3', 'joint4', 'gripper']",0.010737867094576359,0.016873791813850403,-0.015339808538556099,-0.8574953079223633,0.24543693661689758,0.6427379846572876,0.0,0.0,0.0,0.0,0.0,0.0,0.0,0.0,0.0,0.0,0.0,-21.520000457763672,-314.7300109863281,-107.60000610351562,0.0
1781051296.3743804,605569,1781051296,360263830,base_link,"['wheel_left_joint', 'wheel_right_joint', 'joint1', 'joint2', 'joint3', 'joint4', 'gripper']",0.010737867094576359,0.016873791813850403,-0.015339808538556099,-0.8574953079223633,0.24543693661689758,0.6427379846572876,0.0,0.0,0.0,0.0,0.0,0.0,0.0,0.0,0.0,0.0,0.0,-21.520000457763672,-312.0400085449219,-104.91000366210938,0.0
1781051296.3956776,605570,1781051296,402263830,base_link,"['wheel_left_joint', 'wheel_right_joint', 'joint1', 'joint2', 'joint3', 'joint4', 'gripper']",0.010737867094576359,0.016873791813850403,-0.015339808538556099,-0.8574953079223633,0.24543693661689758,0.6427379846572876,0.0,0.0,0.0,0.0,0.0,0.0,0.0,0.0,0.0,0.0,0.0,-18.829999923706055,-312.0400085449219,-104.91000366210938,0.0
1781051296.4431407,605571,1781051296,436263830,base_link,"['wheel_left_joint', 'wheel_right_joint', 'joint1', 'joint2', 'joint3', 'joint4', 'gripper']",0.010737867094576359,0.016873791813850403,-0.015339808538556099,-0.8574953079223633,0.24543693661689758,0.6427379846572876,0.0,0.0,0.0,0.0,0.0,0.0,0.0,0.0,0.0,0.0,0.0,-21.520000457763672,-314.7300109863281,-107.60000610351562,0.0
1781051296.4705431,605572,1781051296,477263830,base_link,"['wheel_left_joint', 'wheel_right_joint', 'joint1', 'joint2', 'joint3', 'joint4', 'gripper']",0.010737867094576359,0.016873791813850403,-0.015339808538556099,-0.8574953079223633,0.24543693661689758,0.6427379846572876,0.0,0.0,0.0,0.0,0.0,0.0,0.0,0.0,0.0,0.0,0.0,-18.829999923706055,-312.0400085449219,-104.91000366210938,0.0
1781051296.51701,605573,1781051296,511263830,base_link,"['wheel_left_joint', 'wheel_right_joint', 'joint1', 'joint2', 'joint3', 'joint4', 'gripper']",0.010737867094576359,0.016873791813850403,-0.015339808538556099,-0.8574953079223633,0.24543693661689758,0.6427379846572876,0.0,0.0,0.0,0.0,0.0,0.0,0.0,0.0,0.0,0.0,0.0,-18.829999923706055,-312.0400085449219,-104.91000366210938,0.0
1781051296.5628173,605574,1781051296,570263830,base_link,"['wheel_left_joint', 'wheel_right_joint', 'joint1', 'joint2', 'joint3', 'joint4', 'gripper']",0.010737867094576359,0.016873791813850403,-0.015339808538556099,-0.8574953079223633,0.24543693661689758,0.6427379846572876,0.0,0.0,0.0,0.0,0.0,0.0,0.0,0.0,0.0,0.0,0.0,-21.520000457763672,-312.0400085449219,-104.91000366210938,0.0
1781051296.6105552,605575,1781051296,581797658,base_link,"['wheel_left_joint', 'wheel_right_joint', 'joint1', 'joint2', 'joint3', 'joint4', 'gripper']",0.010737867094576359,0.016873791813850403,-0.015339808538556099,-0.8574953079223633,0.24543693661689758,0.6427379846572876,0.0,0.0,0.0,0.0,0.0,0.0,0.0,0.0,0.0,0.0,0.0,-21.520000457763672,-314.7300109863281,-104.91000366210938,0.0
1781051296.6602874,605576,1781051296,640797658,base_link,"['wheel_left_joint', 'wheel_right_joint', 'joint1', 'joint2', 'joint3', 'joint4', 'gripper']",0.010737867094576359,0.016873791813850403,-0.015339808538556099,-0.8574953079223633,0.24543693661689758,0.6427379846572876,0.0,0.0,0.0,0.0,0.0,0.0,0.0,0.0,0.0,0.0,0.0,-18.829999923706055,-314.7300109863281,-104.91000366210938,0.0
1781051296.684825,605577,1781051296,649797658,base_link,"['wheel_left_joint', 'wheel_right_joint', 'joint1', 'joint2', 'joint3', 'joint4', 'gripper']",0.010737867094576359,0.016873791813850403,-0.015339808538556099,-0.8574953079223633,0.24543693661689758,0.6427379846572876,0.0,0.0,0.0,0.0,0.0,0.0,0.0,0.0,0.0,0.0,0.0,-18.829999923706055,-312.0400085449219,-104.91000366210938,0.0
1781051296.733186,605578,1781051296,683797658,base_link,"['wheel_left_joint', 'wheel_right_joint', 'joint1', 'joint2', 'joint3', 'joint4', 'gripper']",0.010737867094576359,0.016873791813850403,-0.015339808538556099,-0.8574953079223633,0.24543693661689758,0.6427379846572876,0.0,0.0,0.0,0.0,0.0,0.0,0.0,0.0,0.0,0.0,0.0,-18.829999923706055,-312.0400085449219,-102.22000122070312,0.0
1781051296.7491071,605579,1781051296,727797658,base_link,"['wheel_left_joint', 'wheel_right_joint', 'joint1', 'joint2', 'joint3', 'joint4', 'gripper']",0.010737867094576359,0.016873791813850403,-0.015339808538556099,-0.8574953079223633,0.24543693661689758,0.6427379846572876,0.0,0.0,0.0,0.0,0.0,0.0,0.0,0.0,0.0,0.0,0.0,-24.21000099182129,-312.0400085449219,-102.22000122070312,0.0
1781051296.8042512,605580,1781051296,761797658,base_link,"['wheel_left_joint', 'wheel_right_joint', 'joint1', 'joint2', 'joint3', 'joint4', 'gripper']",0.010737867094576359,0.016873791813850403,-0.015339808538556099,-0.8574953079223633,0.24543693661689758,0.644271969795227,0.0,0.0,0.0,0.0,0.0,0.0,0.0,0.0,0.0,0.0,0.0,-18.829999923706055,-312.0400085449219,-104.91000366210938,0.0
1781051296.8263452,605581,1781051296,810797658,base_link,"['wheel_left_joint', 'wheel_right_joint', 'joint1', 'joint2', 'joint3', 'joint4', 'gripper']",0.010737867094576359,0.016873791813850403,-0.015339808538556099,-0.8574953079223633,0.24543693661689758,0.6427379846572876,0.0,0.0,0.0,0.0,0.0,0.0,0.0,0.0,0.0,0.0,0.0,-21.520000457763672,-312.0400085449219,-104.91000366210938,0.0
1781051296.874036,605582,1781051296,844797658,base_link,"['wheel_left_joint', 'wheel_right_joint', 'joint1', 'joint2', 'joint3', 'joint4', 'gripper']",0.010737867094576359,0.016873791813850403,-0.015339808538556099,-0.8574953079223633,0.24543693661689758,0.6427379846572876,0.0,0.0,0.0,0.0,0.0,0.0,0.0,0.0,0.0,0.0,0.0,-21.520000457763672,-312.0400085449219,-102.22000122070312,0.0
1781051296.9042246,605583,1781051296,889797658,base_link,"['wheel_left_joint', 'wheel_right_joint', 'joint1', 'joint2', 'joint3', 'joint4', 'gripper']",0.010737867094576359,0.016873791813850403,-0.015339808538556099,-0.8574953079223633,0.24543693661689758,0.6427379846572876,0.0,0.0,0.0,0.0,0.0,0.0,0.0,0.0,0.0,0.0,0.0,-21.520000457763672,-312.0400085449219,-107.60000610351562,0.0
1781051296.9524157,605584,1781051296,923797658,base_link,"['wheel_left_joint', 'wheel_right_joint', 'joint1', 'joint2', 'joint3', 'joint4', 'gripper']",0.010737867094576359,0.016873791813850403,-0.015339808538556099,-0.8574953079223633,0.24543693661689758,0.6427379846572876,0.0,0.0,0.0,0.0,0.0,0.0,0.0,0.0,0.0,0.0,0.0,-18.829999923706055,-312.0400085449219,-104.91000366210938,0.0
1781051296.9891074,605585,1781051296,970797658,base_link,"['wheel_left_joint', 'wheel_right_joint', 'joint1', 'joint2', 'joint3', 'joint4', 'gripper']",0.010737867094576359,0.016873791813850403,-0.015339808538556099,-0.8574953079223633,0.24543693661689758,0.6427379846572876,0.0,0.0,0.0,0.0,0.0,0.0,0.0,0.0,0.0,0.0,0.0,-18.829999923706055,-312.0400085449219,-104.91000366210938,0.0
1781051297.0379345,605586,1781051297,4797658,base_link,"['wheel_left_joint', 'wheel_right_joint', 'joint1', 'joint2', 'joint3', 'joint4', 'gripper']",0.010737867094576359,0.016873791813850403,-0.015339808538556099,-0.8574953079223633,0.24543693661689758,0.6427379846572876,0.0,0.0,0.0,0.0,0.0,0.0,0.0,0.0,0.0,0.0,0.0,-18.829999923706055,-314.7300109863281,-104.91000366210938,0.0
1781051297.0658104,605587,1781051297,44797658,base_link,"['wheel_left_joint', 'wheel_right_joint', 'joint1', 'joint2', 'joint3', 'joint4', 'gripper']",0.010737867094576359,0.016873791813850403,-0.015339808538556099,-0.8574953079223633,0.24543693661689758,0.6427379846572876,0.0,0.0,0.0,0.0,0.0,0.0,0.0,0.0,0.0,0.0,0.0,-18.829999923706055,-312.0400085449219,-104.91000366210938,0.0
1781051297.112063,605588,1781051297,78797658,base_link,"['wheel_left_joint', 'wheel_right_joint', 'joint1', 'joint2', 'joint3', 'joint4', 'gripper']",0.010737867094576359,0.016873791813850403,-0.015339808538556099,-0.8574953079223633,0.24543693661689758,0.6427379846572876,0.0,0.0,0.0,0.0,0.0,0.0,0.0,0.0,0.0,0.0,0.0,-21.520000457763672,-312.0400085449219,-104.91000366210938,0.0
1781051297.1380863,605589,1781051297,120797658,base_link,"['wheel_left_joint', 'wheel_right_joint', 'joint1', 'joint2', 'joint3', 'joint4', 'gripper']",0.010737867094576359,0.016873791813850403,-0.015339808538556099,-0.8574953079223633,0.24543693661689758,0.6427379846572876,0.0,0.0,0.0,0.0,0.0,0.0,0.0,0.0,0.0,0.0,0.0,-18.829999923706055,-312.0400085449219,-104.91000366210938,0.0
1781051297.1874154,605590,1781051297,154797658,base_link,"['wheel_left_joint', 'wheel_right_joint', 'joint1', 'joint2', 'joint3', 'joint4', 'gripper']",0.010737867094576359,0.016873791813850403,-0.015339808538556099,-0.8574953079223633,0.24543693661689758,0.6427379846572876,0.0,0.0,0.0,0.0,0.0,0.0,0.0,0.0,0.0,0.0,0.0,-18.829999923706055,-314.7300109863281,-104.91000366210938,0.0
1781051297.213588,605591,1781051297,196797658,base_link,"['wheel_left_joint', 'wheel_right_joint', 'joint1', 'joint2', 'joint3', 'joint4', 'gripper']",0.010737867094576359,0.016873791813850403,-0.015339808538556099,-0.8574953079223633,0.24543693661689758,0.644271969795227,0.0,0.0,0.0,0.0,0.0,0.0,0.0,0.0,0.0,0.0,0.0,-21.520000457763672,-314.7300109863281,-104.91000366210938,0.0
1781051297.261506,605592,1781051297,230797658,base_link,"['wheel_left_joint', 'wheel_right_joint', 'joint1', 'joint2', 'joint3', 'joint4', 'gripper']",0.010737867094576359,0.016873791813850403,-0.015339808538556099,-0.8574953079223633,0.24543693661689758,0.6427379846572876,0.0,0.0,0.0,0.0,0.0,0.0,0.0,0.0,0.0,0.0,0.0,-21.520000457763672,-312.0400085449219,-104.91000366210938,0.0
1781051297.308275,605593,1781051297,286797658,base_link,"['wheel_left_joint', 'wheel_right_joint', 'joint1', 'joint2', 'joint3', 'joint4', 'gripper']",0.010737867094576359,0.016873791813850403,-0.015339808538556099,-0.8574953079223633,0.24543693661689758,0.6427379846572876,0.0,0.0,0.0,0.0,0.0,0.0,0.0,0.0,0.0,0.0,0.0,-18.829999923706055,-312.0400085449219,-104.91000366210938,0.0
1781051297.3549097,605594,1781051297,320797658,base_link,"['wheel_left_joint', 'wheel_right_joint', 'joint1', 'joint2', 'joint3', 'joint4', 'gripper']",0.010737867094576359,0.016873791813850403,-0.015339808538556099,-0.8574953079223633,0.24543693661689758,0.6427379846572876,0.0,0.0,0.0,0.0,0.0,0.0,0.0,0.0,0.0,0.0,0.0,-21.520000457763672,-312.0400085449219,-104.91000366210938,0.0
1781051297.381049,605595,1781051297,364797658,base_link,"['wheel_left_joint', 'wheel_right_joint', 'joint1', 'joint2', 'joint3', 'joint4', 'gripper']",0.010737867094576359,0.016873791813850403,-0.015339808538556099,-0.8574953079223633,0.24543693661689758,0.6427379846572876,0.0,0.0,0.0,0.0,0.0,0.0,0.0,0.0,0.0,0.0,0.0,-18.829999923706055,-312.0400085449219,-107.60000610351562,0.0
1781051297.4294493,605596,1781051297,398797658,base_link,"['wheel_left_joint', 'wheel_right_joint', 'joint1', 'joint2', 'joint3', 'joint4', 'gripper']",0.010737867094576359,0.016873791813850403,-0.015339808538556099,-0.8574953079223633,0.24543693661689758,0.6427379846572876,0.0,0.0,0.0,0.0,0.0,0.0,0.0,0.0,0.0,0.0,0.0,-21.520000457763672,-314.7300109863281,-104.91000366210938,0.0
1781051297.4563692,605597,1781051297,440797658,base_link,"['wheel_left_joint', 'wheel_right_joint', 'joint1', 'joint2', 'joint3', 'joint4', 'gripper']",0.010737867094576359,0.016873791813850403,-0.015339808538556099,-0.8574953079223633,0.24543693661689758,0.6427379846572876,0.0,0.0,0.0,0.0,0.0,0.0,0.0,0.0,0.0,0.0,0.0,-21.520000457763672,-312.0400085449219,-104.91000366210938,0.0
1781051297.5015302,605598,1781051297,474797658,base_link,"['wheel_left_joint', 'wheel_right_joint', 'joint1', 'joint2', 'joint3', 'joint4', 'gripper']",0.010737867094576359,0.016873791813850403,-0.015339808538556099,-0.8574953079223633,0.24543693661689758,0.6427379846572876,0.0,0.0,0.0,0.0,0.0,0.0,0.0,0.0,0.0,0.0,0.0,-21.520000457763672,-314.7300109863281,-104.91000366210938,0.0
1781051297.5497923,605599,1781051297,532797658,base_link,"['wheel_left_joint', 'wheel_right_joint', 'joint1', 'joint2', 'joint3', 'joint4', 'gripper']",0.010737867094576359,0.016873791813850403,-0.015339808538556099,-0.8574953079223633,0.24543693661689758,0.6427379846572876,0.0,0.0,0.0,0.0,0.0,0.0,0.0,0.0,0.0,0.0,0.0,-21.520000457763672,-317.4200134277344,-104.91000366210938,0.0
1781051297.597233,605600,1781051297,566797658,base_link,"['wheel_left_joint', 'wheel_right_joint', 'joint1', 'joint2', 'joint3', 'joint4', 'gripper']",0.010737867094576359,0.016873791813850403,-0.015339808538556099,-0.8574953079223633,0.24543693661689758,0.6427379846572876,0.0,0.0,0.0,0.0,0.0,0.0,0.0,0.0,0.0,0.0,0.0,-18.829999923706055,-312.0400085449219,-104.91000366210938,0.0
1781051297.6452901,605601,1781051297,621797658,base_link,"['wheel_left_joint', 'wheel_right_joint', 'joint1', 'joint2', 'joint3', 'joint4', 'gripper']",0.010737867094576359,0.016873791813850403,-0.015339808538556099,-0.8574953079223633,0.24543693661689758,0.6427379846572876,0.0,0.0,0.0,0.0,0.0,0.0,0.0,0.0,0.0,0.0,0.0,-18.829999923706055,-312.0400085449219,-102.22000122070312,0.0
1781051297.6926568,605602,1781051297,655797658,base_link,"['wheel_left_joint', 'wheel_right_joint', 'joint1', 'joint2', 'joint3', 'joint4', 'gripper']",0.010737867094576359,0.016873791813850403,-0.015339808538556099,-0.8574953079223633,0.24543693661689758,0.6427379846572876,0.0,0.0,0.0,0.0,0.0,0.0,0.0,0.0,0.0,0.0,0.0,-18.829999923706055,-312.0400085449219,-104.91000366210938,0.0
1781051297.714022,605603,1781051297,699797658,base_link,"['wheel_left_joint', 'wheel_right_joint', 'joint1', 'joint2', 'joint3', 'joint4', 'gripper']",0.010737867094576359,0.016873791813850403,-0.015339808538556099,-0.8574953079223633,0.24543693661689758,0.6427379846572876,0.0,0.0,0.0,0.0,0.0,0.0,0.0,0.0,0.0,0.0,0.0,-21.520000457763672,-314.7300109863281,-104.91000366210938,0.0
1781051297.7672024,605604,1781051297,733797658,base_link,"['wheel_left_joint', 'wheel_right_joint', 'joint1', 'joint2', 'joint3', 'joint4', 'gripper']",0.010737867094576359,0.016873791813850403,-0.015339808538556099,-0.8574953079223633,0.24543693661689758,0.6427379846572876,0.0,0.0,0.0,0.0,0.0,0.0,0.0,0.0,0.0,0.0,0.0,-21.520000457763672,-312.0400085449219,-104.91000366210938,0.0
1781051297.7964017,605605,1781051297,777797658,base_link,"['wheel_left_joint', 'wheel_right_joint', 'joint1', 'joint2', 'joint3', 'joint4', 'gripper']",0.010737867094576359,0.016873791813850403,-0.015339808538556099,-0.8574953079223633,0.24543693661689758,0.6427379846572876,0.0,0.0,0.0,0.0,0.0,0.0,0.0,0.0,0.0,0.0,0.0,-18.829999923706055,-312.0400085449219,-104.91000366210938,0.0
1781051297.8447447,605606,1781051297,811797658,base_link,"['wheel_left_joint', 'wheel_right_joint', 'joint1', 'joint2', 'joint3', 'joint4', 'gripper']",0.010737867094576359,0.016873791813850403,-0.015339808538556099,-0.8574953079223633,0.24543693661689758,0.6427379846572876,0.0,0.0,0.0,0.0,0.0,0.0,0.0,0.0,0.0,0.0,0.0,-21.520000457763672,-314.7300109863281,-107.60000610351562,0.0
1781051297.8710144,605607,1781051297,858797658,base_link,"['wheel_left_joint', 'wheel_right_joint', 'joint1', 'joint2', 'joint3', 'joint4', 'gripper']",0.010737867094576359,0.016873791813850403,-0.015339808538556099,-0.8574953079223633,0.24543693661689758,0.644271969795227,0.0,0.0,0.0,0.0,0.0,0.0,0.0,0.0,0.0,0.0,0.0,-21.520000457763672,-312.0400085449219,-102.22000122070312,0.0
1781051297.9206476,605608,1781051297,892797658,base_link,"['wheel_left_joint', 'wheel_right_joint', 'joint1', 'joint2', 'joint3', 'joint4', 'gripper']",0.010737867094576359,0.016873791813850403,-0.015339808538556099,-0.8574953079223633,0.24543693661689758,0.6427379846572876,0.0,0.0,0.0,0.0,0.0,0.0,0.0,0.0,0.0,0.0,0.0,-21.520000457763672,-312.0400085449219,-104.91000366210938,0.0
1781051297.9682808,605609,1781051297,925797658,base_link,"['wheel_left_joint', 'wheel_right_joint', 'joint1', 'joint2', 'joint3', 'joint4', 'gripper']",0.010737867094576359,0.016873791813850403,-0.015339808538556099,-0.8574953079223633,0.24543693661689758,0.6427379846572876,0.0,0.0,0.0,0.0,0.0,0.0,0.0,0.0,0.0,0.0,0.0,-18.829999923706055,-314.7300109863281,-102.22000122070312,0.0
1781051297.988282,605610,1781051297,967797658,base_link,"['wheel_left_joint', 'wheel_right_joint', 'joint1', 'joint2', 'joint3', 'joint4', 'gripper']",0.010737867094576359,0.016873791813850403,-0.015339808538556099,-0.8574953079223633,0.24543693661689758,0.6427379846572876,0.0,0.0,0.0,0.0,0.0,0.0,0.0,0.0,0.0,0.0,0.0,-18.829999923706055,-314.7300109863281,-104.91000366210938,0.0
1781051298.0411034,605611,1781051298,1797658,base_link,"['wheel_left_joint', 'wheel_right_joint', 'joint1', 'joint2', 'joint3', 'joint4', 'gripper']",0.010737867094576359,0.016873791813850403,-0.015339808538556099,-0.8574953079223633,0.24543693661689758,0.6427379846572876,0.0,0.0,0.0,0.0,0.0,0.0,0.0,0.0,0.0,0.0,0.0,-21.520000457763672,-312.0400085449219,-104.91000366210938,0.0
1781051298.068279,605612,1781051298,49797658,base_link,"['wheel_left_joint', 'wheel_right_joint', 'joint1', 'joint2', 'joint3', 'joint4', 'gripper']",0.010737867094576359,0.016873791813850403,-0.015339808538556099,-0.8574953079223633,0.24543693661689758,0.6427379846572876,0.0,0.0,0.0,0.0,0.0,0.0,0.0,0.0,0.0,0.0,0.0,-18.829999923706055,-312.0400085449219,-104.91000366210938,0.0
1781051298.1144946,605613,1781051298,83797658,base_link,"['wheel_left_joint', 'wheel_right_joint', 'joint1', 'joint2', 'joint3', 'joint4', 'gripper']",0.010737867094576359,0.016873791813850403,-0.015339808538556099,-0.8574953079223633,0.24543693661689758,0.6427379846572876,0.0,0.0,0.0,0.0,0.0,0.0,0.0,0.0,0.0,0.0,0.0,-21.520000457763672,-312.0400085449219,-104.91000366210938,0.0
1781051298.1421545,605614,1781051298,125797658,base_link,"['wheel_left_joint', 'wheel_right_joint', 'joint1', 'joint2', 'joint3', 'joint4', 'gripper']",0.010737867094576359,0.016873791813850403,-0.015339808538556099,-0.8574953079223633,0.24543693661689758,0.644271969795227,0.0,0.0,0.0,0.0,0.0,0.0,0.0,0.0,0.0,0.0,0.0,-21.520000457763672,-312.0400085449219,-107.60000610351562,0.0
1781051298.187819,605615,1781051298,159797658,base_link,"['wheel_left_joint', 'wheel_right_joint', 'joint1', 'joint2', 'joint3', 'joint4', 'gripper']",0.010737867094576359,0.016873791813850403,-0.015339808538556099,-0.8574953079223633,0.24543693661689758,0.6427379846572876,0.0,0.0,0.0,0.0,0.0,0.0,0.0,0.0,0.0,0.0,0.0,-18.829999923706055,-314.7300109863281,-104.91000366210938,0.0
1781051298.2145057,605616,1781051298,197797658,base_link,"['wheel_left_joint', 'wheel_right_joint', 'joint1', 'joint2', 'joint3', 'joint4', 'gripper']",0.010737867094576359,0.016873791813850403,-0.015339808538556099,-0.8574953079223633,0.24543693661689758,0.644271969795227,0.0,0.0,0.0,0.0,0.0,0.0,0.0,0.0,0.0,0.0,0.0,-18.829999923706055,-312.0400085449219,-107.60000610351562,0.0
1781051298.2630334,605617,1781051298,231797658,base_link,"['wheel_left_joint', 'wheel_right_joint', 'joint1', 'joint2', 'joint3', 'joint4', 'gripper']",0.010737867094576359,0.016873791813850403,-0.015339808538556099,-0.8574953079223633,0.24543693661689758,0.6427379846572876,0.0,0.0,0.0,0.0,0.0,0.0,0.0,0.0,0.0,0.0,0.0,-18.829999923706055,-314.7300109863281,-104.91000366210938,0.0
1781051298.2885754,605618,1781051298,271797658,base_link,"['wheel_left_joint', 'wheel_right_joint', 'joint1', 'joint2', 'joint3', 'joint4', 'gripper']",0.010737867094576359,0.016873791813850403,-0.015339808538556099,-0.8574953079223633,0.24543693661689758,0.6427379846572876,0.0,0.0,0.0,0.0,0.0,0.0,0.0,0.0,0.0,0.0,0.0,-18.829999923706055,-314.7300109863281,-104.91000366210938,0.0
1781051298.3359742,605619,1781051298,305797658,base_link,"['wheel_left_joint', 'wheel_right_joint', 'joint1', 'joint2', 'joint3', 'joint4', 'gripper']",0.010737867094576359,0.016873791813850403,-0.015339808538556099,-0.8574953079223633,0.24543693661689758,0.6427379846572876,0.0,0.0,0.0,0.0,0.0,0.0,0.0,0.0,0.0,0.0,0.0,-21.520000457763672,-312.0400085449219,-104.91000366210938,0.0
1781051298.36262,605620,1781051298,345797658,base_link,"['wheel_left_joint', 'wheel_right_joint', 'joint1', 'joint2', 'joint3', 'joint4', 'gripper']",0.010737867094576359,0.016873791813850403,-0.015339808538556099,-0.8574953079223633,0.24543693661689758,0.6427379846572876,0.0,0.0,0.0,0.0,0.0,0.0,0.0,0.0,0.0,0.0,0.0,-21.520000457763672,-312.0400085449219,-104.91000366210938,0.0
1781051298.4096162,605621,1781051298,379797658,base_link,"['wheel_left_joint', 'wheel_right_joint', 'joint1', 'joint2', 'joint3', 'joint4', 'gripper']",0.010737867094576359,0.016873791813850403,-0.015339808538556099,-0.8574953079223633,0.24543693661689758,0.6427379846572876,0.0,0.0,0.0,0.0,0.0,0.0,0.0,0.0,0.0,0.0,0.0,-21.520000457763672,-312.0400085449219,-104.91000366210938,0.0
1781051298.4367318,605622,1781051298,417797658,base_link,"['wheel_left_joint', 'wheel_right_joint', 'joint1', 'joint2', 'joint3', 'joint4', 'gripper']",0.010737867094576359,0.016873791813850403,-0.015339808538556099,-0.8574953079223633,0.24543693661689758,0.6427379846572876,0.0,0.0,0.0,0.0,0.0,0.0,0.0,0.0,0.0,0.0,0.0,-18.829999923706055,-314.7300109863281,-104.91000366210938,0.0
1781051298.483896,605623,1781051298,450797658,base_link,"['wheel_left_joint', 'wheel_right_joint', 'joint1', 'joint2', 'joint3', 'joint4', 'gripper']",0.010737867094576359,0.016873791813850403,-0.015339808538556099,-0.8574953079223633,0.24543693661689758,0.6427379846572876,0.0,0.0,0.0,0.0,0.0,0.0,0.0,0.0,0.0,0.0,0.0,-18.829999923706055,-314.7300109863281,-104.91000366210938,0.0
1781051298.510905,605624,1781051298,491797658,base_link,"['wheel_left_joint', 'wheel_right_joint', 'joint1', 'joint2', 'joint3', 'joint4', 'gripper']",0.010737867094576359,0.016873791813850403,-0.015339808538556099,-0.8574953079223633,0.24543693661689758,0.6427379846572876,0.0,0.0,0.0,0.0,0.0,0.0,0.0,0.0,0.0,0.0,0.0,-21.520000457763672,-312.0400085449219,-104.91000366210938,0.0
1781051298.558994,605625,1781051298,524797658,base_link,"['wheel_left_joint', 'wheel_right_joint', 'joint1', 'joint2', 'joint3', 'joint4', 'gripper']",0.010737867094576359,0.016873791813850403,-0.015339808538556099,-0.8574953079223633,0.24543693661689758,0.6427379846572876,0.0,0.0,0.0,0.0,0.0,0.0,0.0,0.0,0.0,0.0,0.0,-21.520000457763672,-314.7300109863281,-104.91000366210938,0.0
1781051298.5850663,605626,1781051298,567797658,base_link,"['wheel_left_joint', 'wheel_right_joint', 'joint1', 'joint2', 'joint3', 'joint4', 'gripper']",0.010737867094576359,0.016873791813850403,-0.015339808538556099,-0.8574953079223633,0.24543693661689758,0.6427379846572876,0.0,0.0,0.0,0.0,0.0,0.0,0.0,0.0,0.0,0.0,0.0,-18.829999923706055,-314.7300109863281,-104.91000366210938,0.0
1781051298.632921,605627,1781051298,600797658,base_link,"['wheel_left_joint', 'wheel_right_joint', 'joint1', 'joint2', 'joint3', 'joint4', 'gripper']",0.010737867094576359,0.016873791813850403,-0.015339808538556099,-0.8574953079223633,0.24543693661689758,0.6427379846572876,0.0,0.0,0.0,0.0,0.0,0.0,0.0,0.0,0.0,0.0,0.0,-18.829999923706055,-314.7300109863281,-104.91000366210938,0.0
1781051298.6614661,605628,1781051298,642797658,base_link,"['wheel_left_joint', 'wheel_right_joint', 'joint1', 'joint2', 'joint3', 'joint4', 'gripper']",0.010737867094576359,0.016873791813850403,-0.015339808538556099,-0.8574953079223633,0.24543693661689758,0.644271969795227,0.0,0.0,0.0,0.0,0.0,0.0,0.0,0.0,0.0,0.0,0.0,-21.520000457763672,-312.0400085449219,-104.91000366210938,0.0
1781051298.7078667,605629,1781051298,675797658,base_link,"['wheel_left_joint', 'wheel_right_joint', 'joint1', 'joint2', 'joint3', 'joint4', 'gripper']",0.010737867094576359,0.016873791813850403,-0.015339808538556099,-0.8574953079223633,0.24543693661689758,0.6427379846572876,0.0,0.0,0.0,0.0,0.0,0.0,0.0,0.0,0.0,0.0,0.0,-21.520000457763672,-312.0400085449219,-104.91000366210938,0.0
1781051298.755167,605630,1781051298,732797658,base_link,"['wheel_left_joint', 'wheel_right_joint', 'joint1', 'joint2', 'joint3', 'joint4', 'gripper']",0.010737867094576359,0.016873791813850403,-0.015339808538556099,-0.8574953079223633,0.24543693661689758,0.6427379846572876,0.0,0.0,0.0,0.0,0.0,0.0,0.0,0.0,0.0,0.0,0.0,-18.829999923706055,-312.0400085449219,-104.91000366210938,0.0
1781051298.806468,605631,1781051298,765797658,base_link,"['wheel_left_joint', 'wheel_right_joint', 'joint1', 'joint2', 'joint3', 'joint4', 'gripper']",0.010737867094576359,0.016873791813850403,-0.015339808538556099,-0.8574953079223633,0.24543693661689758,0.6427379846572876,0.0,0.0,0.0,0.0,0.0,0.0,0.0,0.0,0.0,0.0,0.0,-21.520000457763672,-314.7300109863281,-107.60000610351562,0.0
1781051298.8270898,605632,1781051298,811797658,base_link,"['wheel_left_joint', 'wheel_right_joint', 'joint1', 'joint2', 'joint3', 'joint4', 'gripper']",0.010737867094576359,0.016873791813850403,-0.015339808538556099,-0.8574953079223633,0.24543693661689758,0.644271969795227,0.0,0.0,0.0,0.0,0.0,0.0,0.0,0.0,0.0,0.0,0.0,-21.520000457763672,-314.7300109863281,-104.91000366210938,0.0
1781051298.8749938,605633,1781051298,844797658,base_link,"['wheel_left_joint', 'wheel_right_joint', 'joint1', 'joint2', 'joint3', 'joint4', 'gripper']",0.010737867094576359,0.016873791813850403,-0.015339808538556099,-0.8574953079223633,0.24543693661689758,0.644271969795227,0.0,0.0,0.0,0.0,0.0,0.0,0.0,0.0,0.0,0.0,0.0,-21.520000457763672,-314.7300109863281,-104.91000366210938,0.0
1781051298.9014146,605634,1781051298,886797658,base_link,"['wheel_left_joint', 'wheel_right_joint', 'joint1', 'joint2', 'joint3', 'joint4', 'gripper']",0.010737867094576359,0.016873791813850403,-0.015339808538556099,-0.8574953079223633,0.24543693661689758,0.6427379846572876,0.0,0.0,0.0,0.0,0.0,0.0,0.0,0.0,0.0,0.0,0.0,-21.520000457763672,-314.7300109863281,-104.91000366210938,0.0
1781051298.949226,605635,1781051298,919797658,base_link,"['wheel_left_joint', 'wheel_right_joint', 'joint1', 'joint2', 'joint3', 'joint4', 'gripper']",0.010737867094576359,0.016873791813850403,-0.015339808538556099,-0.8574953079223633,0.24543693661689758,0.6427379846572876,0.0,0.0,0.0,0.0,0.0,0.0,0.0,0.0,0.0,0.0,0.0,-18.829999923706055,-312.0400085449219,-104.91000366210938,0.0
1781051298.9968123,605636,1781051298,979797658,base_link,"['wheel_left_joint', 'wheel_right_joint', 'joint1', 'joint2', 'joint3', 'joint4', 'gripper']",0.010737867094576359,0.016873791813850403,-0.015339808538556099,-0.8574953079223633,0.24543693661689758,0.6427379846572876,0.0,0.0,0.0,0.0,0.0,0.0,0.0,0.0,0.0,0.0,0.0,-21.520000457763672,-312.0400085449219,-107.60000610351562,0.0
1781051299.0439153,605637,1781051299,13797658,base_link,"['wheel_left_joint', 'wheel_right_joint', 'joint1', 'joint2', 'joint3', 'joint4', 'gripper']",0.010737867094576359,0.016873791813850403,-0.015339808538556099,-0.8574953079223633,0.24543693661689758,0.6427379846572876,0.0,0.0,0.0,0.0,0.0,0.0,0.0,0.0,0.0,0.0,0.0,-18.829999923706055,-312.0400085449219,-104.91000366210938,0.0
1781051299.0833614,605638,1781051299,62797658,base_link,"['wheel_left_joint', 'wheel_right_joint', 'joint1', 'joint2', 'joint3', 'joint4', 'gripper']",0.010737867094576359,0.016873791813850403,-0.015339808538556099,-0.8574953079223633,0.24543693661689758,0.6427379846572876,0.0,0.0,0.0,0.0,0.0,0.0,0.0,0.0,0.0,0.0,0.0,-21.520000457763672,-312.0400085449219,-104.91000366210938,0.0
1781051299.1313574,605639,1781051299,96797658,base_link,"['wheel_left_joint', 'wheel_right_joint', 'joint1', 'joint2', 'joint3', 'joint4', 'gripper']",0.010737867094576359,0.016873791813850403,-0.015339808538556099,-0.8574953079223633,0.24543693661689758,0.6427379846572876,0.0,0.0,0.0,0.0,0.0,0.0,0.0,0.0,0.0,0.0,0.0,-21.520000457763672,-312.0400085449219,-107.60000610351562,0.0
1781051299.1672604,605640,1781051299,152972566,base_link,"['wheel_left_joint', 'wheel_right_joint', 'joint1', 'joint2', 'joint3', 'joint4', 'gripper']",0.010737867094576359,0.016873791813850403,-0.015339808538556099,-0.8574953079223633,0.24543693661689758,0.6427379846572876,0.0,0.0,0.0,0.0,0.0,0.0,0.0,0.0,0.0,0.0,0.0,-16.139999389648438,-314.7300109863281,-104.91000366210938,0.0
1781051299.2142441,605641,1781051299,185972566,base_link,"['wheel_left_joint', 'wheel_right_joint', 'joint1', 'joint2', 'joint3', 'joint4', 'gripper']",0.010737867094576359,0.016873791813850403,-0.015339808538556099,-0.8574953079223633,0.24543693661689758,0.6427379846572876,0.0,0.0,0.0,0.0,0.0,0.0,0.0,0.0,0.0,0.0,0.0,-18.829999923706055,-314.7300109863281,-107.60000610351562,0.0
1781051299.2412074,605642,1781051299,232972566,base_link,"['wheel_left_joint', 'wheel_right_joint', 'joint1', 'joint2', 'joint3', 'joint4', 'gripper']",0.010737867094576359,0.016873791813850403,-0.013805827125906944,-0.8574953079223633,0.24543693661689758,0.6427379846572876,0.0,0.0,0.0,0.0,0.0,0.0,0.0,0.0,0.0,0.0,0.0,-18.829999923706055,-314.7300109863281,-104.91000366210938,0.0
1781051299.2877908,605643,1781051299,266972566,base_link,"['wheel_left_joint', 'wheel_right_joint', 'joint1', 'joint2', 'joint3', 'joint4', 'gripper']",0.010737867094576359,0.016873791813850403,-0.015339808538556099,-0.8574953079223633,0.24543693661689758,0.644271969795227,0.0,0.0,0.0,0.0,0.0,0.0,0.0,0.0,0.0,0.0,0.0,-18.829999923706055,-312.0400085449219,-104.91000366210938,0.0
1781051299.3354247,605644,1781051299,299972566,base_link,"['wheel_left_joint', 'wheel_right_joint', 'joint1', 'joint2', 'joint3', 'joint4', 'gripper']",0.010737867094576359,0.016873791813850403,-0.015339808538556099,-0.8574953079223633,0.24543693661689758,0.6427379846572876,0.0,0.0,0.0,0.0,0.0,0.0,0.0,0.0,0.0,0.0,0.0,-21.520000457763672,-314.7300109863281,-104.91000366210938,0.0
1781051299.3581376,605645,1781051299,341972566,base_link,"['wheel_left_joint', 'wheel_right_joint', 'joint1', 'joint2', 'joint3', 'joint4', 'gripper']",0.010737867094576359,0.016873791813850403,-0.015339808538556099,-0.8574953079223633,0.24543693661689758,0.6427379846572876,0.0,0.0,0.0,0.0,0.0,0.0,0.0,0.0,0.0,0.0,0.0,-21.520000457763672,-314.7300109863281,-104.91000366210938,0.0
1781051299.4041405,605646,1781051299,375972566,base_link,"['wheel_left_joint', 'wheel_right_joint', 'joint1', 'joint2', 'joint3', 'joint4', 'gripper']",0.010737867094576359,0.016873791813850403,-0.015339808538556099,-0.8574953079223633,0.24543693661689758,0.6427379846572876,0.0,0.0,0.0,0.0,0.0,0.0,0.0,0.0,0.0,0.0,0.0,-18.829999923706055,-312.0400085449219,-104.91000366210938,0.0
1781051299.4310303,605647,1781051299,421972566,base_link,"['wheel_left_joint', 'wheel_right_joint', 'joint1', 'joint2', 'joint3', 'joint4', 'gripper']",0.010737867094576359,0.016873791813850403,-0.015339808538556099,-0.8574953079223633,0.24543693661689758,0.644271969795227,0.0,0.0,0.0,0.0,0.0,0.0,0.0,0.0,0.0,0.0,0.0,-21.520000457763672,-314.7300109863281,-104.91000366210938,0.0
1781051299.4768505,605648,1781051299,454972566,base_link,"['wheel_left_joint', 'wheel_right_joint', 'joint1', 'joint2', 'joint3', 'joint4', 'gripper']",0.010737867094576359,0.016873791813850403,-0.015339808538556099,-0.8574953079223633,0.24543693661689758,0.6427379846572876,0.0,0.0,0.0,0.0,0.0,0.0,0.0,0.0,0.0,0.0,0.0,-21.520000457763672,-314.7300109863281,-104.91000366210938,0.0
1781051299.526234,605649,1781051299,488972566,base_link,"['wheel_left_joint', 'wheel_right_joint', 'joint1', 'joint2', 'joint3', 'joint4', 'gripper']",0.010737867094576359,0.016873791813850403,-0.015339808538556099,-0.8574953079223633,0.24543693661689758,0.6427379846572876,0.0,0.0,0.0,0.0,0.0,0.0,0.0,0.0,0.0,0.0,0.0,-21.520000457763672,-312.0400085449219,-104.91000366210938,0.0
1781051299.5486445,605650,1781051299,523972566,base_link,"['wheel_left_joint', 'wheel_right_joint', 'joint1', 'joint2', 'joint3', 'joint4', 'gripper']",0.010737867094576359,0.016873791813850403,-0.015339808538556099,-0.8574953079223633,0.24543693661689758,0.6427379846572876,0.0,0.0,0.0,0.0,0.0,0.0,0.0,0.0,0.0,0.0,0.0,-21.520000457763672,-312.0400085449219,-104.91000366210938,0.0
1781051299.602809,605651,1781051299,557972566,base_link,"['wheel_left_joint', 'wheel_right_joint', 'joint1', 'joint2', 'joint3', 'joint4', 'gripper']",0.010737867094576359,0.016873791813850403,-0.015339808538556099,-0.8574953079223633,0.24543693661689758,0.6427379846572876,0.0,0.0,0.0,0.0,0.0,0.0,0.0,0.0,0.0,0.0,0.0,-21.520000457763672,-312.0400085449219,-107.60000610351562,0.0
1781051299.6164098,605652,1781051299,603972566,base_link,"['wheel_left_joint', 'wheel_right_joint', 'joint1', 'joint2', 'joint3', 'joint4', 'gripper']",0.010737867094576359,0.016873791813850403,-0.015339808538556099,-0.8574953079223633,0.24543693661689758,0.6427379846572876,0.0,0.0,0.0,0.0,0.0,0.0,0.0,0.0,0.0,0.0,0.0,-18.829999923706055,-312.0400085449219,-104.91000366210938,0.0
1781051299.6701322,605653,1781051299,637972566,base_link,"['wheel_left_joint', 'wheel_right_joint', 'joint1', 'joint2', 'joint3', 'joint4', 'gripper']",0.010737867094576359,0.016873791813850403,-0.015339808538556099,-0.8574953079223633,0.24543693661689758,0.644271969795227,0.0,0.0,0.0,0.0,0.0,0.0,0.0,0.0,0.0,0.0,0.0,-21.520000457763672,-314.7300109863281,-107.60000610351562,0.0
1781051299.6966283,605654,1781051299,687972566,base_link,"['wheel_left_joint', 'wheel_right_joint', 'joint1', 'joint2', 'joint3', 'joint4', 'gripper']",0.010737867094576359,0.016873791813850403,-0.015339808538556099,-0.8574953079223633,0.24543693661689758,0.644271969795227,0.0,0.0,0.0,0.0,0.0,0.0,0.0,0.0,0.0,0.0,0.0,-21.520000457763672,-314.7300109863281,-104.91000366210938,0.0
1781051299.7444227,605655,1781051299,721972566,base_link,"['wheel_left_joint', 'wheel_right_joint', 'joint1', 'joint2', 'joint3', 'joint4', 'gripper']",0.010737867094576359,0.016873791813850403,-0.015339808538556099,-0.8574953079223633,0.24543693661689758,0.6427379846572876,0.0,0.0,0.0,0.0,0.0,0.0,0.0,0.0,0.0,0.0,0.0,-18.829999923706055,-314.7300109863281,-104.91000366210938,0.0
1781051299.794844,605656,1781051299,779972566,base_link,"['wheel_left_joint', 'wheel_right_joint', 'joint1', 'joint2', 'joint3', 'joint4', 'gripper']",0.010737867094576359,0.016873791813850403,-0.015339808538556099,-0.8574953079223633,0.24543693661689758,0.6427379846572876,0.0,0.0,0.0,0.0,0.0,0.0,0.0,0.0,0.0,0.0,0.0,-21.520000457763672,-314.7300109863281,-104.91000366210938,0.0
1781051299.8417094,605657,1781051299,812972566,base_link,"['wheel_left_joint', 'wheel_right_joint', 'joint1', 'joint2', 'joint3', 'joint4', 'gripper']",0.010737867094576359,0.016873791813850403,-0.015339808538556099,-0.8574953079223633,0.24543693661689758,0.6427379846572876,0.0,0.0,0.0,0.0,0.0,0.0,0.0,0.0,0.0,0.0,0.0,-18.829999923706055,-312.0400085449219,-107.60000610351562,0.0
1781051299.8685403,605658,1781051299,859972566,base_link,"['wheel_left_joint', 'wheel_right_joint', 'joint1', 'joint2', 'joint3', 'joint4', 'gripper']",0.010737867094576359,0.016873791813850403,-0.015339808538556099,-0.8574953079223633,0.24543693661689758,0.6427379846572876,0.0,0.0,0.0,0.0,0.0,0.0,0.0,0.0,0.0,0.0,0.0,-18.829999923706055,-312.0400085449219,-104.91000366210938,0.0
1781051299.9150221,605659,1781051299,892972566,base_link,"['wheel_left_joint', 'wheel_right_joint', 'joint1', 'joint2', 'joint3', 'joint4', 'gripper']",0.010737867094576359,0.016873791813850403,-0.015339808538556099,-0.8574953079223633,0.24543693661689758,0.6427379846572876,0.0,0.0,0.0,0.0,0.0,0.0,0.0,0.0,0.0,0.0,0.0,-21.520000457763672,-314.7300109863281,-104.91000366210938,0.0
1781051299.9626632,605660,1781051299,951972566,base_link,"['wheel_left_joint', 'wheel_right_joint', 'joint1', 'joint2', 'joint3', 'joint4', 'gripper']",0.010737867094576359,0.016873791813850403,-0.015339808538556099,-0.8574953079223633,0.24543693661689758,0.6427379846572876,0.0,0.0,0.0,0.0,0.0,0.0,0.0,0.0,0.0,0.0,0.0,-21.520000457763672,-314.7300109863281,-104.91000366210938,0.0
1781051300.0122762,605661,1781051299,985972566,base_link,"['wheel_left_joint', 'wheel_right_joint', 'joint1', 'joint2', 'joint3', 'joint4', 'gripper']",0.010737867094576359,0.016873791813850403,-0.015339808538556099,-0.8574953079223633,0.24543693661689758,0.6427379846572876,0.0,0.0,0.0,0.0,0.0,0.0,0.0,0.0,0.0,0.0,0.0,-18.829999923706055,-312.0400085449219,-104.91000366210938,0.0
1781051300.049861,605662,1781051300,40972566,base_link,"['wheel_left_joint', 'wheel_right_joint', 'joint1', 'joint2', 'joint3', 'joint4', 'gripper']",0.010737867094576359,0.016873791813850403,-0.015339808538556099,-0.8574953079223633,0.24543693661689758,0.6427379846572876,0.0,0.0,0.0,0.0,0.0,0.0,0.0,0.0,0.0,0.0,0.0,-18.829999923706055,-312.0400085449219,-104.91000366210938,0.0
1781051300.0989528,605663,1781051300,74972566,base_link,"['wheel_left_joint', 'wheel_right_joint', 'joint1', 'joint2', 'joint3', 'joint4', 'gripper']",0.010737867094576359,0.016873791813850403,-0.015339808538556099,-0.8574953079223633,0.24543693661689758,0.6427379846572876,0.0,0.0,0.0,0.0,0.0,0.0,0.0,0.0,0.0,0.0,0.0,-21.520000457763672,-312.0400085449219,-107.60000610351562,0.0
1781051300.1467514,605664,1781051300,107972566,base_link,"['wheel_left_joint', 'wheel_right_joint', 'joint1', 'joint2', 'joint3', 'joint4', 'gripper']",0.010737867094576359,0.016873791813850403,-0.015339808538556099,-0.8574953079223633,0.24543693661689758,0.6427379846572876,0.0,0.0,0.0,0.0,0.0,0.0,0.0,0.0,0.0,0.0,0.0,-21.520000457763672,-314.7300109863281,-104.91000366210938,0.0
1781051300.1681664,605665,1781051300,150972566,base_link,"['wheel_left_joint', 'wheel_right_joint', 'joint1', 'joint2', 'joint3', 'joint4', 'gripper']",0.010737867094576359,0.016873791813850403,-0.015339808538556099,-0.8574953079223633,0.24543693661689758,0.644271969795227,0.0,0.0,0.0,0.0,0.0,0.0,0.0,0.0,0.0,0.0,0.0,-21.520000457763672,-314.7300109863281,-104.91000366210938,0.0
1781051300.2200048,605666,1781051300,184972566,base_link,"['wheel_left_joint', 'wheel_right_joint', 'joint1', 'joint2', 'joint3', 'joint4', 'gripper']",0.010737867094576359,0.016873791813850403,-0.015339808538556099,-0.8574953079223633,0.24543693661689758,0.6427379846572876,0.0,0.0,0.0,0.0,0.0,0.0,0.0,0.0,0.0,0.0,0.0,-21.520000457763672,-314.7300109863281,-104.91000366210938,0.0
1781051300.2409778,605667,1781051300,233972566,base_link,"['wheel_left_joint', 'wheel_right_joint', 'joint1', 'joint2', 'joint3', 'joint4', 'gripper']",0.010737867094576359,0.016873791813850403,-0.015339808538556099,-0.8574953079223633,0.24543693661689758,0.6427379846572876,0.0,0.0,0.0,0.0,0.0,0.0,0.0,0.0,0.0,0.0,0.0,-21.520000457763672,-312.0400085449219,-104.91000366210938,0.0
1781051300.2870455,605668,1781051300,266972566,base_link,"['wheel_left_joint', 'wheel_right_joint', 'joint1', 'joint2', 'joint3', 'joint4', 'gripper']",0.010737867094576359,0.016873791813850403,-0.015339808538556099,-0.8574953079223633,0.24543693661689758,0.6427379846572876,0.0,0.0,0.0,0.0,0.0,0.0,0.0,0.0,0.0,0.0,0.0,-21.520000457763672,-312.0400085449219,-104.91000366210938,0.0
1781051300.3357382,605669,1781051300,300972566,base_link,"['wheel_left_joint', 'wheel_right_joint', 'joint1', 'joint2', 'joint3', 'joint4', 'gripper']",0.010737867094576359,0.016873791813850403,-0.015339808538556099,-0.8574953079223633,0.24543693661689758,0.6427379846572876,0.0,0.0,0.0,0.0,0.0,0.0,0.0,0.0,0.0,0.0,0.0,-18.829999923706055,-312.0400085449219,-104.91000366210938,0.0
1781051300.3577192,605670,1781051300,340972566,base_link,"['wheel_left_joint', 'wheel_right_joint', 'joint1', 'joint2', 'joint3', 'joint4', 'gripper']",0.010737867094576359,0.016873791813850403,-0.015339808538556099,-0.8574953079223633,0.24543693661689758,0.6427379846572876,0.0,0.0,0.0,0.0,0.0,0.0,0.0,0.0,0.0,0.0,0.0,-21.520000457763672,-312.0400085449219,-104.91000366210938,0.0
1781051300.4046578,605671,1781051300,373972566,base_link,"['wheel_left_joint', 'wheel_right_joint', 'joint1', 'joint2', 'joint3', 'joint4', 'gripper']",0.010737867094576359,0.016873791813850403,-0.015339808538556099,-0.8574953079223633,0.24543693661689758,0.6427379846572876,0.0,0.0,0.0,0.0,0.0,0.0,0.0,0.0,0.0,0.0,0.0,-21.520000457763672,-314.7300109863281,-104.91000366210938,0.0
1781051300.432462,605672,1781051300,422972566,base_link,"['wheel_left_joint', 'wheel_right_joint', 'joint1', 'joint2', 'joint3', 'joint4', 'gripper']",0.010737867094576359,0.016873791813850403,-0.015339808538556099,-0.8574953079223633,0.24543693661689758,0.6427379846572876,0.0,0.0,0.0,0.0,0.0,0.0,0.0,0.0,0.0,0.0,0.0,-21.520000457763672,-314.7300109863281,-104.91000366210938,0.0
1781051300.4795477,605673,1781051300,455972566,base_link,"['wheel_left_joint', 'wheel_right_joint', 'joint1', 'joint2', 'joint3', 'joint4', 'gripper']",0.010737867094576359,0.016873791813850403,-0.015339808538556099,-0.8574953079223633,0.24543693661689758,0.6427379846572876,0.0,0.0,0.0,0.0,0.0,0.0,0.0,0.0,0.0,0.0,0.0,-21.520000457763672,-312.0400085449219,-104.91000366210938,0.0
1781051300.5296633,605674,1781051300,489972566,base_link,"['wheel_left_joint', 'wheel_right_joint', 'joint1', 'joint2', 'joint3', 'joint4', 'gripper']",0.010737867094576359,0.016873791813850403,-0.015339808538556099,-0.8574953079223633,0.24543693661689758,0.6427379846572876,0.0,0.0,0.0,0.0,0.0,0.0,0.0,0.0,0.0,0.0,0.0,-21.520000457763672,-312.0400085449219,-104.91000366210938,0.0
1781051300.5476038,605675,1781051300,531972566,base_link,"['wheel_left_joint', 'wheel_right_joint', 'joint1', 'joint2', 'joint3', 'joint4', 'gripper']",0.010737867094576359,0.016873791813850403,-0.015339808538556099,-0.8574953079223633,0.24543693661689758,0.644271969795227,0.0,0.0,0.0,0.0,0.0,0.0,0.0,0.0,0.0,0.0,0.0,-18.829999923706055,-312.0400085449219,-104.91000366210938,0.0
1781051300.596322,605676,1781051300,564972566,base_link,"['wheel_left_joint', 'wheel_right_joint', 'joint1', 'joint2', 'joint3', 'joint4', 'gripper']",0.010737867094576359,0.016873791813850403,-0.015339808538556099,-0.8574953079223633,0.24543693661689758,0.6427379846572876,0.0,0.0,0.0,0.0,0.0,0.0,0.0,0.0,0.0,0.0,0.0,-21.520000457763672,-312.0400085449219,-104.91000366210938,0.0
1781051300.622751,605677,1781051300,613972566,base_link,"['wheel_left_joint', 'wheel_right_joint', 'joint1', 'joint2', 'joint3', 'joint4', 'gripper']",0.010737867094576359,0.016873791813850403,-0.015339808538556099,-0.8574953079223633,0.24543693661689758,0.6427379846572876,0.0,0.0,0.0,0.0,0.0,0.0,0.0,0.0,0.0,0.0,0.0,-18.829999923706055,-312.0400085449219,-104.91000366210938,0.0
1781051300.6707036,605678,1781051300,646972566,base_link,"['wheel_left_joint', 'wheel_right_joint', 'joint1', 'joint2', 'joint3', 'joint4', 'gripper']",0.010737867094576359,0.016873791813850403,-0.015339808538556099,-0.8574953079223633,0.24543693661689758,0.6427379846572876,0.0,0.0,0.0,0.0,0.0,0.0,0.0,0.0,0.0,0.0,0.0,-21.520000457763672,-314.7300109863281,-104.91000366210938,0.0
1781051300.71807,605679,1781051300,702972566,base_link,"['wheel_left_joint', 'wheel_right_joint', 'joint1', 'joint2', 'joint3', 'joint4', 'gripper']",0.010737867094576359,0.016873791813850403,-0.015339808538556099,-0.8574953079223633,0.24543693661689758,0.6427379846572876,0.0,0.0,0.0,0.0,0.0,0.0,0.0,0.0,0.0,0.0,0.0,-21.520000457763672,-312.0400085449219,-104.91000366210938,0.0
1781051300.766475,605680,1781051300,735972566,base_link,"['wheel_left_joint', 'wheel_right_joint', 'joint1', 'joint2', 'joint3', 'joint4', 'gripper']",0.010737867094576359,0.016873791813850403,-0.015339808538556099,-0.8574953079223633,0.24543693661689758,0.6427379846572876,0.0,0.0,0.0,0.0,0.0,0.0,0.0,0.0,0.0,0.0,0.0,-21.520000457763672,-317.4200134277344,-104.91000366210938,0.0
1781051300.7880297,605681,1781051300,778972566,base_link,"['wheel_left_joint', 'wheel_right_joint', 'joint1', 'joint2', 'joint3', 'joint4', 'gripper']",0.010737867094576359,0.016873791813850403,-0.015339808538556099,-0.8574953079223633,0.24543693661689758,0.6427379846572876,0.0,0.0,0.0,0.0,0.0,0.0,0.0,0.0,0.0,0.0,0.0,-21.520000457763672,-314.7300109863281,-104.91000366210938,0.0
1781051300.8375041,605682,1781051300,812972566,base_link,"['wheel_left_joint', 'wheel_right_joint', 'joint1', 'joint2', 'joint3', 'joint4', 'gripper']",0.010737867094576359,0.016873791813850403,-0.015339808538556099,-0.8574953079223633,0.24543693661689758,0.6427379846572876,0.0,0.0,0.0,0.0,0.0,0.0,0.0,0.0,0.0,0.0,0.0,-18.829999923706055,-312.0400085449219,-104.91000366210938,0.0
1781051300.864225,605683,1781051300,855972566,base_link,"['wheel_left_joint', 'wheel_right_joint', 'joint1', 'joint2', 'joint3', 'joint4', 'gripper']",0.010737867094576359,0.016873791813850403,-0.015339808538556099,-0.8574953079223633,0.24543693661689758,0.6427379846572876,0.0,0.0,0.0,0.0,0.0,0.0,0.0,0.0,0.0,0.0,0.0,-21.520000457763672,-314.7300109863281,-104.91000366210938,0.0
1781051300.9109035,605684,1781051300,888972566,base_link,"['wheel_left_joint', 'wheel_right_joint', 'joint1', 'joint2', 'joint3', 'joint4', 'gripper']",0.010737867094576359,0.016873791813850403,-0.015339808538556099,-0.8574953079223633,0.24543693661689758,0.644271969795227,0.0,0.0,0.0,0.0,0.0,0.0,0.0,0.0,0.0,0.0,0.0,-18.829999923706055,-314.7300109863281,-104.91000366210938,0.0
1781051300.9592106,605685,1781051300,922972566,base_link,"['wheel_left_joint', 'wheel_right_joint', 'joint1', 'joint2', 'joint3', 'joint4', 'gripper']",0.010737867094576359,0.016873791813850403,-0.015339808538556099,-0.8574953079223633,0.24543693661689758,0.644271969795227,0.0,0.0,0.0,0.0,0.0,0.0,0.0,0.0,0.0,0.0,0.0,-21.520000457763672,-312.0400085449219,-104.91000366210938,0.0
1781051300.9801135,605686,1781051300,964972566,base_link,"['wheel_left_joint', 'wheel_right_joint', 'joint1', 'joint2', 'joint3', 'joint4', 'gripper']",0.010737867094576359,0.016873791813850403,-0.015339808538556099,-0.8574953079223633,0.24543693661689758,0.6427379846572876,0.0,0.0,0.0,0.0,0.0,0.0,0.0,0.0,0.0,0.0,0.0,-18.829999923706055,-314.7300109863281,-104.91000366210938,0.0
1781051301.028057,605687,1781051300,998972566,base_link,"['wheel_left_joint', 'wheel_right_joint', 'joint1', 'joint2', 'joint3', 'joint4', 'gripper']",0.010737867094576359,0.016873791813850403,-0.015339808538556099,-0.8574953079223633,0.24543693661689758,0.6427379846572876,0.0,0.0,0.0,0.0,0.0,0.0,0.0,0.0,0.0,0.0,0.0,-21.520000457763672,-314.7300109863281,-107.60000610351562,0.0
1781051301.0545504,605688,1781051301,45972566,base_link,"['wheel_left_joint', 'wheel_right_joint', 'joint1', 'joint2', 'joint3', 'joint4', 'gripper']",0.010737867094576359,0.016873791813850403,-0.015339808538556099,-0.8574953079223633,0.24543693661689758,0.6427379846572876,0.0,0.0,0.0,0.0,0.0,0.0,0.0,0.0,0.0,0.0,0.0,-18.829999923706055,-312.0400085449219,-104.91000366210938,0.0
1781051301.1030815,605689,1781051301,78972566,base_link,"['wheel_left_joint', 'wheel_right_joint', 'joint1', 'joint2', 'joint3', 'joint4', 'gripper']",0.010737867094576359,0.016873791813850403,-0.015339808538556099,-0.8574953079223633,0.24543693661689758,0.6427379846572876,0.0,0.0,0.0,0.0,0.0,0.0,0.0,0.0,0.0,0.0,0.0,-21.520000457763672,-312.0400085449219,-107.60000610351562,0.0
1781051301.150689,605690,1781051301,112972566,base_link,"['wheel_left_joint', 'wheel_right_joint', 'joint1', 'joint2', 'joint3', 'joint4', 'gripper']",0.010737867094576359,0.016873791813850403,-0.015339808538556099,-0.8574953079223633,0.24543693661689758,0.6427379846572876,0.0,0.0,0.0,0.0,0.0,0.0,0.0,0.0,0.0,0.0,0.0,-21.520000457763672,-312.0400085449219,-104.91000366210938,0.0
1781051301.1735706,605691,1781051301,155972566,base_link,"['wheel_left_joint', 'wheel_right_joint', 'joint1', 'joint2', 'joint3', 'joint4', 'gripper']",0.010737867094576359,0.016873791813850403,-0.015339808538556099,-0.8574953079223633,0.24543693661689758,0.6427379846572876,0.0,0.0,0.0,0.0,0.0,0.0,0.0,0.0,0.0,0.0,0.0,-21.520000457763672,-312.0400085449219,-104.91000366210938,0.0
1781051301.2205064,605692,1781051301,189972566,base_link,"['wheel_left_joint', 'wheel_right_joint', 'joint1', 'joint2', 'joint3', 'joint4', 'gripper']",0.010737867094576359,0.016873791813850403,-0.015339808538556099,-0.8574953079223633,0.24543693661689758,0.6427379846572876,0.0,0.0,0.0,0.0,0.0,0.0,0.0,0.0,0.0,0.0,0.0,-18.829999923706055,-312.0400085449219,-102.22000122070312,0.0
1781051301.2430563,605693,1781051301,232972566,base_link,"['wheel_left_joint', 'wheel_right_joint', 'joint1', 'joint2', 'joint3', 'joint4', 'gripper']",0.010737867094576359,0.016873791813850403,-0.015339808538556099,-0.8574953079223633,0.24543693661689758,0.6427379846572876,0.0,0.0,0.0,0.0,0.0,0.0,0.0,0.0,0.0,0.0,0.0,-21.520000457763672,-312.0400085449219,-104.91000366210938,0.0
1781051301.2880762,605694,1781051301,266972566,base_link,"['wheel_left_joint', 'wheel_right_joint', 'joint1', 'joint2', 'joint3', 'joint4', 'gripper']",0.010737867094576359,0.016873791813850403,-0.015339808538556099,-0.8574953079223633,0.24543693661689758,0.6427379846572876,0.0,0.0,0.0,0.0,0.0,0.0,0.0,0.0,0.0,0.0,0.0,-21.520000457763672,-314.7300109863281,-104.91000366210938,0.0
1781051301.3250978,605695,1781051301,310972566,base_link,"['wheel_left_joint', 'wheel_right_joint', 'joint1', 'joint2', 'joint3', 'joint4', 'gripper']",0.010737867094576359,0.016873791813850403,-0.015339808538556099,-0.8574953079223633,0.24543693661689758,0.6427379846572876,0.0,0.0,0.0,0.0,0.0,0.0,0.0,0.0,0.0,0.0,0.0,-18.829999923706055,-312.0400085449219,-104.91000366210938,0.0
1781051301.3723328,605696,1781051301,343972566,base_link,"['wheel_left_joint', 'wheel_right_joint', 'joint1', 'joint2', 'joint3', 'joint4', 'gripper']",0.010737867094576359,0.016873791813850403,-0.015339808538556099,-0.8574953079223633,0.24543693661689758,0.6427379846572876,0.0,0.0,0.0,0.0,0.0,0.0,0.0,0.0,0.0,0.0,0.0,-21.520000457763672,-314.7300109863281,-104.91000366210938,0.0
1781051301.3994398,605697,1781051301,390972566,base_link,"['wheel_left_joint', 'wheel_right_joint', 'joint1', 'joint2', 'joint3', 'joint4', 'gripper']",0.010737867094576359,0.016873791813850403,-0.015339808538556099,-0.8574953079223633,0.24543693661689758,0.6427379846572876,0.0,0.0,0.0,0.0,0.0,0.0,0.0,0.0,0.0,0.0,0.0,-21.520000457763672,-314.7300109863281,-104.91000366210938,0.0
1781051301.4475844,605698,1781051301,424972566,base_link,"['wheel_left_joint', 'wheel_right_joint', 'joint1', 'joint2', 'joint3', 'joint4', 'gripper']",0.010737867094576359,0.016873791813850403,-0.015339808538556099,-0.8574953079223633,0.24543693661689758,0.6427379846572876,0.0,0.0,0.0,0.0,0.0,0.0,0.0,0.0,0.0,0.0,0.0,-21.520000457763672,-314.7300109863281,-107.60000610351562,0.0
1781051301.49445,605699,1781051301,457972566,base_link,"['wheel_left_joint', 'wheel_right_joint', 'joint1', 'joint2', 'joint3', 'joint4', 'gripper']",0.010737867094576359,0.016873791813850403,-0.015339808538556099,-0.8574953079223633,0.24543693661689758,0.6427379846572876,0.0,0.0,0.0,0.0,0.0,0.0,0.0,0.0,0.0,0.0,0.0,-21.520000457763672,-312.0400085449219,-104.91000366210938,0.0
1781051301.5158725,605700,1781051301,497972566,base_link,"['wheel_left_joint', 'wheel_right_joint', 'joint1', 'joint2', 'joint3', 'joint4', 'gripper']",0.010737867094576359,0.016873791813850403,-0.015339808538556099,-0.8574953079223633,0.24543693661689758,0.6427379846572876,0.0,0.0,0.0,0.0,0.0,0.0,0.0,0.0,0.0,0.0,0.0,-18.829999923706055,-312.0400085449219,-104.91000366210938,0.0
1781051301.5640008,605701,1781051301,531972566,base_link,"['wheel_left_joint', 'wheel_right_joint', 'joint1', 'joint2', 'joint3', 'joint4', 'gripper']",0.010737867094576359,0.016873791813850403,-0.015339808538556099,-0.8574953079223633,0.24543693661689758,0.6427379846572876,0.0,0.0,0.0,0.0,0.0,0.0,0.0,0.0,0.0,0.0,0.0,-18.829999923706055,-314.7300109863281,-104.91000366210938,0.0
1781051301.5927694,605702,1781051301,576972566,base_link,"['wheel_left_joint', 'wheel_right_joint', 'joint1', 'joint2', 'joint3', 'joint4', 'gripper']",0.010737867094576359,0.016873791813850403,-0.015339808538556099,-0.8574953079223633,0.24543693661689758,0.6427379846572876,0.0,0.0,0.0,0.0,0.0,0.0,0.0,0.0,0.0,0.0,0.0,-21.520000457763672,-312.0400085449219,-104.91000366210938,0.0
1781051301.6409605,605703,1781051301,610972566,base_link,"['wheel_left_joint', 'wheel_right_joint', 'joint1', 'joint2', 'joint3', 'joint4', 'gripper']",0.010737867094576359,0.016873791813850403,-0.015339808538556099,-0.8574953079223633,0.24543693661689758,0.644271969795227,0.0,0.0,0.0,0.0,0.0,0.0,0.0,0.0,0.0,0.0,0.0,-18.829999923706055,-314.7300109863281,-104.91000366210938,0.0
1781051301.667135,605704,1781051301,655626611,base_link,"['wheel_left_joint', 'wheel_right_joint', 'joint1', 'joint2', 'joint3', 'joint4', 'gripper']",0.010737867094576359,0.016873791813850403,-0.015339808538556099,-0.8574953079223633,0.24543693661689758,0.6427379846572876,0.0,0.0,0.0,0.0,0.0,0.0,0.0,0.0,0.0,0.0,0.0,-21.520000457763672,-317.4200134277344,-104.91000366210938,0.0
1781051301.7146158,605705,1781051301,689626611,base_link,"['wheel_left_joint', 'wheel_right_joint', 'joint1', 'joint2', 'joint3', 'joint4', 'gripper']",0.010737867094576359,0.016873791813850403,-0.015339808538556099,-0.8574953079223633,0.24543693661689758,0.644271969795227,0.0,0.0,0.0,0.0,0.0,0.0,0.0,0.0,0.0,0.0,0.0,-21.520000457763672,-317.4200134277344,-104.91000366210938,0.0
1781051301.7416625,605706,1781051301,729626611,base_link,"['wheel_left_joint', 'wheel_right_joint', 'joint1', 'joint2', 'joint3', 'joint4', 'gripper']",0.010737867094576359,0.016873791813850403,-0.015339808538556099,-0.8574953079223633,0.24543693661689758,0.6427379846572876,0.0,0.0,0.0,0.0,0.0,0.0,0.0,0.0,0.0,0.0,0.0,-21.520000457763672,-314.7300109863281,-104.91000366210938,0.0
1781051301.7883735,605707,1781051301,763626611,base_link,"['wheel_left_joint', 'wheel_right_joint', 'joint1', 'joint2', 'joint3', 'joint4', 'gripper']",0.010737867094576359,0.016873791813850403,-0.015339808538556099,-0.8574953079223633,0.24543693661689758,0.6427379846572876,0.0,0.0,0.0,0.0,0.0,0.0,0.0,0.0,0.0,0.0,0.0,-18.829999923706055,-312.0400085449219,-104.91000366210938,0.0
1781051301.8153071,605708,1781051301,809626611,base_link,"['wheel_left_joint', 'wheel_right_joint', 'joint1', 'joint2', 'joint3', 'joint4', 'gripper']",0.010737867094576359,0.016873791813850403,-0.015339808538556099,-0.8574953079223633,0.24543693661689758,0.6427379846572876,0.0,0.0,0.0,0.0,0.0,0.0,0.0,0.0,0.0,0.0,0.0,-18.829999923706055,-314.7300109863281,-107.60000610351562,0.0
1781051301.864552,605709,1781051301,843626611,base_link,"['wheel_left_joint', 'wheel_right_joint', 'joint1', 'joint2', 'joint3', 'joint4', 'gripper']",0.010737867094576359,0.016873791813850403,-0.015339808538556099,-0.8574953079223633,0.24543693661689758,0.644271969795227,0.0,0.0,0.0,0.0,0.0,0.0,0.0,0.0,0.0,0.0,0.0,-18.829999923706055,-314.7300109863281,-104.91000366210938,0.0
1781051301.914034,605710,1781051301,907626611,base_link,"['wheel_left_joint', 'wheel_right_joint', 'joint1', 'joint2', 'joint3', 'joint4', 'gripper']",0.010737867094576359,0.016873791813850403,-0.015339808538556099,-0.8574953079223633,0.24543693661689758,0.6427379846572876,0.0,0.0,0.0,0.0,0.0,0.0,0.0,0.0,0.0,0.0,0.0,-21.520000457763672,-314.7300109863281,-107.60000610351562,0.0
1781051301.9610803,605711,1781051301,941626611,base_link,"['wheel_left_joint', 'wheel_right_joint', 'joint1', 'joint2', 'joint3', 'joint4', 'gripper']",0.010737867094576359,0.016873791813850403,-0.015339808538556099,-0.8574953079223633,0.24543693661689758,0.6427379846572876,0.0,0.0,0.0,0.0,0.0,0.0,0.0,0.0,0.0,0.0,0.0,-21.520000457763672,-314.7300109863281,-107.60000610351562,0.0
1781051302.009167,605712,1781051301,975626611,base_link,"['wheel_left_joint', 'wheel_right_joint', 'joint1', 'joint2', 'joint3', 'joint4', 'gripper']",0.010737867094576359,0.016873791813850403,-0.015339808538556099,-0.8574953079223633,0.24543693661689758,0.6427379846572876,0.0,0.0,0.0,0.0,0.0,0.0,0.0,0.0,0.0,0.0,0.0,-18.829999923706055,-314.7300109863281,-104.91000366210938,0.0
1781051302.029167,605713,1781051302,12626611,base_link,"['wheel_left_joint', 'wheel_right_joint', 'joint1', 'joint2', 'joint3', 'joint4', 'gripper']",0.010737867094576359,0.016873791813850403,-0.015339808538556099,-0.8574953079223633,0.24543693661689758,0.6427379846572876,0.0,0.0,0.0,0.0,0.0,0.0,0.0,0.0,0.0,0.0,0.0,-18.829999923706055,-314.7300109863281,-104.91000366210938,0.0
1781051302.0782747,605714,1781051302,45626611,base_link,"['wheel_left_joint', 'wheel_right_joint', 'joint1', 'joint2', 'joint3', 'joint4', 'gripper']",0.010737867094576359,0.016873791813850403,-0.015339808538556099,-0.8574953079223633,0.24543693661689758,0.6427379846572876,0.0,0.0,0.0,0.0,0.0,0.0,0.0,0.0,0.0,0.0,0.0,-18.829999923706055,-314.7300109863281,-104.91000366210938,0.0
1781051302.1059542,605715,1781051302,92626611,base_link,"['wheel_left_joint', 'wheel_right_joint', 'joint1', 'joint2', 'joint3', 'joint4', 'gripper']",0.010737867094576359,0.016873791813850403,-0.015339808538556099,-0.8574953079223633,0.24543693661689758,0.6427379846572876,0.0,0.0,0.0,0.0,0.0,0.0,0.0,0.0,0.0,0.0,0.0,-21.520000457763672,-314.7300109863281,-104.91000366210938,0.0
1781051302.151973,605716,1781051302,125626611,base_link,"['wheel_left_joint', 'wheel_right_joint', 'joint1', 'joint2', 'joint3', 'joint4', 'gripper']",0.010737867094576359,0.016873791813850403,-0.015339808538556099,-0.8574953079223633,0.24543693661689758,0.6427379846572876,0.0,0.0,0.0,0.0,0.0,0.0,0.0,0.0,0.0,0.0,0.0,-21.520000457763672,-312.0400085449219,-104.91000366210938,0.0
1781051302.1801171,605717,1781051302,169626611,base_link,"['wheel_left_joint', 'wheel_right_joint', 'joint1', 'joint2', 'joint3', 'joint4', 'gripper']",0.010737867094576359,0.016873791813850403,-0.015339808538556099,-0.8574953079223633,0.24543693661689758,0.6427379846572876,0.0,0.0,0.0,0.0,0.0,0.0,0.0,0.0,0.0,0.0,0.0,-18.829999923706055,-312.0400085449219,-104.91000366210938,0.0
1781051302.2265983,605718,1781051302,202626611,base_link,"['wheel_left_joint', 'wheel_right_joint', 'joint1', 'joint2', 'joint3', 'joint4', 'gripper']",0.010737867094576359,0.016873791813850403,-0.015339808538556099,-0.8574953079223633,0.24543693661689758,0.6427379846572876,0.0,0.0,0.0,0.0,0.0,0.0,0.0,0.0,0.0,0.0,0.0,-21.520000457763672,-312.0400085449219,-104.91000366210938,0.0
1781051302.265479,605719,1781051302,258626611,base_link,"['wheel_left_joint', 'wheel_right_joint', 'joint1', 'joint2', 'joint3', 'joint4', 'gripper']",0.010737867094576359,0.016873791813850403,-0.015339808538556099,-0.8574953079223633,0.24543693661689758,0.6427379846572876,0.0,0.0,0.0,0.0,0.0,0.0,0.0,0.0,0.0,0.0,0.0,-21.520000457763672,-314.7300109863281,-104.91000366210938,0.0
1781051302.3109205,605720,1781051302,291626611,base_link,"['wheel_left_joint', 'wheel_right_joint', 'joint1', 'joint2', 'joint3', 'joint4', 'gripper']",0.010737867094576359,0.016873791813850403,-0.015339808538556099,-0.8574953079223633,0.24543693661689758,0.6427379846572876,0.0,0.0,0.0,0.0,0.0,0.0,0.0,0.0,0.0,0.0,0.0,-18.829999923706055,-312.0400085449219,-104.91000366210938,0.0
1781051302.3593526,605721,1781051302,325626611,base_link,"['wheel_left_joint', 'wheel_right_joint', 'joint1', 'joint2', 'joint3', 'joint4', 'gripper']",0.010737867094576359,0.016873791813850403,-0.015339808538556099,-0.8574953079223633,0.24543693661689758,0.6427379846572876,0.0,0.0,0.0,0.0,0.0,0.0,0.0,0.0,0.0,0.0,0.0,-18.829999923706055,-312.0400085449219,-104.91000366210938,0.0
1781051302.3800755,605722,1781051302,373626611,base_link,"['wheel_left_joint', 'wheel_right_joint', 'joint1', 'joint2', 'joint3', 'joint4', 'gripper']",0.010737867094576359,0.016873791813850403,-0.015339808538556099,-0.8574953079223633,0.24543693661689758,0.6427379846572876,0.0,0.0,0.0,0.0,0.0,0.0,0.0,0.0,0.0,0.0,0.0,-18.829999923706055,-312.0400085449219,-107.60000610351562,0.0
1781051302.427746,605723,1781051302,406626611,base_link,"['wheel_left_joint', 'wheel_right_joint', 'joint1', 'joint2', 'joint3', 'joint4', 'gripper']",0.010737867094576359,0.016873791813850403,-0.015339808538556099,-0.8574953079223633,0.24543693661689758,0.644271969795227,0.0,0.0,0.0,0.0,0.0,0.0,0.0,0.0,0.0,0.0,0.0,-21.520000457763672,-314.7300109863281,-104.91000366210938,0.0
1781051302.4656203,605724,1781051302,451626611,base_link,"['wheel_left_joint', 'wheel_right_joint', 'joint1', 'joint2', 'joint3', 'joint4', 'gripper']",0.010737867094576359,0.016873791813850403,-0.015339808538556099,-0.8574953079223633,0.24543693661689758,0.6427379846572876,0.0,0.0,0.0,0.0,0.0,0.0,0.0,0.0,0.0,0.0,0.0,-21.520000457763672,-312.0400085449219,-104.91000366210938,0.0
1781051302.5135634,605725,1781051302,484626611,base_link,"['wheel_left_joint', 'wheel_right_joint', 'joint1', 'joint2', 'joint3', 'joint4', 'gripper']",0.010737867094576359,0.016873791813850403,-0.015339808538556099,-0.8574953079223633,0.24543693661689758,0.6427379846572876,0.0,0.0,0.0,0.0,0.0,0.0,0.0,0.0,0.0,0.0,0.0,-18.829999923706055,-312.0400085449219,-104.91000366210938,0.0
1781051302.539797,605726,1781051302,532626611,base_link,"['wheel_left_joint', 'wheel_right_joint', 'joint1', 'joint2', 'joint3', 'joint4', 'gripper']",0.010737867094576359,0.016873791813850403,-0.015339808538556099,-0.8574953079223633,0.24543693661689758,0.6427379846572876,0.0,0.0,0.0,0.0,0.0,0.0,0.0,0.0,0.0,0.0,0.0,-21.520000457763672,-312.0400085449219,-104.91000366210938,0.0
1781051302.5866823,605727,1781051302,565626611,base_link,"['wheel_left_joint', 'wheel_right_joint', 'joint1', 'joint2', 'joint3', 'joint4', 'gripper']",0.010737867094576359,0.016873791813850403,-0.015339808538556099,-0.8574953079223633,0.24543693661689758,0.6427379846572876,0.0,0.0,0.0,0.0,0.0,0.0,0.0,0.0,0.0,0.0,0.0,-21.520000457763672,-314.7300109863281,-107.60000610351562,0.0
1781051302.6346889,605728,1781051302,599626611,base_link,"['wheel_left_joint', 'wheel_right_joint', 'joint1', 'joint2', 'joint3', 'joint4', 'gripper']",0.010737867094576359,0.016873791813850403,-0.015339808538556099,-0.8574953079223633,0.24543693661689758,0.6427379846572876,0.0,0.0,0.0,0.0,0.0,0.0,0.0,0.0,0.0,0.0,0.0,-21.520000457763672,-312.0400085449219,-104.91000366210938,0.0
1781051302.6613014,605729,1781051302,634626611,base_link,"['wheel_left_joint', 'wheel_right_joint', 'joint1', 'joint2', 'joint3', 'joint4', 'gripper']",0.010737867094576359,0.016873791813850403,-0.015339808538556099,-0.8574953079223633,0.24543693661689758,0.6427379846572876,0.0,0.0,0.0,0.0,0.0,0.0,0.0,0.0,0.0,0.0,0.0,-18.829999923706055,-314.7300109863281,-104.91000366210938,0.0
1781051302.7033105,605730,1781051302,668626611,base_link,"['wheel_left_joint', 'wheel_right_joint', 'joint1', 'joint2', 'joint3', 'joint4', 'gripper']",0.010737867094576359,0.016873791813850403,-0.015339808538556099,-0.8574953079223633,0.24543693661689758,0.6427379846572876,0.0,0.0,0.0,0.0,0.0,0.0,0.0,0.0,0.0,0.0,0.0,-21.520000457763672,-312.0400085449219,-104.91000366210938,0.0
1781051302.7246156,605731,1781051302,712626611,base_link,"['wheel_left_joint', 'wheel_right_joint', 'joint1', 'joint2', 'joint3', 'joint4', 'gripper']",0.010737867094576359,0.016873791813850403,-0.015339808538556099,-0.8574953079223633,0.24543693661689758,0.6427379846572876,0.0,0.0,0.0,0.0,0.0,0.0,0.0,0.0,0.0,0.0,0.0,-18.829999923706055,-312.0400085449219,-104.91000366210938,0.0
1781051302.772746,605732,1781051302,745626611,base_link,"['wheel_left_joint', 'wheel_right_joint', 'joint1', 'joint2', 'joint3', 'joint4', 'gripper']",0.010737867094576359,0.016873791813850403,-0.015339808538556099,-0.8574953079223633,0.24543693661689758,0.6427379846572876,0.0,0.0,0.0,0.0,0.0,0.0,0.0,0.0,0.0,0.0,0.0,-18.829999923706055,-314.7300109863281,-104.91000366210938,0.0
1781051302.8017476,605733,1781051302,792626611,base_link,"['wheel_left_joint', 'wheel_right_joint', 'joint1', 'joint2', 'joint3', 'joint4', 'gripper']",0.010737867094576359,0.016873791813850403,-0.015339808538556099,-0.8574953079223633,0.24543693661689758,0.6427379846572876,0.0,0.0,0.0,0.0,0.0,0.0,0.0,0.0,0.0,0.0,0.0,-21.520000457763672,-312.0400085449219,-104.91000366210938,0.0
1781051302.8486433,605734,1781051302,825626611,base_link,"['wheel_left_joint', 'wheel_right_joint', 'joint1', 'joint2', 'joint3', 'joint4', 'gripper']",0.010737867094576359,0.016873791813850403,-0.015339808538556099,-0.8574953079223633,0.24543693661689758,0.6427379846572876,0.0,0.0,0.0,0.0,0.0,0.0,0.0,0.0,0.0,0.0,0.0,-18.829999923706055,-317.4200134277344,-104.91000366210938,0.0
1781051302.895941,605735,1781051302,887626611,base_link,"['wheel_left_joint', 'wheel_right_joint', 'joint1', 'joint2', 'joint3', 'joint4', 'gripper']",0.010737867094576359,0.016873791813850403,-0.015339808538556099,-0.8574953079223633,0.24543693661689758,0.6427379846572876,0.0,0.0,0.0,0.0,0.0,0.0,0.0,0.0,0.0,0.0,0.0,-21.520000457763672,-312.0400085449219,-104.91000366210938,0.0
1781051302.9435055,605736,1781051302,920626611,base_link,"['wheel_left_joint', 'wheel_right_joint', 'joint1', 'joint2', 'joint3', 'joint4', 'gripper']",0.010737867094576359,0.016873791813850403,-0.015339808538556099,-0.8574953079223633,0.24543693661689758,0.6427379846572876,0.0,0.0,0.0,0.0,0.0,0.0,0.0,0.0,0.0,0.0,0.0,-18.829999923706055,-314.7300109863281,-104.91000366210938,0.0
1781051302.981998,605737,1781051302,969626611,base_link,"['wheel_left_joint', 'wheel_right_joint', 'joint1', 'joint2', 'joint3', 'joint4', 'gripper']",0.010737867094576359,0.016873791813850403,-0.015339808538556099,-0.8574953079223633,0.24543693661689758,0.6427379846572876,0.0,0.0,0.0,0.0,0.0,0.0,0.0,0.0,0.0,0.0,0.0,-21.520000457763672,-314.7300109863281,-104.91000366210938,0.0
1781051303.028244,605738,1781051303,2626611,base_link,"['wheel_left_joint', 'wheel_right_joint', 'joint1', 'joint2', 'joint3', 'joint4', 'gripper']",0.010737867094576359,0.016873791813850403,-0.015339808538556099,-0.8574953079223633,0.24543693661689758,0.6427379846572876,0.0,0.0,0.0,0.0,0.0,0.0,0.0,0.0,0.0,0.0,0.0,-21.520000457763672,-314.7300109863281,-104.91000366210938,0.0
1781051303.054742,605739,1781051303,47626611,base_link,"['wheel_left_joint', 'wheel_right_joint', 'joint1', 'joint2', 'joint3', 'joint4', 'gripper']",0.010737867094576359,0.016873791813850403,-0.015339808538556099,-0.8574953079223633,0.24543693661689758,0.6427379846572876,0.0,0.0,0.0,0.0,0.0,0.0,0.0,0.0,0.0,0.0,0.0,-21.520000457763672,-314.7300109863281,-104.91000366210938,0.0
1781051303.1038811,605740,1781051303,80626611,base_link,"['wheel_left_joint', 'wheel_right_joint', 'joint1', 'joint2', 'joint3', 'joint4', 'gripper']",0.010737867094576359,0.016873791813850403,-0.015339808538556099,-0.8574953079223633,0.24543693661689758,0.6427379846572876,0.0,0.0,0.0,0.0,0.0,0.0,0.0,0.0,0.0,0.0,0.0,-21.520000457763672,-312.0400085449219,-104.91000366210938,0.0
1781051303.1403546,605741,1781051303,135626611,base_link,"['wheel_left_joint', 'wheel_right_joint', 'joint1', 'joint2', 'joint3', 'joint4', 'gripper']",0.010737867094576359,0.016873791813850403,-0.015339808538556099,-0.8574953079223633,0.24543693661689758,0.644271969795227,0.0,0.0,0.0,0.0,0.0,0.0,0.0,0.0,0.0,0.0,0.0,-18.829999923706055,-312.0400085449219,-104.91000366210938,0.0
1781051303.1895354,605742,1781051303,168626611,base_link,"['wheel_left_joint', 'wheel_right_joint', 'joint1', 'joint2', 'joint3', 'joint4', 'gripper']",0.010737867094576359,0.016873791813850403,-0.015339808538556099,-0.8574953079223633,0.24543693661689758,0.6427379846572876,0.0,0.0,0.0,0.0,0.0,0.0,0.0,0.0,0.0,0.0,0.0,-18.829999923706055,-312.0400085449219,-107.60000610351562,0.0
1781051303.2352905,605743,1781051303,202626611,base_link,"['wheel_left_joint', 'wheel_right_joint', 'joint1', 'joint2', 'joint3', 'joint4', 'gripper']",0.010737867094576359,0.016873791813850403,-0.015339808538556099,-0.8574953079223633,0.24543693661689758,0.644271969795227,0.0,0.0,0.0,0.0,0.0,0.0,0.0,0.0,0.0,0.0,0.0,-18.829999923706055,-312.0400085449219,-107.60000610351562,0.0
1781051303.2569764,605744,1781051303,245626611,base_link,"['wheel_left_joint', 'wheel_right_joint', 'joint1', 'joint2', 'joint3', 'joint4', 'gripper']",0.010737867094576359,0.016873791813850403,-0.015339808538556099,-0.8574953079223633,0.24543693661689758,0.6427379846572876,0.0,0.0,0.0,0.0,0.0,0.0,0.0,0.0,0.0,0.0,0.0,-21.520000457763672,-314.7300109863281,-107.60000610351562,0.0
1781051303.3075821,605745,1781051303,278626611,base_link,"['wheel_left_joint', 'wheel_right_joint', 'joint1', 'joint2', 'joint3', 'joint4', 'gripper']",0.010737867094576359,0.016873791813850403,-0.015339808538556099,-0.8574953079223633,0.24543693661689758,0.6427379846572876,0.0,0.0,0.0,0.0,0.0,0.0,0.0,0.0,0.0,0.0,0.0,-18.829999923706055,-312.0400085449219,-104.91000366210938,0.0
1781051303.3324194,605746,1781051303,324626611,base_link,"['wheel_left_joint', 'wheel_right_joint', 'joint1', 'joint2', 'joint3', 'joint4', 'gripper']",0.010737867094576359,0.016873791813850403,-0.015339808538556099,-0.8574953079223633,0.24543693661689758,0.6427379846572876,0.0,0.0,0.0,0.0,0.0,0.0,0.0,0.0,0.0,0.0,0.0,-18.829999923706055,-312.0400085449219,-104.91000366210938,0.0
1781051303.3784568,605747,1781051303,357626611,base_link,"['wheel_left_joint', 'wheel_right_joint', 'joint1', 'joint2', 'joint3', 'joint4', 'gripper']",0.010737867094576359,0.016873791813850403,-0.015339808538556099,-0.8574953079223633,0.24543693661689758,0.6427379846572876,0.0,0.0,0.0,0.0,0.0,0.0,0.0,0.0,0.0,0.0,0.0,-21.520000457763672,-312.0400085449219,-104.91000366210938,0.0
1781051303.427324,605748,1781051303,391626611,base_link,"['wheel_left_joint', 'wheel_right_joint', 'joint1', 'joint2', 'joint3', 'joint4', 'gripper']",0.010737867094576359,0.016873791813850403,-0.015339808538556099,-0.8574953079223633,0.24543693661689758,0.6427379846572876,0.0,0.0,0.0,0.0,0.0,0.0,0.0,0.0,0.0,0.0,0.0,-18.829999923706055,-314.7300109863281,-104.91000366210938,0.0
1781051303.454319,605749,1781051303,427626611,base_link,"['wheel_left_joint', 'wheel_right_joint', 'joint1', 'joint2', 'joint3', 'joint4', 'gripper']",0.010737867094576359,0.016873791813850403,-0.015339808538556099,-0.8574953079223633,0.24543693661689758,0.6427379846572876,0.0,0.0,0.0,0.0,0.0,0.0,0.0,0.0,0.0,0.0,0.0,-21.520000457763672,-312.0400085449219,-104.91000366210938,0.0
1781051303.4980378,605750,1781051303,460626611,base_link,"['wheel_left_joint', 'wheel_right_joint', 'joint1', 'joint2', 'joint3', 'joint4', 'gripper']",0.010737867094576359,0.016873791813850403,-0.015339808538556099,-0.8574953079223633,0.24543693661689758,0.6427379846572876,0.0,0.0,0.0,0.0,0.0,0.0,0.0,0.0,0.0,0.0,0.0,-21.520000457763672,-312.0400085449219,-107.60000610351562,0.0
1781051303.5171435,605751,1781051303,504626611,base_link,"['wheel_left_joint', 'wheel_right_joint', 'joint1', 'joint2', 'joint3', 'joint4', 'gripper']",0.010737867094576359,0.016873791813850403,-0.015339808538556099,-0.8574953079223633,0.24543693661689758,0.6427379846572876,0.0,0.0,0.0,0.0,0.0,0.0,0.0,0.0,0.0,0.0,0.0,-18.829999923706055,-314.7300109863281,-104.91000366210938,0.0
1781051303.564467,605752,1781051303,538626611,base_link,"['wheel_left_joint', 'wheel_right_joint', 'joint1', 'joint2', 'joint3', 'joint4', 'gripper']",0.010737867094576359,0.016873791813850403,-0.015339808538556099,-0.8574953079223633,0.24543693661689758,0.6427379846572876,0.0,0.0,0.0,0.0,0.0,0.0,0.0,0.0,0.0,0.0,0.0,-18.829999923706055,-312.0400085449219,-104.91000366210938,0.0
1781051303.5919049,605753,1781051303,584626611,base_link,"['wheel_left_joint', 'wheel_right_joint', 'joint1', 'joint2', 'joint3', 'joint4', 'gripper']",0.010737867094576359,0.016873791813850403,-0.015339808538556099,-0.8574953079223633,0.24543693661689758,0.6427379846572876,0.0,0.0,0.0,0.0,0.0,0.0,0.0,0.0,0.0,0.0,0.0,-18.829999923706055,-312.0400085449219,-107.60000610351562,0.0
1781051303.6383028,605754,1781051303,617626611,base_link,"['wheel_left_joint', 'wheel_right_joint', 'joint1', 'joint2', 'joint3', 'joint4', 'gripper']",0.010737867094576359,0.016873791813850403,-0.015339808538556099,-0.8574953079223633,0.24543693661689758,0.6427379846572876,0.0,0.0,0.0,0.0,0.0,0.0,0.0,0.0,0.0,0.0,0.0,-18.829999923706055,-314.7300109863281,-104.91000366210938,0.0
1781051303.6858537,605755,1781051303,651626611,base_link,"['wheel_left_joint', 'wheel_right_joint', 'joint1', 'joint2', 'joint3', 'joint4', 'gripper']",0.010737867094576359,0.016873791813850403,-0.015339808538556099,-0.8574953079223633,0.24543693661689758,0.6427379846572876,0.0,0.0,0.0,0.0,0.0,0.0,0.0,0.0,0.0,0.0,0.0,-21.520000457763672,-312.0400085449219,-104.91000366210938,0.0
1781051303.7083735,605756,1781051303,686626611,base_link,"['wheel_left_joint', 'wheel_right_joint', 'joint1', 'joint2', 'joint3', 'joint4', 'gripper']",0.010737867094576359,0.016873791813850403,-0.015339808538556099,-0.8574953079223633,0.24543693661689758,0.6427379846572876,0.0,0.0,0.0,0.0,0.0,0.0,0.0,0.0,0.0,0.0,0.0,-18.829999923706055,-312.0400085449219,-104.91000366210938,0.0
1781051303.755109,605757,1781051303,719626611,base_link,"['wheel_left_joint', 'wheel_right_joint', 'joint1', 'joint2', 'joint3', 'joint4', 'gripper']",0.010737867094576359,0.016873791813850403,-0.015339808538556099,-0.8574953079223633,0.24543693661689758,0.6427379846572876,0.0,0.0,0.0,0.0,0.0,0.0,0.0,0.0,0.0,0.0,0.0,-21.520000457763672,-312.0400085449219,-104.91000366210938,0.0
1781051303.7774646,605758,1781051303,765626611,base_link,"['wheel_left_joint', 'wheel_right_joint', 'joint1', 'joint2', 'joint3', 'joint4', 'gripper']",0.010737867094576359,0.016873791813850403,-0.015339808538556099,-0.8574953079223633,0.24543693661689758,0.6427379846572876,0.0,0.0,0.0,0.0,0.0,0.0,0.0,0.0,0.0,0.0,0.0,-21.520000457763672,-312.0400085449219,-104.91000366210938,0.0
1781051303.8236904,605759,1781051303,799626611,base_link,"['wheel_left_joint', 'wheel_right_joint', 'joint1', 'joint2', 'joint3', 'joint4', 'gripper']",0.010737867094576359,0.016873791813850403,-0.015339808538556099,-0.8574953079223633,0.24543693661689758,0.6427379846572876,0.0,0.0,0.0,0.0,0.0,0.0,0.0,0.0,0.0,0.0,0.0,-21.520000457763672,-312.0400085449219,-104.91000366210938,0.0
1781051303.8499532,605760,1781051303,842626611,base_link,"['wheel_left_joint', 'wheel_right_joint', 'joint1', 'joint2', 'joint3', 'joint4', 'gripper']",0.010737867094576359,0.016873791813850403,-0.015339808538556099,-0.8574953079223633,0.24543693661689758,0.644271969795227,0.0,0.0,0.0,0.0,0.0,0.0,0.0,0.0,0.0,0.0,0.0,-18.829999923706055,-317.4200134277344,-104.91000366210938,0.0
1781051303.8992422,605761,1781051303,875626611,base_link,"['wheel_left_joint', 'wheel_right_joint', 'joint1', 'joint2', 'joint3', 'joint4', 'gripper']",0.010737867094576359,0.016873791813850403,-0.015339808538556099,-0.8574953079223633,0.24543693661689758,0.6427379846572876,0.0,0.0,0.0,0.0,0.0,0.0,0.0,0.0,0.0,0.0,0.0,-18.829999923706055,-312.0400085449219,-104.91000366210938,0.0
1781051303.9469302,605762,1781051303,909626611,base_link,"['wheel_left_joint', 'wheel_right_joint', 'joint1', 'joint2', 'joint3', 'joint4', 'gripper']",0.010737867094576359,0.016873791813850403,-0.015339808538556099,-0.8574953079223633,0.24543693661689758,0.6427379846572876,0.0,0.0,0.0,0.0,0.0,0.0,0.0,0.0,0.0,0.0,0.0,-18.829999923706055,-314.7300109863281,-104.91000366210938,0.0
1781051303.9686804,605763,1781051303,946626611,base_link,"['wheel_left_joint', 'wheel_right_joint', 'joint1', 'joint2', 'joint3', 'joint4', 'gripper']",0.010737867094576359,0.016873791813850403,-0.015339808538556099,-0.8574953079223633,0.24543693661689758,0.6427379846572876,0.0,0.0,0.0,0.0,0.0,0.0,0.0,0.0,0.0,0.0,0.0,-21.520000457763672,-312.0400085449219,-104.91000366210938,0.0
1781051304.0166454,605764,1781051303,980626611,base_link,"['wheel_left_joint', 'wheel_right_joint', 'joint1', 'joint2', 'joint3', 'joint4', 'gripper']",0.010737867094576359,0.016873791813850403,-0.015339808538556099,-0.8574953079223633,0.24543693661689758,0.6427379846572876,0.0,0.0,0.0,0.0,0.0,0.0,0.0,0.0,0.0,0.0,0.0,-18.829999923706055,-312.0400085449219,-104.91000366210938,0.0
1781051304.0388486,605765,1781051304,25626611,base_link,"['wheel_left_joint', 'wheel_right_joint', 'joint1', 'joint2', 'joint3', 'joint4', 'gripper']",0.010737867094576359,0.016873791813850403,-0.015339808538556099,-0.8574953079223633,0.24543693661689758,0.6427379846572876,0.0,0.0,0.0,0.0,0.0,0.0,0.0,0.0,0.0,0.0,0.0,-21.520000457763672,-314.7300109863281,-104.91000366210938,0.0
1781051304.0856824,605766,1781051304,58626611,base_link,"['wheel_left_joint', 'wheel_right_joint', 'joint1', 'joint2', 'joint3', 'joint4', 'gripper']",0.010737867094576359,0.016873791813850403,-0.015339808538556099,-0.8574953079223633,0.24543693661689758,0.6427379846572876,0.0,0.0,0.0,0.0,0.0,0.0,0.0,0.0,0.0,0.0,0.0,-18.829999923706055,-312.0400085449219,-107.60000610351562,0.0
1781051304.114786,605767,1781051304,104626611,base_link,"['wheel_left_joint', 'wheel_right_joint', 'joint1', 'joint2', 'joint3', 'joint4', 'gripper']",0.010737867094576359,0.016873791813850403,-0.015339808538556099,-0.8574953079223633,0.24543693661689758,0.6427379846572876,0.0,0.0,0.0,0.0,0.0,0.0,0.0,0.0,0.0,0.0,0.0,-21.520000457763672,-312.0400085449219,-104.91000366210938,0.0
1781051304.1617408,605768,1781051304,138626611,base_link,"['wheel_left_joint', 'wheel_right_joint', 'joint1', 'joint2', 'joint3', 'joint4', 'gripper']",0.010737867094576359,0.016873791813850403,-0.015339808538556099,-0.8574953079223633,0.24543693661689758,0.6427379846572876,0.0,0.0,0.0,0.0,0.0,0.0,0.0,0.0,0.0,0.0,0.0,-21.520000457763672,-314.7300109863281,-104.91000366210938,0.0
1781051304.2110074,605769,1781051304,167407817,base_link,"['wheel_left_joint', 'wheel_right_joint', 'joint1', 'joint2', 'joint3', 'joint4', 'gripper']",0.010737867094576359,0.016873791813850403,-0.015339808538556099,-0.8574953079223633,0.24543693661689758,0.6427379846572876,0.0,0.0,0.0,0.0,0.0,0.0,0.0,0.0,0.0,0.0,0.0,-21.520000457763672,-314.7300109863281,-104.91000366210938,0.0
1781051304.2358558,605770,1781051304,203407817,base_link,"['wheel_left_joint', 'wheel_right_joint', 'joint1', 'joint2', 'joint3', 'joint4', 'gripper']",0.010737867094576359,0.016873791813850403,-0.015339808538556099,-0.8574953079223633,0.24543693661689758,0.6427379846572876,0.0,0.0,0.0,0.0,0.0,0.0,0.0,0.0,0.0,0.0,0.0,-21.520000457763672,-314.7300109863281,-107.60000610351562,0.0
1781051304.283763,605771,1781051304,237407817,base_link,"['wheel_left_joint', 'wheel_right_joint', 'joint1', 'joint2', 'joint3', 'joint4', 'gripper']",0.010737867094576359,0.016873791813850403,-0.015339808538556099,-0.8574953079223633,0.24543693661689758,0.6427379846572876,0.0,0.0,0.0,0.0,0.0,0.0,0.0,0.0,0.0,0.0,0.0,-21.520000457763672,-312.0400085449219,-104.91000366210938,0.0
1781051304.304883,605772,1781051304,279407817,base_link,"['wheel_left_joint', 'wheel_right_joint', 'joint1', 'joint2', 'joint3', 'joint4', 'gripper']",0.010737867094576359,0.016873791813850403,-0.015339808538556099,-0.8574953079223633,0.24543693661689758,0.6427379846572876,0.0,0.0,0.0,0.0,0.0,0.0,0.0,0.0,0.0,0.0,0.0,-21.520000457763672,-312.0400085449219,-107.60000610351562,0.0
1781051304.3578222,605773,1781051304,313407817,base_link,"['wheel_left_joint', 'wheel_right_joint', 'joint1', 'joint2', 'joint3', 'joint4', 'gripper']",0.010737867094576359,0.016873791813850403,-0.015339808538556099,-0.8574953079223633,0.24543693661689758,0.6427379846572876,0.0,0.0,0.0,0.0,0.0,0.0,0.0,0.0,0.0,0.0,0.0,-18.829999923706055,-314.7300109863281,-104.91000366210938,0.0
1781051304.3736756,605774,1781051304,357407817,base_link,"['wheel_left_joint', 'wheel_right_joint', 'joint1', 'joint2', 'joint3', 'joint4', 'gripper']",0.010737867094576359,0.016873791813850403,-0.015339808538556099,-0.8574953079223633,0.24543693661689758,0.6427379846572876,0.0,0.0,0.0,0.0,0.0,0.0,0.0,0.0,0.0,0.0,0.0,-21.520000457763672,-312.0400085449219,-104.91000366210938,0.0
1781051304.4221468,605775,1781051304,390407817,base_link,"['wheel_left_joint', 'wheel_right_joint', 'joint1', 'joint2', 'joint3', 'joint4', 'gripper']",0.010737867094576359,0.016873791813850403,-0.015339808538556099,-0.8574953079223633,0.24543693661689758,0.6427379846572876,0.0,0.0,0.0,0.0,0.0,0.0,0.0,0.0,0.0,0.0,0.0,-21.520000457763672,-312.0400085449219,-107.60000610351562,0.0
1781051304.4480693,605776,1781051304,435407817,base_link,"['wheel_left_joint', 'wheel_right_joint', 'joint1', 'joint2', 'joint3', 'joint4', 'gripper']",0.010737867094576359,0.016873791813850403,-0.015339808538556099,-0.8574953079223633,0.24543693661689758,0.6427379846572876,0.0,0.0,0.0,0.0,0.0,0.0,0.0,0.0,0.0,0.0,0.0,-21.520000457763672,-312.0400085449219,-104.91000366210938,0.0
1781051304.494926,605777,1781051304,468407817,base_link,"['wheel_left_joint', 'wheel_right_joint', 'joint1', 'joint2', 'joint3', 'joint4', 'gripper']",0.010737867094576359,0.016873791813850403,-0.015339808538556099,-0.8574953079223633,0.24543693661689758,0.6427379846572876,0.0,0.0,0.0,0.0,0.0,0.0,0.0,0.0,0.0,0.0,0.0,-21.520000457763672,-314.7300109863281,-107.60000610351562,0.0
1781051304.5431662,605778,1781051304,502407817,base_link,"['wheel_left_joint', 'wheel_right_joint', 'joint1', 'joint2', 'joint3', 'joint4', 'gripper']",0.010737867094576359,0.016873791813850403,-0.015339808538556099,-0.8574953079223633,0.24543693661689758,0.6427379846572876,0.0,0.0,0.0,0.0,0.0,0.0,0.0,0.0,0.0,0.0,0.0,-21.520000457763672,-314.7300109863281,-104.91000366210938,0.0
1781051304.5642474,605779,1781051304,537407817,base_link,"['wheel_left_joint', 'wheel_right_joint', 'joint1', 'joint2', 'joint3', 'joint4', 'gripper']",0.010737867094576359,0.016873791813850403,-0.015339808538556099,-0.8574953079223633,0.24543693661689758,0.6427379846572876,0.0,0.0,0.0,0.0,0.0,0.0,0.0,0.0,0.0,0.0,0.0,-18.829999923706055,-312.0400085449219,-104.91000366210938,0.0
1781051304.6166961,605780,1781051304,571407817,base_link,"['wheel_left_joint', 'wheel_right_joint', 'joint1', 'joint2', 'joint3', 'joint4', 'gripper']",0.010737867094576359,0.016873791813850403,-0.015339808538556099,-0.8574953079223633,0.24543693661689758,0.6427379846572876,0.0,0.0,0.0,0.0,0.0,0.0,0.0,0.0,0.0,0.0,0.0,-21.520000457763672,-312.0400085449219,-104.91000366210938,0.0
1781051304.6332288,605781,1781051304,619407817,base_link,"['wheel_left_joint', 'wheel_right_joint', 'joint1', 'joint2', 'joint3', 'joint4', 'gripper']",0.010737867094576359,0.016873791813850403,-0.015339808538556099,-0.8574953079223633,0.24543693661689758,0.6427379846572876,0.0,0.0,0.0,0.0,0.0,0.0,0.0,0.0,0.0,0.0,0.0,-18.829999923706055,-312.0400085449219,-104.91000366210938,0.0
1781051304.6813898,605782,1781051304,652407817,base_link,"['wheel_left_joint', 'wheel_right_joint', 'joint1', 'joint2', 'joint3', 'joint4', 'gripper']",0.010737867094576359,0.016873791813850403,-0.015339808538556099,-0.8574953079223633,0.24543693661689758,0.6427379846572876,0.0,0.0,0.0,0.0,0.0,0.0,0.0,0.0,0.0,0.0,0.0,-21.520000457763672,-314.7300109863281,-104.91000366210938,0.0
1781051304.7191556,605783,1781051304,707407817,base_link,"['wheel_left_joint', 'wheel_right_joint', 'joint1', 'joint2', 'joint3', 'joint4', 'gripper']",0.010737867094576359,0.016873791813850403,-0.015339808538556099,-0.8574953079223633,0.24543693661689758,0.6427379846572876,0.0,0.0,0.0,0.0,0.0,0.0,0.0,0.0,0.0,0.0,0.0,-18.829999923706055,-314.7300109863281,-107.60000610351562,0.0
1781051304.7663946,605784,1781051304,741407817,base_link,"['wheel_left_joint', 'wheel_right_joint', 'joint1', 'joint2', 'joint3', 'joint4', 'gripper']",0.010737867094576359,0.016873791813850403,-0.015339808538556099,-0.8574953079223633,0.24543693661689758,0.6427379846572876,0.0,0.0,0.0,0.0,0.0,0.0,0.0,0.0,0.0,0.0,0.0,-21.520000457763672,-314.7300109863281,-104.91000366210938,0.0
1781051304.8143215,605785,1781051304,775407817,base_link,"['wheel_left_joint', 'wheel_right_joint', 'joint1', 'joint2', 'joint3', 'joint4', 'gripper']",0.010737867094576359,0.016873791813850403,-0.015339808538556099,-0.8574953079223633,0.24543693661689758,0.6427379846572876,0.0,0.0,0.0,0.0,0.0,0.0,0.0,0.0,0.0,0.0,0.0,-18.829999923706055,-312.0400085449219,-107.60000610351562,0.0
1781051304.8359375,605786,1781051304,818407817,base_link,"['wheel_left_joint', 'wheel_right_joint', 'joint1', 'joint2', 'joint3', 'joint4', 'gripper']",0.010737867094576359,0.016873791813850403,-0.015339808538556099,-0.8574953079223633,0.24543693661689758,0.6427379846572876,0.0,0.0,0.0,0.0,0.0,0.0,0.0,0.0,0.0,0.0,0.0,-18.829999923706055,-314.7300109863281,-104.91000366210938,0.0
1781051304.8850913,605787,1781051304,851407817,base_link,"['wheel_left_joint', 'wheel_right_joint', 'joint1', 'joint2', 'joint3', 'joint4', 'gripper']",0.010737867094576359,0.016873791813850403,-0.015339808538556099,-0.8574953079223633,0.24543693661689758,0.6427379846572876,0.0,0.0,0.0,0.0,0.0,0.0,0.0,0.0,0.0,0.0,0.0,-21.520000457763672,-312.0400085449219,-107.60000610351562,0.0
1781051304.9121284,605788,1781051304,900407817,base_link,"['wheel_left_joint', 'wheel_right_joint', 'joint1', 'joint2', 'joint3', 'joint4', 'gripper']",0.010737867094576359,0.016873791813850403,-0.015339808538556099,-0.8574953079223633,0.24543693661689758,0.6427379846572876,0.0,0.0,0.0,0.0,0.0,0.0,0.0,0.0,0.0,0.0,0.0,-21.520000457763672,-314.7300109863281,-104.91000366210938,0.0
1781051304.960333,605789,1781051304,933407817,base_link,"['wheel_left_joint', 'wheel_right_joint', 'joint1', 'joint2', 'joint3', 'joint4', 'gripper']",0.010737867094576359,0.016873791813850403,-0.015339808538556099,-0.8574953079223633,0.24543693661689758,0.6427379846572876,0.0,0.0,0.0,0.0,0.0,0.0,0.0,0.0,0.0,0.0,0.0,-18.829999923706055,-312.0400085449219,-104.91000366210938,0.0
1781051304.987169,605790,1781051304,974407817,base_link,"['wheel_left_joint', 'wheel_right_joint', 'joint1', 'joint2', 'joint3', 'joint4', 'gripper']",0.010737867094576359,0.016873791813850403,-0.015339808538556099,-0.8574953079223633,0.24543693661689758,0.6427379846572876,0.0,0.0,0.0,0.0,0.0,0.0,0.0,0.0,0.0,0.0,0.0,-21.520000457763672,-312.0400085449219,-104.91000366210938,0.0
1781051305.0346613,605791,1781051305,7407817,base_link,"['wheel_left_joint', 'wheel_right_joint', 'joint1', 'joint2', 'joint3', 'joint4', 'gripper']",0.010737867094576359,0.016873791813850403,-0.015339808538556099,-0.8574953079223633,0.24543693661689758,0.6427379846572876,0.0,0.0,0.0,0.0,0.0,0.0,0.0,0.0,0.0,0.0,0.0,-18.829999923706055,-314.7300109863281,-104.91000366210938,0.0
1781051305.0814385,605792,1781051305,41407817,base_link,"['wheel_left_joint', 'wheel_right_joint', 'joint1', 'joint2', 'joint3', 'joint4', 'gripper']",0.010737867094576359,0.016873791813850403,-0.015339808538556099,-0.8574953079223633,0.24543693661689758,0.6427379846572876,0.0,0.0,0.0,0.0,0.0,0.0,0.0,0.0,0.0,0.0,0.0,-21.520000457763672,-314.7300109863281,-107.60000610351562,0.0
1781051305.1028516,605793,1781051305,81407817,base_link,"['wheel_left_joint', 'wheel_right_joint', 'joint1', 'joint2', 'joint3', 'joint4', 'gripper']",0.010737867094576359,0.016873791813850403,-0.015339808538556099,-0.8574953079223633,0.24543693661689758,0.6427379846572876,0.0,0.0,0.0,0.0,0.0,0.0,0.0,0.0,0.0,0.0,0.0,-21.520000457763672,-314.7300109863281,-104.91000366210938,0.0
1781051305.1497078,605794,1781051305,114407817,base_link,"['wheel_left_joint', 'wheel_right_joint', 'joint1', 'joint2', 'joint3', 'joint4', 'gripper']",0.010737867094576359,0.016873791813850403,-0.015339808538556099,-0.8574953079223633,0.24543693661689758,0.6427379846572876,0.0,0.0,0.0,0.0,0.0,0.0,0.0,0.0,0.0,0.0,0.0,-21.520000457763672,-314.7300109863281,-104.91000366210938,0.0
1781051305.172059,605795,1781051305,159407817,base_link,"['wheel_left_joint', 'wheel_right_joint', 'joint1', 'joint2', 'joint3', 'joint4', 'gripper']",0.010737867094576359,0.016873791813850403,-0.015339808538556099,-0.8574953079223633,0.24543693661689758,0.6427379846572876,0.0,0.0,0.0,0.0,0.0,0.0,0.0,0.0,0.0,0.0,0.0,-21.520000457763672,-314.7300109863281,-104.91000366210938,0.0
1781051305.2195637,605796,1781051305,192407817,base_link,"['wheel_left_joint', 'wheel_right_joint', 'joint1', 'joint2', 'joint3', 'joint4', 'gripper']",0.010737867094576359,0.016873791813850403,-0.015339808538556099,-0.8574953079223633,0.24543693661689758,0.644271969795227,0.0,0.0,0.0,0.0,0.0,0.0,0.0,0.0,0.0,0.0,0.0,-21.520000457763672,-312.0400085449219,-104.91000366210938,0.0
1781051305.2566476,605797,1781051305,237407817,base_link,"['wheel_left_joint', 'wheel_right_joint', 'joint1', 'joint2', 'joint3', 'joint4', 'gripper']",0.010737867094576359,0.016873791813850403,-0.015339808538556099,-0.8574953079223633,0.24543693661689758,0.6427379846572876,0.0,0.0,0.0,0.0,0.0,0.0,0.0,0.0,0.0,0.0,0.0,-21.520000457763672,-314.7300109863281,-104.91000366210938,0.0
1781051305.303678,605798,1781051305,271407817,base_link,"['wheel_left_joint', 'wheel_right_joint', 'joint1', 'joint2', 'joint3', 'joint4', 'gripper']",0.010737867094576359,0.016873791813850403,-0.015339808538556099,-0.8574953079223633,0.24543693661689758,0.6427379846572876,0.0,0.0,0.0,0.0,0.0,0.0,0.0,0.0,0.0,0.0,0.0,-18.829999923706055,-312.0400085449219,-104.91000366210938,0.0
1781051305.330033,605799,1781051305,317407817,base_link,"['wheel_left_joint', 'wheel_right_joint', 'joint1', 'joint2', 'joint3', 'joint4', 'gripper']",0.010737867094576359,0.016873791813850403,-0.015339808538556099,-0.8574953079223633,0.24543693661689758,0.6427379846572876,0.0,0.0,0.0,0.0,0.0,0.0,0.0,0.0,0.0,0.0,0.0,-21.520000457763672,-314.7300109863281,-104.91000366210938,0.0
1781051305.376431,605800,1781051305,350407817,base_link,"['wheel_left_joint', 'wheel_right_joint', 'joint1', 'joint2', 'joint3', 'joint4', 'gripper']",0.010737867094576359,0.016873791813850403,-0.015339808538556099,-0.8574953079223633,0.24543693661689758,0.6427379846572876,0.0,0.0,0.0,0.0,0.0,0.0,0.0,0.0,0.0,0.0,0.0,-21.520000457763672,-312.0400085449219,-104.91000366210938,0.0
1781051305.4242332,605801,1781051305,384407817,base_link,"['wheel_left_joint', 'wheel_right_joint', 'joint1', 'joint2', 'joint3', 'joint4', 'gripper']",0.010737867094576359,0.016873791813850403,-0.015339808538556099,-0.8574953079223633,0.24543693661689758,0.6427379846572876,0.0,0.0,0.0,0.0,0.0,0.0,0.0,0.0,0.0,0.0,0.0,-21.520000457763672,-312.0400085449219,-104.91000366210938,0.0
1781051305.4454746,605802,1781051305,425407817,base_link,"['wheel_left_joint', 'wheel_right_joint', 'joint1', 'joint2', 'joint3', 'joint4', 'gripper']",0.010737867094576359,0.016873791813850403,-0.015339808538556099,-0.8574953079223633,0.24543693661689758,0.6427379846572876,0.0,0.0,0.0,0.0,0.0,0.0,0.0,0.0,0.0,0.0,0.0,-18.829999923706055,-314.7300109863281,-104.91000366210938,0.0
1781051305.4938846,605803,1781051305,459407817,base_link,"['wheel_left_joint', 'wheel_right_joint', 'joint1', 'joint2', 'joint3', 'joint4', 'gripper']",0.010737867094576359,0.016873791813850403,-0.015339808538556099,-0.8574953079223633,0.24543693661689758,0.6427379846572876,0.0,0.0,0.0,0.0,0.0,0.0,0.0,0.0,0.0,0.0,0.0,-21.520000457763672,-314.7300109863281,-104.91000366210938,0.0
1781051305.515882,605804,1781051305,501407817,base_link,"['wheel_left_joint', 'wheel_right_joint', 'joint1', 'joint2', 'joint3', 'joint4', 'gripper']",0.010737867094576359,0.016873791813850403,-0.015339808538556099,-0.8574953079223633,0.24543693661689758,0.6427379846572876,0.0,0.0,0.0,0.0,0.0,0.0,0.0,0.0,0.0,0.0,0.0,-21.520000457763672,-314.7300109863281,-104.91000366210938,0.0
1781051305.565568,605805,1781051305,535407817,base_link,"['wheel_left_joint', 'wheel_right_joint', 'joint1', 'joint2', 'joint3', 'joint4', 'gripper']",0.010737867094576359,0.016873791813850403,-0.015339808538556099,-0.8574953079223633,0.24543693661689758,0.6427379846572876,0.0,0.0,0.0,0.0,0.0,0.0,0.0,0.0,0.0,0.0,0.0,-21.520000457763672,-314.7300109863281,-104.91000366210938,0.0
1781051305.6169639,605806,1781051305,569407817,base_link,"['wheel_left_joint', 'wheel_right_joint', 'joint1', 'joint2', 'joint3', 'joint4', 'gripper']",0.010737867094576359,0.016873791813850403,-0.015339808538556099,-0.8574953079223633,0.24543693661689758,0.6427379846572876,0.0,0.0,0.0,0.0,0.0,0.0,0.0,0.0,0.0,0.0,0.0,-21.520000457763672,-314.7300109863281,-104.91000366210938,0.0
1781051305.6324792,605807,1781051305,616407817,base_link,"['wheel_left_joint', 'wheel_right_joint', 'joint1', 'joint2', 'joint3', 'joint4', 'gripper']",0.010737867094576359,0.016873791813850403,-0.015339808538556099,-0.8574953079223633,0.24543693661689758,0.6427379846572876,0.0,0.0,0.0,0.0,0.0,0.0,0.0,0.0,0.0,0.0,0.0,-18.829999923706055,-312.0400085449219,-107.60000610351562,0.0
1781051305.6856215,605808,1781051305,650407817,base_link,"['wheel_left_joint', 'wheel_right_joint', 'joint1', 'joint2', 'joint3', 'joint4', 'gripper']",0.010737867094576359,0.016873791813850403,-0.015339808538556099,-0.8574953079223633,0.24543693661689758,0.6427379846572876,0.0,0.0,0.0,0.0,0.0,0.0,0.0,0.0,0.0,0.0,0.0,-21.520000457763672,-312.0400085449219,-104.91000366210938,0.0
1781051305.706807,605809,1781051305,693407817,base_link,"['wheel_left_joint', 'wheel_right_joint', 'joint1', 'joint2', 'joint3', 'joint4', 'gripper']",0.010737867094576359,0.016873791813850403,-0.015339808538556099,-0.8574953079223633,0.24543693661689758,0.6427379846572876,0.0,0.0,0.0,0.0,0.0,0.0,0.0,0.0,0.0,0.0,0.0,-18.829999923706055,-312.0400085449219,-104.91000366210938,0.0
1781051305.7544105,605810,1781051305,727407817,base_link,"['wheel_left_joint', 'wheel_right_joint', 'joint1', 'joint2', 'joint3', 'joint4', 'gripper']",0.010737867094576359,0.016873791813850403,-0.015339808538556099,-0.8574953079223633,0.24543693661689758,0.644271969795227,0.0,0.0,0.0,0.0,0.0,0.0,0.0,0.0,0.0,0.0,0.0,-18.829999923706055,-312.0400085449219,-104.91000366210938,0.0
1781051305.7860608,605811,1781051305,771407817,base_link,"['wheel_left_joint', 'wheel_right_joint', 'joint1', 'joint2', 'joint3', 'joint4', 'gripper']",0.010737867094576359,0.016873791813850403,-0.015339808538556099,-0.8574953079223633,0.24543693661689758,0.6427379846572876,0.0,0.0,0.0,0.0,0.0,0.0,0.0,0.0,0.0,0.0,0.0,-21.520000457763672,-314.7300109863281,-107.60000610351562,0.0
1781051305.8364723,605812,1781051305,805407817,base_link,"['wheel_left_joint', 'wheel_right_joint', 'joint1', 'joint2', 'joint3', 'joint4', 'gripper']",0.010737867094576359,0.016873791813850403,-0.015339808538556099,-0.8574953079223633,0.24543693661689758,0.6427379846572876,0.0,0.0,0.0,0.0,0.0,0.0,0.0,0.0,0.0,0.0,0.0,-18.829999923706055,-317.4200134277344,-104.91000366210938,0.0
1781051305.8819745,605813,1781051305,871407817,base_link,"['wheel_left_joint', 'wheel_right_joint', 'joint1', 'joint2', 'joint3', 'joint4', 'gripper']",0.010737867094576359,0.016873791813850403,-0.015339808538556099,-0.8574953079223633,0.24543693661689758,0.6427379846572876,0.0,0.0,0.0,0.0,0.0,0.0,0.0,0.0,0.0,0.0,0.0,-18.829999923706055,-312.0400085449219,-104.91000366210938,0.0
1781051305.9300592,605814,1781051305,905407817,base_link,"['wheel_left_joint', 'wheel_right_joint', 'joint1', 'joint2', 'joint3', 'joint4', 'gripper']",0.010737867094576359,0.016873791813850403,-0.015339808538556099,-0.8574953079223633,0.24543693661689758,0.6427379846572876,0.0,0.0,0.0,0.0,0.0,0.0,0.0,0.0,0.0,0.0,0.0,-21.520000457763672,-314.7300109863281,-104.91000366210938,0.0
1781051305.9804282,605815,1781051305,939407817,base_link,"['wheel_left_joint', 'wheel_right_joint', 'joint1', 'joint2', 'joint3', 'joint4', 'gripper']",0.010737867094576359,0.016873791813850403,-0.015339808538556099,-0.8574953079223633,0.24543693661689758,0.6427379846572876,0.0,0.0,0.0,0.0,0.0,0.0,0.0,0.0,0.0,0.0,0.0,-21.520000457763672,-314.7300109863281,-104.91000366210938,0.0
1781051305.998991,605816,1781051305,980407817,base_link,"['wheel_left_joint', 'wheel_right_joint', 'joint1', 'joint2', 'joint3', 'joint4', 'gripper']",0.010737867094576359,0.016873791813850403,-0.015339808538556099,-0.8574953079223633,0.24543693661689758,0.6427379846572876,0.0,0.0,0.0,0.0,0.0,0.0,0.0,0.0,0.0,0.0,0.0,-21.520000457763672,-314.7300109863281,-104.91000366210938,0.0
1781051306.0464685,605817,1781051306,14407817,base_link,"['wheel_left_joint', 'wheel_right_joint', 'joint1', 'joint2', 'joint3', 'joint4', 'gripper']",0.010737867094576359,0.016873791813850403,-0.015339808538556099,-0.8574953079223633,0.24543693661689758,0.6427379846572876,0.0,0.0,0.0,0.0,0.0,0.0,0.0,0.0,0.0,0.0,0.0,-21.520000457763672,-312.0400085449219,-107.60000610351562,0.0
1781051306.0739572,605818,1781051306,59407817,base_link,"['wheel_left_joint', 'wheel_right_joint', 'joint1', 'joint2', 'joint3', 'joint4', 'gripper']",0.010737867094576359,0.016873791813850403,-0.015339808538556099,-0.8574953079223633,0.24543693661689758,0.6427379846572876,0.0,0.0,0.0,0.0,0.0,0.0,0.0,0.0,0.0,0.0,0.0,-18.829999923706055,-312.0400085449219,-104.91000366210938,0.0
1781051306.1235492,605819,1781051306,93407817,base_link,"['wheel_left_joint', 'wheel_right_joint', 'joint1', 'joint2', 'joint3', 'joint4', 'gripper']",0.012271847575902939,0.016873791813850403,-0.015339808538556099,-0.8574953079223633,0.24543693661689758,0.6427379846572876,0.0,0.04511708766222,0.0,0.0,0.0,0.0,0.0,0.0,0.0,0.0,0.0,-21.520000457763672,-317.4200134277344,-104.91000366210938,0.0
1781051306.1696131,605820,1781051306,154407817,base_link,"['wheel_left_joint', 'wheel_right_joint', 'joint1', 'joint2', 'joint3', 'joint4', 'gripper']",0.010737867094576359,0.016873791813850403,-0.015339808538556099,-0.8574953079223633,0.24543693661689758,0.6427379846572876,0.0,-0.025147229433059692,0.0,0.0,0.0,0.0,0.0,0.0,0.0,0.0,0.0,-18.829999923706055,-314.7300109863281,-107.60000610351562,0.0
1781051306.1904242,605821,1781051306,161407817,base_link,"['wheel_left_joint', 'wheel_right_joint', 'joint1', 'joint2', 'joint3', 'joint4', 'gripper']",0.010737867094576359,0.016873791813850403,-0.015339808538556099,-0.8574953079223633,0.24543693661689758,0.6427379846572876,0.0,0.0,0.0,0.0,0.0,0.0,0.0,0.0,0.0,0.0,0.0,-21.520000457763672,-314.7300109863281,-104.91000366210938,0.0
1781051306.237999,605822,1781051306,194407817,base_link,"['wheel_left_joint', 'wheel_right_joint', 'joint1', 'joint2', 'joint3', 'joint4', 'gripper']",0.010737867094576359,0.016873791813850403,-0.015339808538556099,-0.8574953079223633,0.24543693661689758,0.644271969795227,0.0,0.0,0.0,0.0,0.0,0.0,0.0,0.0,0.0,0.0,0.0,-21.520000457763672,-312.0400085449219,-104.91000366210938,0.0
1781051306.263345,605823,1781051306,241407817,base_link,"['wheel_left_joint', 'wheel_right_joint', 'joint1', 'joint2', 'joint3', 'joint4', 'gripper']",0.010737867094576359,0.016873791813850403,-0.015339808538556099,-0.8574953079223633,0.24543693661689758,0.644271969795227,0.0,0.0,0.0,0.0,0.0,0.0,0.0,0.0,0.0,0.0,0.0,-21.520000457763672,-314.7300109863281,-104.91000366210938,0.0
1781051306.3059402,605824,1781051306,275407817,base_link,"['wheel_left_joint', 'wheel_right_joint', 'joint1', 'joint2', 'joint3', 'joint4', 'gripper']",0.010737867094576359,0.016873791813850403,-0.015339808538556099,-0.8574953079223633,0.24543693661689758,0.6427379846572876,0.0,0.0,0.0,0.0,0.0,0.0,0.0,0.0,0.0,0.0,0.0,-21.520000457763672,-312.0400085449219,-102.22000122070312,0.0
1781051306.3325462,605825,1781051306,319407817,base_link,"['wheel_left_joint', 'wheel_right_joint', 'joint1', 'joint2', 'joint3', 'joint4', 'gripper']",0.010737867094576359,0.016873791813850403,-0.015339808538556099,-0.8574953079223633,0.24543693661689758,0.6427379846572876,0.0,0.0,0.0,0.0,0.0,0.0,0.0,0.0,0.0,0.0,0.0,-21.520000457763672,-314.7300109863281,-104.91000366210938,0.0
1781051306.3787622,605826,1781051306,353407817,base_link,"['wheel_left_joint', 'wheel_right_joint', 'joint1', 'joint2', 'joint3', 'joint4', 'gripper']",0.010737867094576359,0.016873791813850403,-0.015339808538556099,-0.8574953079223633,0.24543693661689758,0.6427379846572876,0.0,0.0,0.0,0.0,0.0,0.0,0.0,0.0,0.0,0.0,0.0,-18.829999923706055,-312.0400085449219,-104.91000366210938,0.0
1781051306.4276671,605827,1781051306,387407817,base_link,"['wheel_left_joint', 'wheel_right_joint', 'joint1', 'joint2', 'joint3', 'joint4', 'gripper']",0.010737867094576359,0.016873791813850403,-0.015339808538556099,-0.8574953079223633,0.24543693661689758,0.6427379846572876,0.0,0.0,0.0,0.0,0.0,0.0,0.0,0.0,0.0,0.0,0.0,-21.520000457763672,-317.4200134277344,-104.91000366210938,0.0
1781051306.4540117,605828,1781051306,422407817,base_link,"['wheel_left_joint', 'wheel_right_joint', 'joint1', 'joint2', 'joint3', 'joint4', 'gripper']",0.010737867094576359,0.016873791813850403,-0.015339808538556099,-0.8574953079223633,0.24543693661689758,0.6427379846572876,0.0,0.0,0.0,0.0,0.0,0.0,0.0,0.0,0.0,0.0,0.0,-21.520000457763672,-314.7300109863281,-104.91000366210938,0.0
1781051306.4972038,605829,1781051306,456407817,base_link,"['wheel_left_joint', 'wheel_right_joint', 'joint1', 'joint2', 'joint3', 'joint4', 'gripper']",0.010737867094576359,0.016873791813850403,-0.015339808538556099,-0.8574953079223633,0.24543693661689758,0.6427379846572876,0.0,0.0,0.0,0.0,0.0,0.0,0.0,0.0,0.0,0.0,0.0,-21.520000457763672,-312.0400085449219,-104.91000366210938,0.0
1781051306.518317,605830,1781051306,501407817,base_link,"['wheel_left_joint', 'wheel_right_joint', 'joint1', 'joint2', 'joint3', 'joint4', 'gripper']",0.010737867094576359,0.016873791813850403,-0.015339808538556099,-0.8574953079223633,0.24543693661689758,0.6427379846572876,0.0,0.0,0.0,0.0,0.0,0.0,0.0,0.0,0.0,0.0,0.0,-21.520000457763672,-312.0400085449219,-104.91000366210938,0.0
1781051306.5681405,605831,1781051306,534407817,base_link,"['wheel_left_joint', 'wheel_right_joint', 'joint1', 'joint2', 'joint3', 'joint4', 'gripper']",0.010737867094576359,0.016873791813850403,-0.015339808538556099,-0.8574953079223633,0.24543693661689758,0.6427379846572876,0.0,0.0,0.0,0.0,0.0,0.0,0.0,0.0,0.0,0.0,0.0,-21.520000457763672,-312.0400085449219,-104.91000366210938,0.0
1781051306.5936747,605832,1781051306,579407817,base_link,"['wheel_left_joint', 'wheel_right_joint', 'joint1', 'joint2', 'joint3', 'joint4', 'gripper']",0.010737867094576359,0.016873791813850403,-0.015339808538556099,-0.8574953079223633,0.24543693661689758,0.644271969795227,0.0,0.0,0.0,0.0,0.0,0.0,0.0,0.0,0.0,0.0,0.0,-21.520000457763672,-312.0400085449219,-104.91000366210938,0.0
1781051306.6420634,605833,1781051306,613407817,base_link,"['wheel_left_joint', 'wheel_right_joint', 'joint1', 'joint2', 'joint3', 'joint4', 'gripper']",0.010737867094576359,0.016873791813850403,-0.015339808538556099,-0.8574953079223633,0.24543693661689758,0.644271969795227,0.0,0.0,0.0,0.0,0.0,0.0,0.0,0.0,0.0,0.0,0.0,-21.520000457763672,-314.7300109863281,-104.91000366210938,0.0
1781051306.6907053,605834,1781051306,663866971,base_link,"['wheel_left_joint', 'wheel_right_joint', 'joint1', 'joint2', 'joint3', 'joint4', 'gripper']",0.010737867094576359,0.016873791813850403,-0.015339808538556099,-0.8574953079223633,0.24543693661689758,0.6427379846572876,0.0,0.0,0.0,0.0,0.0,0.0,0.0,0.0,0.0,0.0,0.0,-21.520000457763672,-312.0400085449219,-104.91000366210938,0.0
1781051306.7123044,605835,1781051306,701866971,base_link,"['wheel_left_joint', 'wheel_right_joint', 'joint1', 'joint2', 'joint3', 'joint4', 'gripper']",0.010737867094576359,0.016873791813850403,-0.015339808538556099,-0.8574953079223633,0.24543693661689758,0.6427379846572876,0.0,0.0,0.0,0.0,0.0,0.0,0.0,0.0,0.0,0.0,0.0,-21.520000457763672,-314.7300109863281,-104.91000366210938,0.0
1781051306.760365,605836,1781051306,734866971,base_link,"['wheel_left_joint', 'wheel_right_joint', 'joint1', 'joint2', 'joint3', 'joint4', 'gripper']",0.010737867094576359,0.016873791813850403,-0.015339808538556099,-0.8574953079223633,0.24543693661689758,0.6427379846572876,0.0,0.0,0.0,0.0,0.0,0.0,0.0,0.0,0.0,0.0,0.0,-18.829999923706055,-312.0400085449219,-104.91000366210938,0.0
1781051306.7821865,605837,1781051306,781866971,base_link,"['wheel_left_joint', 'wheel_right_joint', 'joint1', 'joint2', 'joint3', 'joint4', 'gripper']",0.010737867094576359,0.016873791813850403,-0.015339808538556099,-0.8574953079223633,0.24543693661689758,0.6427379846572876,0.0,0.0,0.0,0.0,0.0,0.0,0.0,0.0,0.0,0.0,0.0,-21.520000457763672,-312.0400085449219,-104.91000366210938,0.0
1781051306.8277361,605838,1781051306,815866971,base_link,"['wheel_left_joint', 'wheel_right_joint', 'joint1', 'joint2', 'joint3', 'joint4', 'gripper']",0.010737867094576359,0.016873791813850403,-0.015339808538556099,-0.8574953079223633,0.24543693661689758,0.6427379846572876,0.0,0.0,0.0,0.0,0.0,0.0,0.0,0.0,0.0,0.0,0.0,-21.520000457763672,-314.7300109863281,-102.22000122070312,0.0
1781051306.865235,605839,1781051306,862866971,base_link,"['wheel_left_joint', 'wheel_right_joint', 'joint1', 'joint2', 'joint3', 'joint4', 'gripper']",0.010737867094576359,0.016873791813850403,-0.015339808538556099,-0.8574953079223633,0.24543693661689758,0.6427379846572876,0.0,0.0,0.0,0.0,0.0,0.0,0.0,0.0,0.0,0.0,0.0,-21.520000457763672,-314.7300109863281,-104.91000366210938,0.0
1781051306.917372,605840,1781051306,896866971,base_link,"['wheel_left_joint', 'wheel_right_joint', 'joint1', 'joint2', 'joint3', 'joint4', 'gripper']",0.010737867094576359,0.016873791813850403,-0.015339808538556099,-0.8574953079223633,0.24543693661689758,0.6427379846572876,0.0,0.0,0.0,0.0,0.0,0.0,0.0,0.0,0.0,0.0,0.0,-21.520000457763672,-312.0400085449219,-107.60000610351562,0.0
1781051306.9364877,605841,1781051306,936866971,base_link,"['wheel_left_joint', 'wheel_right_joint', 'joint1', 'joint2', 'joint3', 'joint4', 'gripper']",0.010737867094576359,0.016873791813850403,-0.015339808538556099,-0.8574953079223633,0.24543693661689758,0.6427379846572876,0.0,0.0,0.0,0.0,0.0,0.0,0.0,0.0,0.0,0.0,0.0,-21.520000457763672,-314.7300109863281,-104.91000366210938,0.0
1781051306.9840727,605842,1781051306,970866971,base_link,"['wheel_left_joint', 'wheel_right_joint', 'joint1', 'joint2', 'joint3', 'joint4', 'gripper']",0.010737867094576359,0.016873791813850403,-0.015339808538556099,-0.8574953079223633,0.24543693661689758,0.6427379846572876,0.0,0.0,0.0,0.0,0.0,0.0,0.0,0.0,0.0,0.0,0.0,-21.520000457763672,-314.7300109863281,-104.91000366210938,0.0
1781051307.021304,605843,1781051307,19866971,base_link,"['wheel_left_joint', 'wheel_right_joint', 'joint1', 'joint2', 'joint3', 'joint4', 'gripper']",0.010737867094576359,0.016873791813850403,-0.015339808538556099,-0.8574953079223633,0.24543693661689758,0.6427379846572876,0.0,0.0,0.0,0.0,0.0,0.0,0.0,0.0,0.0,0.0,0.0,-21.520000457763672,-312.0400085449219,-104.91000366210938,0.0
1781051307.0683532,605844,1781051307,53866971,base_link,"['wheel_left_joint', 'wheel_right_joint', 'joint1', 'joint2', 'joint3', 'joint4', 'gripper']",0.010737867094576359,0.016873791813850403,-0.015339808538556099,-0.8574953079223633,0.24543693661689758,0.6427379846572876,0.0,0.0,0.0,0.0,0.0,0.0,0.0,0.0,0.0,0.0,0.0,-21.520000457763672,-314.7300109863281,-104.91000366210938,0.0
1781051307.0956619,605845,1781051307,97866971,base_link,"['wheel_left_joint', 'wheel_right_joint', 'joint1', 'joint2', 'joint3', 'joint4', 'gripper']",0.010737867094576359,0.016873791813850403,-0.015339808538556099,-0.8574953079223633,0.24543693661689758,0.6427379846572876,0.0,0.0,0.0,0.0,0.0,0.0,0.0,0.0,0.0,0.0,0.0,-21.520000457763672,-314.7300109863281,-107.60000610351562,0.0
1781051307.1427846,605846,1781051307,131866971,base_link,"['wheel_left_joint', 'wheel_right_joint', 'joint1', 'joint2', 'joint3', 'joint4', 'gripper']",0.010737867094576359,0.016873791813850403,-0.015339808538556099,-0.8574953079223633,0.24543693661689758,0.6427379846572876,0.0,0.0,0.0,0.0,0.0,0.0,0.0,0.0,0.0,0.0,0.0,-18.829999923706055,-314.7300109863281,-104.91000366210938,0.0
1781051307.172228,605847,1781051307,170866971,base_link,"['wheel_left_joint', 'wheel_right_joint', 'joint1', 'joint2', 'joint3', 'joint4', 'gripper']",0.010737867094576359,0.016873791813850403,-0.015339808538556099,-0.8574953079223633,0.24543693661689758,0.6427379846572876,0.0,0.0,0.0,0.0,0.0,0.0,0.0,0.0,0.0,0.0,0.0,-18.829999923706055,-312.0400085449219,-104.91000366210938,0.0
1781051307.2159748,605848,1781051307,204866971,base_link,"['wheel_left_joint', 'wheel_right_joint', 'joint1', 'joint2', 'joint3', 'joint4', 'gripper']",0.010737867094576359,0.016873791813850403,-0.015339808538556099,-0.8574953079223633,0.24543693661689758,0.644271969795227,0.0,0.0,0.0,0.0,0.0,0.0,0.0,0.0,0.0,0.0,0.0,-21.520000457763672,-312.0400085449219,-104.91000366210938,0.0
1781051307.2650692,605849,1781051307,238866971,base_link,"['wheel_left_joint', 'wheel_right_joint', 'joint1', 'joint2', 'joint3', 'joint4', 'gripper']",0.010737867094576359,0.016873791813850403,-0.015339808538556099,-0.8574953079223633,0.24543693661689758,0.644271969795227,0.0,0.0,0.0,0.0,0.0,0.0,0.0,0.0,0.0,0.0,0.0,-18.829999923706055,-314.7300109863281,-104.91000366210938,0.0
1781051307.2854204,605850,1781051307,275866971,base_link,"['wheel_left_joint', 'wheel_right_joint', 'joint1', 'joint2', 'joint3', 'joint4', 'gripper']",0.010737867094576359,0.016873791813850403,-0.015339808538556099,-0.8574953079223633,0.24543693661689758,0.644271969795227,0.0,0.0,0.0,0.0,0.0,0.0,0.0,0.0,0.0,0.0,0.0,-18.829999923706055,-312.0400085449219,-104.91000366210938,0.0
1781051307.3388314,605851,1781051307,309866971,base_link,"['wheel_left_joint', 'wheel_right_joint', 'joint1', 'joint2', 'joint3', 'joint4', 'gripper']",0.010737867094576359,0.016873791813850403,-0.015339808538556099,-0.8574953079223633,0.24543693661689758,0.6427379846572876,0.0,0.0,0.0,0.0,0.0,0.0,0.0,0.0,0.0,0.0,0.0,-21.520000457763672,-312.0400085449219,-104.91000366210938,0.0
1781051307.3550947,605852,1781051307,354866971,base_link,"['wheel_left_joint', 'wheel_right_joint', 'joint1', 'joint2', 'joint3', 'joint4', 'gripper']",0.010737867094576359,0.016873791813850403,-0.015339808538556099,-0.8574953079223633,0.24543693661689758,0.6427379846572876,0.0,0.0,0.0,0.0,0.0,0.0,0.0,0.0,0.0,0.0,0.0,-21.520000457763672,-312.0400085449219,-104.91000366210938,0.0
1781051307.4089324,605853,1781051307,388866971,base_link,"['wheel_left_joint', 'wheel_right_joint', 'joint1', 'joint2', 'joint3', 'joint4', 'gripper']",0.010737867094576359,0.016873791813850403,-0.015339808538556099,-0.8574953079223633,0.24543693661689758,0.6427379846572876,0.0,0.0,0.0,0.0,0.0,0.0,0.0,0.0,0.0,0.0,0.0,-21.520000457763672,-312.0400085449219,-104.91000366210938,0.0
1781051307.4355903,605854,1781051307,434866971,base_link,"['wheel_left_joint', 'wheel_right_joint', 'joint1', 'joint2', 'joint3', 'joint4', 'gripper']",0.010737867094576359,0.016873791813850403,-0.015339808538556099,-0.8574953079223633,0.24543693661689758,0.6427379846572876,0.0,0.0,0.0,0.0,0.0,0.0,0.0,0.0,0.0,0.0,0.0,-21.520000457763672,-314.7300109863281,-107.60000610351562,0.0
1781051307.4841273,605855,1781051307,469866971,base_link,"['wheel_left_joint', 'wheel_right_joint', 'joint1', 'joint2', 'joint3', 'joint4', 'gripper']",0.010737867094576359,0.016873791813850403,-0.015339808538556099,-0.8574953079223633,0.24543693661689758,0.6427379846572876,0.0,0.0,0.0,0.0,0.0,0.0,0.0,0.0,0.0,0.0,0.0,-18.829999923706055,-312.0400085449219,-104.91000366210938,0.0
1781051307.5093923,605856,1781051307,512866971,base_link,"['wheel_left_joint', 'wheel_right_joint', 'joint1', 'joint2', 'joint3', 'joint4', 'gripper']",0.010737867094576359,0.016873791813850403,-0.015339808538556099,-0.8574953079223633,0.24543693661689758,0.6427379846572876,0.0,0.0,0.0,0.0,0.0,0.0,0.0,0.0,0.0,0.0,0.0,-18.829999923706055,-312.0400085449219,-102.22000122070312,0.0
1781051307.5567153,605857,1781051307,546866971,base_link,"['wheel_left_joint', 'wheel_right_joint', 'joint1', 'joint2', 'joint3', 'joint4', 'gripper']",0.010737867094576359,0.016873791813850403,-0.015339808538556099,-0.8574953079223633,0.24543693661689758,0.6427379846572876,0.0,0.0,0.0,0.0,0.0,0.0,0.0,0.0,0.0,0.0,0.0,-18.829999923706055,-312.0400085449219,-107.60000610351562,0.0
1781051307.6096008,605858,1781051307,580866971,base_link,"['wheel_left_joint', 'wheel_right_joint', 'joint1', 'joint2', 'joint3', 'joint4', 'gripper']",0.010737867094576359,0.016873791813850403,-0.015339808538556099,-0.8574953079223633,0.24543693661689758,0.6427379846572876,0.0,0.0,0.0,0.0,0.0,0.0,0.0,0.0,0.0,0.0,0.0,-18.829999923706055,-314.7300109863281,-104.91000366210938,0.0
1781051307.625114,605859,1781051307,623866971,base_link,"['wheel_left_joint', 'wheel_right_joint', 'joint1', 'joint2', 'joint3', 'joint4', 'gripper']",0.010737867094576359,0.016873791813850403,-0.015339808538556099,-0.8574953079223633,0.24543693661689758,0.6427379846572876,0.0,0.0,0.0,0.0,0.0,0.0,0.0,0.0,0.0,0.0,0.0,-21.520000457763672,-314.7300109863281,-104.91000366210938,0.0
1781051307.6736991,605860,1781051307,657866971,base_link,"['wheel_left_joint', 'wheel_right_joint', 'joint1', 'joint2', 'joint3', 'joint4', 'gripper']",0.010737867094576359,0.016873791813850403,-0.015339808538556099,-0.8574953079223633,0.24543693661689758,0.6427379846572876,0.0,0.0,0.0,0.0,0.0,0.0,0.0,0.0,0.0,0.0,0.0,-21.520000457763672,-312.0400085449219,-104.91000366210938,0.0
1781051307.7109325,605861,1781051307,715866971,base_link,"['wheel_left_joint', 'wheel_right_joint', 'joint1', 'joint2', 'joint3', 'joint4', 'gripper']",0.010737867094576359,0.016873791813850403,-0.015339808538556099,-0.8574953079223633,0.24543693661689758,0.6427379846572876,0.0,0.0,0.0,0.0,0.0,0.0,0.0,0.0,0.0,0.0,0.0,-21.520000457763672,-312.0400085449219,-104.91000366210938,0.0
1781051307.7589915,605862,1781051307,749866971,base_link,"['wheel_left_joint', 'wheel_right_joint', 'joint1', 'joint2', 'joint3', 'joint4', 'gripper']",0.010737867094576359,0.016873791813850403,-0.015339808538556099,-0.8574953079223633,0.24543693661689758,0.6427379846572876,0.0,0.0,0.0,0.0,0.0,0.0,0.0,0.0,0.0,0.0,0.0,-18.829999923706055,-314.7300109863281,-104.91000366210938,0.0
1781051307.8120768,605863,1781051307,783866971,base_link,"['wheel_left_joint', 'wheel_right_joint', 'joint1', 'joint2', 'joint3', 'joint4', 'gripper']",0.010737867094576359,0.016873791813850403,-0.015339808538556099,-0.8574953079223633,0.24543693661689758,0.6427379846572876,0.0,0.0,0.0,0.0,0.0,0.0,0.0,0.0,0.0,0.0,0.0,-18.829999923706055,-314.7300109863281,-104.91000366210938,0.0
1781051307.82849,605864,1781051307,827866971,base_link,"['wheel_left_joint', 'wheel_right_joint', 'joint1', 'joint2', 'joint3', 'joint4', 'gripper']",0.010737867094576359,0.016873791813850403,-0.015339808538556099,-0.8574953079223633,0.24543693661689758,0.6427379846572876,0.0,0.0,0.0,0.0,0.0,0.0,0.0,0.0,0.0,0.0,0.0,-18.829999923706055,-314.7300109863281,-104.91000366210938,0.0
1781051307.8808196,605865,1781051307,861866971,base_link,"['wheel_left_joint', 'wheel_right_joint', 'joint1', 'joint2', 'joint3', 'joint4', 'gripper']",0.010737867094576359,0.016873791813850403,-0.016873789951205254,-0.8574953079223633,0.24543693661689758,0.644271969795227,0.0,0.0,0.0,0.0,0.0,0.0,0.0,0.0,0.0,0.0,0.0,-18.829999923706055,-312.0400085449219,-104.91000366210938,0.0
1781051307.908037,605866,1781051307,910866971,base_link,"['wheel_left_joint', 'wheel_right_joint', 'joint1', 'joint2', 'joint3', 'joint4', 'gripper']",0.010737867094576359,0.016873791813850403,-0.015339808538556099,-0.8574953079223633,0.24543693661689758,0.6427379846572876,0.0,0.0,0.0,0.0,0.0,0.0,0.0,0.0,0.0,0.0,0.0,-21.520000457763672,-314.7300109863281,-104.91000366210938,0.0
1781051307.9571114,605867,1781051307,944866971,base_link,"['wheel_left_joint', 'wheel_right_joint', 'joint1', 'joint2', 'joint3', 'joint4', 'gripper']",0.010737867094576359,0.016873791813850403,-0.015339808538556099,-0.8574953079223633,0.24543693661689758,0.6427379846572876,0.0,0.0,0.0,0.0,0.0,0.0,0.0,0.0,0.0,0.0,0.0,-21.520000457763672,-314.7300109863281,-104.91000366210938,0.0
1781051308.005514,605868,1781051307,978866971,base_link,"['wheel_left_joint', 'wheel_right_joint', 'joint1', 'joint2', 'joint3', 'joint4', 'gripper']",0.010737867094576359,0.016873791813850403,-0.015339808538556099,-0.8574953079223633,0.24543693661689758,0.6427379846572876,0.0,0.0,0.0,0.0,0.0,0.0,0.0,0.0,0.0,0.0,0.0,-18.829999923706055,-312.0400085449219,-104.91000366210938,0.0
1781051308.0280888,605869,1781051308,13866971,base_link,"['wheel_left_joint', 'wheel_right_joint', 'joint1', 'joint2', 'joint3', 'joint4', 'gripper']",0.010737867094576359,0.016873791813850403,-0.015339808538556099,-0.8574953079223633,0.24543693661689758,0.6427379846572876,0.0,0.0,0.0,0.0,0.0,0.0,0.0,0.0,0.0,0.0,0.0,-18.829999923706055,-312.0400085449219,-104.91000366210938,0.0
1781051308.082201,605870,1781051308,47866971,base_link,"['wheel_left_joint', 'wheel_right_joint', 'joint1', 'joint2', 'joint3', 'joint4', 'gripper']",0.010737867094576359,0.016873791813850403,-0.015339808538556099,-0.8574953079223633,0.24543693661689758,0.6427379846572876,0.0,0.0,0.0,0.0,0.0,0.0,0.0,0.0,0.0,0.0,0.0,-18.829999923706055,-312.0400085449219,-104.91000366210938,0.0
1781051308.0972247,605871,1781051308,93866971,base_link,"['wheel_left_joint', 'wheel_right_joint', 'joint1', 'joint2', 'joint3', 'joint4', 'gripper']",0.010737867094576359,0.016873791813850403,-0.015339808538556099,-0.8574953079223633,0.24543693661689758,0.6427379846572876,0.0,0.0,0.0,0.0,0.0,0.0,0.0,0.0,0.0,0.0,0.0,-18.829999923706055,-312.0400085449219,-107.60000610351562,0.0
1781051308.149856,605872,1781051308,127866971,base_link,"['wheel_left_joint', 'wheel_right_joint', 'joint1', 'joint2', 'joint3', 'joint4', 'gripper']",0.010737867094576359,0.016873791813850403,-0.015339808538556099,-0.8574953079223633,0.24543693661689758,0.6427379846572876,0.0,0.0,0.0,0.0,0.0,0.0,0.0,0.0,0.0,0.0,0.0,-21.520000457763672,-312.0400085449219,-104.91000366210938,0.0
1781051308.1718543,605873,1781051308,173866971,base_link,"['wheel_left_joint', 'wheel_right_joint', 'joint1', 'joint2', 'joint3', 'joint4', 'gripper']",0.010737867094576359,0.016873791813850403,-0.015339808538556099,-0.8574953079223633,0.24543693661689758,0.6427379846572876,0.0,0.0,0.0,0.0,0.0,0.0,0.0,0.0,0.0,0.0,0.0,-21.520000457763672,-312.0400085449219,-104.91000366210938,0.0
1781051308.2188256,605874,1781051308,207866971,base_link,"['wheel_left_joint', 'wheel_right_joint', 'joint1', 'joint2', 'joint3', 'joint4', 'gripper']",0.010737867094576359,0.016873791813850403,-0.015339808538556099,-0.8574953079223633,0.24543693661689758,0.6427379846572876,0.0,0.0,0.0,0.0,0.0,0.0,0.0,0.0,0.0,0.0,0.0,-18.829999923706055,-312.0400085449219,-104.91000366210938,0.0
1781051308.2671304,605875,1781051308,241866971,base_link,"['wheel_left_joint', 'wheel_right_joint', 'joint1', 'joint2', 'joint3', 'joint4', 'gripper']",0.010737867094576359,0.016873791813850403,-0.015339808538556099,-0.8574953079223633,0.24543693661689758,0.644271969795227,0.0,0.0,0.0,0.0,0.0,0.0,0.0,0.0,0.0,0.0,0.0,-21.520000457763672,-312.0400085449219,-104.91000366210938,0.0
1781051308.288143,605876,1781051308,276866971,base_link,"['wheel_left_joint', 'wheel_right_joint', 'joint1', 'joint2', 'joint3', 'joint4', 'gripper']",0.010737867094576359,0.016873791813850403,-0.015339808538556099,-0.8574953079223633,0.24543693661689758,0.6427379846572876,0.0,0.0,0.0,0.0,0.0,0.0,0.0,0.0,0.0,0.0,0.0,-18.829999923706055,-314.7300109863281,-107.60000610351562,0.0
1781051308.3380735,605877,1781051308,311866971,base_link,"['wheel_left_joint', 'wheel_right_joint', 'joint1', 'joint2', 'joint3', 'joint4', 'gripper']",0.010737867094576359,0.016873791813850403,-0.015339808538556099,-0.8574953079223633,0.24543693661689758,0.6427379846572876,0.0,0.0,0.0,0.0,0.0,0.0,0.0,0.0,0.0,0.0,0.0,-18.829999923706055,-312.0400085449219,-104.91000366210938,0.0
1781051308.358982,605878,1781051308,357866971,base_link,"['wheel_left_joint', 'wheel_right_joint', 'joint1', 'joint2', 'joint3', 'joint4', 'gripper']",0.010737867094576359,0.016873791813850403,-0.015339808538556099,-0.8574953079223633,0.24543693661689758,0.6427379846572876,0.0,0.0,0.0,0.0,0.0,0.0,0.0,0.0,0.0,0.0,0.0,-18.829999923706055,-312.0400085449219,-107.60000610351562,0.0
1781051308.407191,605879,1781051308,391866971,base_link,"['wheel_left_joint', 'wheel_right_joint', 'joint1', 'joint2', 'joint3', 'joint4', 'gripper']",0.010737867094576359,0.016873791813850403,-0.015339808538556099,-0.8574953079223633,0.24543693661689758,0.6427379846572876,0.0,0.0,0.0,0.0,0.0,0.0,0.0,0.0,0.0,0.0,0.0,-16.139999389648438,-314.7300109863281,-102.22000122070312,0.0
1781051308.443559,605880,1781051308,440866971,base_link,"['wheel_left_joint', 'wheel_right_joint', 'joint1', 'joint2', 'joint3', 'joint4', 'gripper']",0.010737867094576359,0.016873791813850403,-0.015339808538556099,-0.8574953079223633,0.24543693661689758,0.6427379846572876,0.0,0.0,0.0,0.0,0.0,0.0,0.0,0.0,0.0,0.0,0.0,-18.829999923706055,-314.7300109863281,-104.91000366210938,0.0
1781051308.4912162,605881,1781051308,474866971,base_link,"['wheel_left_joint', 'wheel_right_joint', 'joint1', 'joint2', 'joint3', 'joint4', 'gripper']",0.010737867094576359,0.016873791813850403,-0.015339808538556099,-0.8574953079223633,0.24543693661689758,0.6427379846572876,0.0,0.0,0.0,0.0,0.0,0.0,0.0,0.0,0.0,0.0,0.0,-21.520000457763672,-314.7300109863281,-104.91000366210938,0.0
1781051308.5181205,605882,1781051308,520866971,base_link,"['wheel_left_joint', 'wheel_right_joint', 'joint1', 'joint2', 'joint3', 'joint4', 'gripper']",0.010737867094576359,0.016873791813850403,-0.015339808538556099,-0.8574953079223633,0.24543693661689758,0.6427379846572876,0.0,0.0,0.0,0.0,0.0,0.0,0.0,0.0,0.0,0.0,0.0,-18.829999923706055,-314.7300109863281,-104.91000366210938,0.0
1781051308.5655537,605883,1781051308,554866971,base_link,"['wheel_left_joint', 'wheel_right_joint', 'joint1', 'joint2', 'joint3', 'joint4', 'gripper']",0.010737867094576359,0.016873791813850403,-0.015339808538556099,-0.8574953079223633,0.24543693661689758,0.6427379846572876,0.0,0.0,0.0,0.0,0.0,0.0,0.0,0.0,0.0,0.0,0.0,-21.520000457763672,-312.0400085449219,-107.60000610351562,0.0
1781051308.614003,605884,1781051308,588866971,base_link,"['wheel_left_joint', 'wheel_right_joint', 'joint1', 'joint2', 'joint3', 'joint4', 'gripper']",0.010737867094576359,0.016873791813850403,-0.015339808538556099,-0.8574953079223633,0.24543693661689758,0.6427379846572876,0.0,0.0,0.0,0.0,0.0,0.0,0.0,0.0,0.0,0.0,0.0,-18.829999923706055,-312.0400085449219,-107.60000610351562,0.0
1781051308.6398323,605885,1781051308,622866971,base_link,"['wheel_left_joint', 'wheel_right_joint', 'joint1', 'joint2', 'joint3', 'joint4', 'gripper']",0.010737867094576359,0.016873791813850403,-0.015339808538556099,-0.8574953079223633,0.24543693661689758,0.644271969795227,0.0,0.0,0.0,0.0,0.0,0.0,0.0,0.0,0.0,0.0,0.0,-21.520000457763672,-314.7300109863281,-104.91000366210938,0.0
1781051308.6822968,605886,1781051308,656866971,base_link,"['wheel_left_joint', 'wheel_right_joint', 'joint1', 'joint2', 'joint3', 'joint4', 'gripper']",0.010737867094576359,0.016873791813850403,-0.015339808538556099,-0.8574953079223633,0.24543693661689758,0.6427379846572876,0.0,0.0,0.0,0.0,0.0,0.0,0.0,0.0,0.0,0.0,0.0,-18.829999923706055,-312.0400085449219,-104.91000366210938,0.0
1781051308.7040317,605887,1781051308,697866971,base_link,"['wheel_left_joint', 'wheel_right_joint', 'joint1', 'joint2', 'joint3', 'joint4', 'gripper']",0.010737867094576359,0.016873791813850403,-0.015339808538556099,-0.8574953079223633,0.24543693661689758,0.6427379846572876,0.0,0.0,0.0,0.0,0.0,0.0,0.0,0.0,0.0,0.0,0.0,-18.829999923706055,-312.0400085449219,-104.91000366210938,0.0
1781051308.7562165,605888,1781051308,731866971,base_link,"['wheel_left_joint', 'wheel_right_joint', 'joint1', 'joint2', 'joint3', 'joint4', 'gripper']",0.010737867094576359,0.016873791813850403,-0.015339808538556099,-0.8574953079223633,0.24543693661689758,0.644271969795227,0.0,0.0,0.0,0.0,0.0,0.0,0.0,0.0,0.0,0.0,0.0,-18.829999923706055,-312.0400085449219,-104.91000366210938,0.0
1781051308.7789013,605889,1781051308,780866971,base_link,"['wheel_left_joint', 'wheel_right_joint', 'joint1', 'joint2', 'joint3', 'joint4', 'gripper']",0.010737867094576359,0.016873791813850403,-0.015339808538556099,-0.8574953079223633,0.24543693661689758,0.6427379846572876,0.0,0.0,0.0,0.0,0.0,0.0,0.0,0.0,0.0,0.0,0.0,-21.520000457763672,-312.0400085449219,-102.22000122070312,0.0
1781051308.8254182,605890,1781051308,814866971,base_link,"['wheel_left_joint', 'wheel_right_joint', 'joint1', 'joint2', 'joint3', 'joint4', 'gripper']",0.010737867094576359,0.016873791813850403,-0.015339808538556099,-0.8574953079223633,0.24543693661689758,0.6427379846572876,0.0,0.0,0.0,0.0,0.0,0.0,0.0,0.0,0.0,0.0,0.0,-21.520000457763672,-314.7300109863281,-104.91000366210938,0.0
1781051308.8735588,605891,1781051308,848866971,base_link,"['wheel_left_joint', 'wheel_right_joint', 'joint1', 'joint2', 'joint3', 'joint4', 'gripper']",0.010737867094576359,0.016873791813850403,-0.015339808538556099,-0.8574953079223633,0.24543693661689758,0.6427379846572876,0.0,0.0,0.0,0.0,0.0,0.0,0.0,0.0,0.0,0.0,0.0,-21.520000457763672,-312.0400085449219,-104.91000366210938,0.0
1781051308.895304,605892,1781051308,882866971,base_link,"['wheel_left_joint', 'wheel_right_joint', 'joint1', 'joint2', 'joint3', 'joint4', 'gripper']",0.010737867094576359,0.016873791813850403,-0.015339808538556099,-0.8574953079223633,0.24543693661689758,0.6427379846572876,0.0,0.0,0.0,0.0,0.0,0.0,0.0,0.0,0.0,0.0,0.0,-21.520000457763672,-312.0400085449219,-107.60000610351562,0.0
1781051308.9460428,605893,1781051308,917866971,base_link,"['wheel_left_joint', 'wheel_right_joint', 'joint1', 'joint2', 'joint3', 'joint4', 'gripper']",0.010737867094576359,0.016873791813850403,-0.015339808538556099,-0.8574953079223633,0.24543693661689758,0.6427379846572876,0.0,0.0,0.0,0.0,0.0,0.0,0.0,0.0,0.0,0.0,0.0,-16.139999389648438,-314.7300109863281,-104.91000366210938,0.0
1781051308.9674454,605894,1781051308,963866971,base_link,"['wheel_left_joint', 'wheel_right_joint', 'joint1', 'joint2', 'joint3', 'joint4', 'gripper']",0.010737867094576359,0.016873791813850403,-0.015339808538556099,-0.8574953079223633,0.24543693661689758,0.6427379846572876,0.0,0.0,0.0,0.0,0.0,0.0,0.0,0.0,0.0,0.0,0.0,-21.520000457763672,-312.0400085449219,-104.91000366210938,0.0
1781051309.0162194,605895,1781051308,997866971,base_link,"['wheel_left_joint', 'wheel_right_joint', 'joint1', 'joint2', 'joint3', 'joint4', 'gripper']",0.010737867094576359,0.016873791813850403,-0.015339808538556099,-0.8574953079223633,0.24543693661689758,0.644271969795227,0.0,0.0,0.0,0.0,0.0,0.0,0.0,0.0,0.0,0.0,0.0,-21.520000457763672,-312.0400085449219,-104.91000366210938,0.0
1781051309.0417743,605896,1781051309,44866971,base_link,"['wheel_left_joint', 'wheel_right_joint', 'joint1', 'joint2', 'joint3', 'joint4', 'gripper']",0.010737867094576359,0.016873791813850403,-0.015339808538556099,-0.8574953079223633,0.24543693661689758,0.6427379846572876,0.0,0.0,0.0,0.0,0.0,0.0,0.0,0.0,0.0,0.0,0.0,-21.520000457763672,-312.0400085449219,-104.91000366210938,0.0
1781051309.0898428,605897,1781051309,78866971,base_link,"['wheel_left_joint', 'wheel_right_joint', 'joint1', 'joint2', 'joint3', 'joint4', 'gripper']",0.010737867094576359,0.016873791813850403,-0.015339808538556099,-0.8574953079223633,0.24543693661689758,0.6427379846572876,0.0,0.0,0.0,0.0,0.0,0.0,0.0,0.0,0.0,0.0,0.0,-18.829999923706055,-312.0400085449219,-104.91000366210938,0.0
1781051309.1166909,605898,1781051309,114866971,base_link,"['wheel_left_joint', 'wheel_right_joint', 'joint1', 'joint2', 'joint3', 'joint4', 'gripper']",0.010737867094576359,0.016873791813850403,-0.015339808538556099,-0.8574953079223633,0.24543693661689758,0.6427379846572876,0.0,0.0,0.0,0.0,0.0,0.0,0.0,0.0,0.0,0.0,0.0,-21.520000457763672,-312.0400085449219,-104.91000366210938,0.0
1781051309.1674166,605899,1781051309,148866971,base_link,"['wheel_left_joint', 'wheel_right_joint', 'joint1', 'joint2', 'joint3', 'joint4', 'gripper']",0.010737867094576359,0.016873791813850403,-0.015339808538556099,-0.8574953079223633,0.24543693661689758,0.6427379846572876,0.0,0.0,0.0,0.0,0.0,0.0,0.0,0.0,0.0,0.0,0.0,-18.829999923706055,-314.7300109863281,-104.91000366210938,0.0
1781051309.1930065,605900,1781051309,195837066,base_link,"['wheel_left_joint', 'wheel_right_joint', 'joint1', 'joint2', 'joint3', 'joint4', 'gripper']",0.010737867094576359,0.016873791813850403,-0.015339808538556099,-0.8574953079223633,0.24543693661689758,0.6427379846572876,0.0,0.0,0.0,0.0,0.0,0.0,0.0,0.0,0.0,0.0,0.0,-18.829999923706055,-312.0400085449219,-104.91000366210938,0.0
1781051309.2413561,605901,1781051309,229837066,base_link,"['wheel_left_joint', 'wheel_right_joint', 'joint1', 'joint2', 'joint3', 'joint4', 'gripper']",0.010737867094576359,0.016873791813850403,-0.015339808538556099,-0.8574953079223633,0.24543693661689758,0.6427379846572876,0.0,0.0,0.0,0.0,0.0,0.0,0.0,0.0,0.0,0.0,0.0,-21.520000457763672,-312.0400085449219,-107.60000610351562,0.0
1781051309.2678921,605902,1781051309,269837066,base_link,"['wheel_left_joint', 'wheel_right_joint', 'joint1', 'joint2', 'joint3', 'joint4', 'gripper']",0.010737867094576359,0.016873791813850403,-0.015339808538556099,-0.8574953079223633,0.24543693661689758,0.6427379846572876,0.0,0.0,0.0,0.0,0.0,0.0,0.0,0.0,0.0,0.0,0.0,-18.829999923706055,-314.7300109863281,-104.91000366210938,0.0
1781051309.3154902,605903,1781051309,303837066,base_link,"['wheel_left_joint', 'wheel_right_joint', 'joint1', 'joint2', 'joint3', 'joint4', 'gripper']",0.010737867094576359,0.016873791813850403,-0.015339808538556099,-0.8574953079223633,0.24543693661689758,0.6427379846572876,0.0,0.0,0.0,0.0,0.0,0.0,0.0,0.0,0.0,0.0,0.0,-21.520000457763672,-312.0400085449219,-104.91000366210938,0.0
1781051309.3369362,605904,1781051309,342837066,base_link,"['wheel_left_joint', 'wheel_right_joint', 'joint1', 'joint2', 'joint3', 'joint4', 'gripper']",0.010737867094576359,0.016873791813850403,-0.015339808538556099,-0.8574953079223633,0.24543693661689758,0.644271969795227,0.0,0.0,0.0,0.0,0.0,0.0,0.0,0.0,0.0,0.0,0.0,-21.520000457763672,-312.0400085449219,-104.91000366210938,0.0
1781051309.383419,605905,1781051309,376837066,base_link,"['wheel_left_joint', 'wheel_right_joint', 'joint1', 'joint2', 'joint3', 'joint4', 'gripper']",0.010737867094576359,0.016873791813850403,-0.015339808538556099,-0.8574953079223633,0.24543693661689758,0.6427379846572876,0.0,0.0,0.0,0.0,0.0,0.0,0.0,0.0,0.0,0.0,0.0,-24.21000099182129,-312.0400085449219,-104.91000366210938,0.0
1781051309.4373891,605906,1781051309,441837066,base_link,"['wheel_left_joint', 'wheel_right_joint', 'joint1', 'joint2', 'joint3', 'joint4', 'gripper']",0.010737867094576359,0.016873791813850403,-0.015339808538556099,-0.8574953079223633,0.24543693661689758,0.6427379846572876,0.0,0.0,0.0,0.0,0.0,0.0,0.0,0.0,0.0,0.0,0.0,-21.520000457763672,-314.7300109863281,-104.91000366210938,0.0
1781051309.4834917,605907,1781051309,475837066,base_link,"['wheel_left_joint', 'wheel_right_joint', 'joint1', 'joint2', 'joint3', 'joint4', 'gripper']",0.010737867094576359,0.016873791813850403,-0.015339808538556099,-0.8574953079223633,0.24543693661689758,0.6427379846572876,0.0,0.0,0.0,0.0,0.0,0.0,0.0,0.0,0.0,0.0,0.0,-21.520000457763672,-312.0400085449219,-104.91000366210938,0.0
1781051309.5382633,605908,1781051309,538837066,base_link,"['wheel_left_joint', 'wheel_right_joint', 'joint1', 'joint2', 'joint3', 'joint4', 'gripper']",0.010737867094576359,0.016873791813850403,-0.015339808538556099,-0.8574953079223633,0.24543693661689758,0.6427379846572876,0.0,0.0,0.0,0.0,0.0,0.0,0.0,0.0,0.0,0.0,0.0,-21.520000457763672,-314.7300109863281,-104.91000366210938,0.0
1781051309.5852377,605909,1781051309,572837066,base_link,"['wheel_left_joint', 'wheel_right_joint', 'joint1', 'joint2', 'joint3', 'joint4', 'gripper']",0.010737867094576359,0.016873791813850403,-0.015339808538556099,-0.8574953079223633,0.24543693661689758,0.6427379846572876,0.0,0.0,0.0,0.0,0.0,0.0,0.0,0.0,0.0,0.0,0.0,-21.520000457763672,-312.0400085449219,-104.91000366210938,0.0
1781051309.6124358,605910,1781051309,617837066,base_link,"['wheel_left_joint', 'wheel_right_joint', 'joint1', 'joint2', 'joint3', 'joint4', 'gripper']",0.010737867094576359,0.016873791813850403,-0.015339808538556099,-0.8574953079223633,0.24543693661689758,0.6427379846572876,0.0,0.0,0.0,0.0,0.0,0.0,0.0,0.0,0.0,0.0,0.0,-21.520000457763672,-314.7300109863281,-104.91000366210938,0.0
1781051309.6585963,605911,1781051309,651837066,base_link,"['wheel_left_joint', 'wheel_right_joint', 'joint1', 'joint2', 'joint3', 'joint4', 'gripper']",0.010737867094576359,0.016873791813850403,-0.015339808538556099,-0.8574953079223633,0.24543693661689758,0.644271969795227,0.0,0.0,0.0,0.0,0.0,0.0,0.0,0.0,0.0,0.0,0.0,-21.520000457763672,-312.0400085449219,-104.91000366210938,0.0
1781051309.7123604,605912,1781051309,716837066,base_link,"['wheel_left_joint', 'wheel_right_joint', 'joint1', 'joint2', 'joint3', 'joint4', 'gripper']",0.010737867094576359,0.016873791813850403,-0.015339808538556099,-0.8574953079223633,0.24543693661689758,0.6427379846572876,0.0,0.0,0.0,0.0,0.0,0.0,0.0,0.0,0.0,0.0,0.0,-21.520000457763672,-312.0400085449219,-104.91000366210938,0.0
1781051309.7598112,605913,1781051309,750837066,base_link,"['wheel_left_joint', 'wheel_right_joint', 'joint1', 'joint2', 'joint3', 'joint4', 'gripper']",0.010737867094576359,0.016873791813850403,-0.015339808538556099,-0.8574953079223633,0.24543693661689758,0.6427379846572876,0.0,0.0,0.0,0.0,0.0,0.0,0.0,0.0,0.0,0.0,0.0,-18.829999923706055,-312.0400085449219,-104.91000366210938,0.0
1781051309.8123415,605914,1781051309,816837066,base_link,"['wheel_left_joint', 'wheel_right_joint', 'joint1', 'joint2', 'joint3', 'joint4', 'gripper']",0.010737867094576359,0.016873791813850403,-0.015339808538556099,-0.8574953079223633,0.24543693661689758,0.6427379846572876,0.0,0.0,0.0,0.0,0.0,0.0,0.0,0.0,0.0,0.0,0.0,-21.520000457763672,-314.7300109863281,-104.91000366210938,0.0
1781051309.858277,605915,1781051309,850837066,base_link,"['wheel_left_joint', 'wheel_right_joint', 'joint1', 'joint2', 'joint3', 'joint4', 'gripper']",0.010737867094576359,0.016873791813850403,-0.015339808538556099,-0.8574953079223633,0.24543693661689758,0.6427379846572876,0.0,0.0,0.0,0.0,0.0,0.0,0.0,0.0,0.0,0.0,0.0,-21.520000457763672,-314.7300109863281,-102.22000122070312,0.0
1781051309.9054391,605916,1781051309,910837066,base_link,"['wheel_left_joint', 'wheel_right_joint', 'joint1', 'joint2', 'joint3', 'joint4', 'gripper']",0.010737867094576359,0.016873791813850403,-0.015339808538556099,-0.8574953079223633,0.24543693661689758,0.6427379846572876,0.0,0.0,0.0,0.0,0.0,0.0,0.0,0.0,0.0,0.0,0.0,-21.520000457763672,-312.0400085449219,-107.60000610351562,0.0
1781051309.954239,605917,1781051309,944837066,base_link,"['wheel_left_joint', 'wheel_right_joint', 'joint1', 'joint2', 'joint3', 'joint4', 'gripper']",0.010737867094576359,0.016873791813850403,-0.015339808538556099,-0.8574953079223633,0.24543693661689758,0.6427379846572876,0.0,0.0,0.0,0.0,0.0,0.0,0.0,0.0,0.0,0.0,0.0,-21.520000457763672,-312.0400085449219,-104.91000366210938,0.0
1781051310.0015156,605918,1781051310,8837066,base_link,"['wheel_left_joint', 'wheel_right_joint', 'joint1', 'joint2', 'joint3', 'joint4', 'gripper']",0.010737867094576359,0.016873791813850403,-0.015339808538556099,-0.8574953079223633,0.24543693661689758,0.6427379846572876,0.0,0.0,0.0,0.0,0.0,0.0,0.0,0.0,0.0,0.0,0.0,-21.520000457763672,-312.0400085449219,-110.29000091552734,0.0
1781051310.0499446,605919,1781051310,42837066,base_link,"['wheel_left_joint', 'wheel_right_joint', 'joint1', 'joint2', 'joint3', 'joint4', 'gripper']",0.010737867094576359,0.016873791813850403,-0.015339808538556099,-0.8574953079223633,0.24543693661689758,0.6427379846572876,0.0,0.0,0.0,0.0,0.0,0.0,0.0,0.0,0.0,0.0,0.0,-21.520000457763672,-312.0400085449219,-104.91000366210938,0.0
1781051310.096995,605920,1781051310,76837066,base_link,"['wheel_left_joint', 'wheel_right_joint', 'joint1', 'joint2', 'joint3', 'joint4', 'gripper']",0.010737867094576359,0.016873791813850403,-0.015339808538556099,-0.8574953079223633,0.24543693661689758,0.644271969795227,0.0,0.0,0.0,0.0,0.0,0.0,0.0,0.0,0.0,0.0,0.0,-18.829999923706055,-314.7300109863281,-104.91000366210938,0.0
1781051310.1192372,605921,1781051310,114837066,base_link,"['wheel_left_joint', 'wheel_right_joint', 'joint1', 'joint2', 'joint3', 'joint4', 'gripper']",0.010737867094576359,0.016873791813850403,-0.015339808538556099,-0.8574953079223633,0.24543693661689758,0.6427379846572876,0.0,0.0,0.0,0.0,0.0,0.0,0.0,0.0,0.0,0.0,0.0,-21.520000457763672,-317.4200134277344,-104.91000366210938,0.0
1781051310.1654894,605922,1781051310,148837066,base_link,"['wheel_left_joint', 'wheel_right_joint', 'joint1', 'joint2', 'joint3', 'joint4', 'gripper']",0.010737867094576359,0.016873791813850403,-0.015339808538556099,-0.8574953079223633,0.24543693661689758,0.6427379846572876,0.0,0.0,0.0,0.0,0.0,0.0,0.0,0.0,0.0,0.0,0.0,-21.520000457763672,-312.0400085449219,-107.60000610351562,0.0
1781051310.1874056,605923,1781051310,193837066,base_link,"['wheel_left_joint', 'wheel_right_joint', 'joint1', 'joint2', 'joint3', 'joint4', 'gripper']",0.010737867094576359,0.016873791813850403,-0.015339808538556099,-0.8574953079223633,0.24543693661689758,0.6427379846572876,0.0,0.0,0.0,0.0,0.0,0.0,0.0,0.0,0.0,0.0,0.0,-18.829999923706055,-312.0400085449219,-104.91000366210938,0.0
1781051310.235092,605924,1781051310,227837066,base_link,"['wheel_left_joint', 'wheel_right_joint', 'joint1', 'joint2', 'joint3', 'joint4', 'gripper']",0.010737867094576359,0.016873791813850403,-0.015339808538556099,-0.8574953079223633,0.24543693661689758,0.6427379846572876,0.0,0.0,0.0,0.0,0.0,0.0,0.0,0.0,0.0,0.0,0.0,-18.829999923706055,-312.0400085449219,-104.91000366210938,0.0
1781051310.2829318,605925,1781051310,261837066,base_link,"['wheel_left_joint', 'wheel_right_joint', 'joint1', 'joint2', 'joint3', 'joint4', 'gripper']",0.010737867094576359,0.016873791813850403,-0.015339808538556099,-0.8574953079223633,0.24543693661689758,0.6427379846572876,0.0,0.0,0.0,0.0,0.0,0.0,0.0,0.0,0.0,0.0,0.0,-18.829999923706055,-312.0400085449219,-104.91000366210938,0.0
1781051310.3045921,605926,1781051310,303837066,base_link,"['wheel_left_joint', 'wheel_right_joint', 'joint1', 'joint2', 'joint3', 'joint4', 'gripper']",0.010737867094576359,0.016873791813850403,-0.015339808538556099,-0.8574953079223633,0.24543693661689758,0.6427379846572876,0.0,0.0,0.0,0.0,0.0,0.0,0.0,0.0,0.0,0.0,0.0,-18.829999923706055,-314.7300109863281,-104.91000366210938,0.0
1781051310.3516297,605927,1781051310,337837066,base_link,"['wheel_left_joint', 'wheel_right_joint', 'joint1', 'joint2', 'joint3', 'joint4', 'gripper']",0.010737867094576359,0.016873791813850403,-0.015339808538556099,-0.8574953079223633,0.24543693661689758,0.644271969795227,0.0,0.0,0.0,0.0,0.0,0.0,0.0,0.0,0.0,0.0,0.0,-21.520000457763672,-312.0400085449219,-104.91000366210938,0.0
1781051310.3785408,605928,1781051310,384837066,base_link,"['wheel_left_joint', 'wheel_right_joint', 'joint1', 'joint2', 'joint3', 'joint4', 'gripper']",0.010737867094576359,0.016873791813850403,-0.015339808538556099,-0.8574953079223633,0.24543693661689758,0.6427379846572876,0.0,0.0,0.0,0.0,0.0,0.0,0.0,0.0,0.0,0.0,0.0,-21.520000457763672,-312.0400085449219,-107.60000610351562,0.0
1781051310.4260335,605929,1781051310,418837066,base_link,"['wheel_left_joint', 'wheel_right_joint', 'joint1', 'joint2', 'joint3', 'joint4', 'gripper']",0.010737867094576359,0.016873791813850403,-0.015339808538556099,-0.8574953079223633,0.24543693661689758,0.6427379846572876,0.0,0.0,0.0,0.0,0.0,0.0,0.0,0.0,0.0,0.0,0.0,-21.520000457763672,-314.7300109863281,-104.91000366210938,0.0
1781051310.4789348,605930,1781051310,483837066,base_link,"['wheel_left_joint', 'wheel_right_joint', 'joint1', 'joint2', 'joint3', 'joint4', 'gripper']",0.010737867094576359,0.016873791813850403,-0.015339808538556099,-0.8574953079223633,0.24543693661689758,0.6427379846572876,0.0,0.0,0.0,0.0,0.0,0.0,0.0,0.0,0.0,0.0,0.0,-21.520000457763672,-314.7300109863281,-104.91000366210938,0.0
1781051310.5256362,605931,1781051310,517837066,base_link,"['wheel_left_joint', 'wheel_right_joint', 'joint1', 'joint2', 'joint3', 'joint4', 'gripper']",0.010737867094576359,0.016873791813850403,-0.015339808538556099,-0.8574953079223633,0.24543693661689758,0.6427379846572876,0.0,0.0,0.0,0.0,0.0,0.0,0.0,0.0,0.0,0.0,0.0,-18.829999923706055,-312.0400085449219,-104.91000366210938,0.0
1781051310.5805166,605932,1781051310,585837066,base_link,"['wheel_left_joint', 'wheel_right_joint', 'joint1', 'joint2', 'joint3', 'joint4', 'gripper']",0.010737867094576359,0.016873791813850403,-0.015339808538556099,-0.8574953079223633,0.24543693661689758,0.6427379846572876,0.0,0.0,0.0,0.0,0.0,0.0,0.0,0.0,0.0,0.0,0.0,-18.829999923706055,-312.0400085449219,-104.91000366210938,0.0
1781051310.6274762,605933,1781051310,619837066,base_link,"['wheel_left_joint', 'wheel_right_joint', 'joint1', 'joint2', 'joint3', 'joint4', 'gripper']",0.010737867094576359,0.016873791813850403,-0.015339808538556099,-0.8574953079223633,0.24543693661689758,0.6427379846572876,0.0,0.0,0.0,0.0,0.0,0.0,0.0,0.0,0.0,0.0,0.0,-21.520000457763672,-312.0400085449219,-104.91000366210938,0.0
1781051310.680433,605934,1781051310,653837066,base_link,"['wheel_left_joint', 'wheel_right_joint', 'joint1', 'joint2', 'joint3', 'joint4', 'gripper']",0.010737867094576359,0.016873791813850403,-0.015339808538556099,-0.8574953079223633,0.24543693661689758,0.6427379846572876,0.0,0.0,0.0,0.0,0.0,0.0,0.0,0.0,0.0,0.0,0.0,-18.829999923706055,-314.7300109863281,-107.60000610351562,0.0
1781051310.6966696,605935,1781051310,694837066,base_link,"['wheel_left_joint', 'wheel_right_joint', 'joint1', 'joint2', 'joint3', 'joint4', 'gripper']",0.010737867094576359,0.016873791813850403,-0.015339808538556099,-0.8574953079223633,0.24543693661689758,0.6427379846572876,0.0,0.0,0.0,0.0,0.0,0.0,0.0,0.0,0.0,0.0,0.0,-21.520000457763672,-314.7300109863281,-104.91000366210938,0.0
1781051310.7500875,605936,1781051310,728837066,base_link,"['wheel_left_joint', 'wheel_right_joint', 'joint1', 'joint2', 'joint3', 'joint4', 'gripper']",0.010737867094576359,0.016873791813850403,-0.015339808538556099,-0.8574953079223633,0.24543693661689758,0.6427379846572876,0.0,0.0,0.0,0.0,0.0,0.0,0.0,0.0,0.0,0.0,0.0,-21.520000457763672,-314.7300109863281,-104.91000366210938,0.0
1781051310.7665672,605937,1781051310,771837066,base_link,"['wheel_left_joint', 'wheel_right_joint', 'joint1', 'joint2', 'joint3', 'joint4', 'gripper']",0.010737867094576359,0.016873791813850403,-0.015339808538556099,-0.8574953079223633,0.24543693661689758,0.6427379846572876,0.0,0.0,0.0,0.0,0.0,0.0,0.0,0.0,0.0,0.0,0.0,-21.520000457763672,-312.0400085449219,-104.91000366210938,0.0
1781051310.8127072,605938,1781051310,805837066,base_link,"['wheel_left_joint', 'wheel_right_joint', 'joint1', 'joint2', 'joint3', 'joint4', 'gripper']",0.010737867094576359,0.016873791813850403,-0.015339808538556099,-0.8574953079223633,0.24543693661689758,0.644271969795227,0.0,0.0,0.0,0.0,0.0,0.0,0.0,0.0,0.0,0.0,0.0,-21.520000457763672,-314.7300109863281,-104.91000366210938,0.0
1781051310.8601985,605939,1781051310,859837066,base_link,"['wheel_left_joint', 'wheel_right_joint', 'joint1', 'joint2', 'joint3', 'joint4', 'gripper']",0.010737867094576359,0.016873791813850403,-0.015339808538556099,-0.8574953079223633,0.24543693661689758,0.6427379846572876,0.0,0.0,0.0,0.0,0.0,0.0,0.0,0.0,0.0,0.0,0.0,-18.829999923706055,-312.0400085449219,-104.91000366210938,0.0
1781051310.9067252,605940,1781051310,893837066,base_link,"['wheel_left_joint', 'wheel_right_joint', 'joint1', 'joint2', 'joint3', 'joint4', 'gripper']",0.010737867094576359,0.016873791813850403,-0.015339808538556099,-0.8574953079223633,0.24543693661689758,0.644271969795227,0.0,0.0,0.0,0.0,0.0,0.0,0.0,0.0,0.0,0.0,0.0,-18.829999923706055,-312.0400085449219,-104.91000366210938,0.0
1781051310.9328861,605941,1781051310,937837066,base_link,"['wheel_left_joint', 'wheel_right_joint', 'joint1', 'joint2', 'joint3', 'joint4', 'gripper']",0.010737867094576359,0.016873791813850403,-0.015339808538556099,-0.8574953079223633,0.24543693661689758,0.6427379846572876,0.0,0.0,0.0,0.0,0.0,0.0,0.0,0.0,0.0,0.0,0.0,-21.520000457763672,-314.7300109863281,-107.60000610351562,0.0
1781051310.983257,605942,1781051310,971837066,base_link,"['wheel_left_joint', 'wheel_right_joint', 'joint1', 'joint2', 'joint3', 'joint4', 'gripper']",0.010737867094576359,0.016873791813850403,-0.015339808538556099,-0.8574953079223633,0.24543693661689758,0.6427379846572876,0.0,0.0,0.0,0.0,0.0,0.0,0.0,0.0,0.0,0.0,0.0,-18.829999923706055,-312.0400085449219,-104.91000366210938,0.0
1781051311.010477,605943,1781051311,13837066,base_link,"['wheel_left_joint', 'wheel_right_joint', 'joint1', 'joint2', 'joint3', 'joint4', 'gripper']",0.010737867094576359,0.016873791813850403,-0.015339808538556099,-0.8574953079223633,0.24543693661689758,0.644271969795227,0.0,0.0,0.0,0.0,0.0,0.0,0.0,0.0,0.0,0.0,0.0,-21.520000457763672,-317.4200134277344,-104.91000366210938,0.0
1781051311.0588672,605944,1781051311,47837066,base_link,"['wheel_left_joint', 'wheel_right_joint', 'joint1', 'joint2', 'joint3', 'joint4', 'gripper']",0.010737867094576359,0.016873791813850403,-0.015339808538556099,-0.8574953079223633,0.24543693661689758,0.6427379846572876,0.0,0.0,0.0,0.0,0.0,0.0,0.0,0.0,0.0,0.0,0.0,-18.829999923706055,-312.0400085449219,-104.91000366210938,0.0
1781051311.1047053,605945,1781051311,103837066,base_link,"['wheel_left_joint', 'wheel_right_joint', 'joint1', 'joint2', 'joint3', 'joint4', 'gripper']",0.010737867094576359,0.016873791813850403,-0.015339808538556099,-0.8574953079223633,0.24543693661689758,0.6427379846572876,0.0,0.0,0.0,0.0,0.0,0.0,0.0,0.0,0.0,0.0,0.0,-18.829999923706055,-314.7300109863281,-104.91000366210938,0.0
1781051311.154755,605946,1781051311,137837066,base_link,"['wheel_left_joint', 'wheel_right_joint', 'joint1', 'joint2', 'joint3', 'joint4', 'gripper']",0.010737867094576359,0.016873791813850403,-0.015339808538556099,-0.8574953079223633,0.24543693661689758,0.6427379846572876,0.0,0.0,0.0,0.0,0.0,0.0,0.0,0.0,0.0,0.0,0.0,-21.520000457763672,-314.7300109863281,-107.60000610351562,0.0
1781051311.1783557,605947,1781051311,182837066,base_link,"['wheel_left_joint', 'wheel_right_joint', 'joint1', 'joint2', 'joint3', 'joint4', 'gripper']",0.010737867094576359,0.016873791813850403,-0.015339808538556099,-0.8574953079223633,0.24543693661689758,0.6427379846572876,0.0,0.0,0.0,0.0,0.0,0.0,0.0,0.0,0.0,0.0,0.0,-21.520000457763672,-312.0400085449219,-104.91000366210938,0.0
1781051311.2302966,605948,1781051311,216837066,base_link,"['wheel_left_joint', 'wheel_right_joint', 'joint1', 'joint2', 'joint3', 'joint4', 'gripper']",0.010737867094576359,0.016873791813850403,-0.015339808538556099,-0.8574953079223633,0.24543693661689758,0.6427379846572876,0.0,0.0,0.0,0.0,0.0,0.0,0.0,0.0,0.0,0.0,0.0,-16.139999389648438,-312.0400085449219,-107.60000610351562,0.0
1781051311.253782,605949,1781051311,257837066,base_link,"['wheel_left_joint', 'wheel_right_joint', 'joint1', 'joint2', 'joint3', 'joint4', 'gripper']",0.010737867094576359,0.016873791813850403,-0.015339808538556099,-0.8574953079223633,0.24543693661689758,0.6427379846572876,0.0,0.0,0.0,0.0,0.0,0.0,0.0,0.0,0.0,0.0,0.0,-21.520000457763672,-314.7300109863281,-104.91000366210938,0.0
1781051311.2977185,605950,1781051311,291837066,base_link,"['wheel_left_joint', 'wheel_right_joint', 'joint1', 'joint2', 'joint3', 'joint4', 'gripper']",0.010737867094576359,0.016873791813850403,-0.015339808538556099,-0.8574953079223633,0.24543693661689758,0.6427379846572876,0.0,0.0,0.0,0.0,0.0,0.0,0.0,0.0,0.0,0.0,0.0,-21.520000457763672,-312.0400085449219,-104.91000366210938,0.0
1781051311.35163,605951,1781051311,325837066,base_link,"['wheel_left_joint', 'wheel_right_joint', 'joint1', 'joint2', 'joint3', 'joint4', 'gripper']",0.010737867094576359,0.016873791813850403,-0.015339808538556099,-0.8574953079223633,0.24543693661689758,0.6427379846572876,0.0,0.0,0.0,0.0,0.0,0.0,0.0,0.0,0.0,0.0,0.0,-18.829999923706055,-314.7300109863281,-104.91000366210938,0.0
1781051311.367466,605952,1781051311,365837066,base_link,"['wheel_left_joint', 'wheel_right_joint', 'joint1', 'joint2', 'joint3', 'joint4', 'gripper']",0.010737867094576359,0.016873791813850403,-0.015339808538556099,-0.8574953079223633,0.24543693661689758,0.6427379846572876,0.0,0.0,0.0,0.0,0.0,0.0,0.0,0.0,0.0,0.0,0.0,-21.520000457763672,-312.0400085449219,-104.91000366210938,0.0
1781051311.4203656,605953,1781051311,399837066,base_link,"['wheel_left_joint', 'wheel_right_joint', 'joint1', 'joint2', 'joint3', 'joint4', 'gripper']",0.010737867094576359,0.016873791813850403,-0.015339808538556099,-0.8574953079223633,0.24543693661689758,0.644271969795227,0.0,0.0,0.0,0.0,0.0,0.0,0.0,0.0,0.0,0.0,0.0,-21.520000457763672,-312.0400085449219,-107.60000610351562,0.0
1781051311.4366848,605954,1781051311,442837066,base_link,"['wheel_left_joint', 'wheel_right_joint', 'joint1', 'joint2', 'joint3', 'joint4', 'gripper']",0.010737867094576359,0.016873791813850403,-0.015339808538556099,-0.8574953079223633,0.24543693661689758,0.6427379846572876,0.0,0.0,0.0,0.0,0.0,0.0,0.0,0.0,0.0,0.0,0.0,-21.520000457763672,-312.0400085449219,-107.60000610351562,0.0
1781051311.4899154,605955,1781051311,476837066,base_link,"['wheel_left_joint', 'wheel_right_joint', 'joint1', 'joint2', 'joint3', 'joint4', 'gripper']",0.010737867094576359,0.016873791813850403,-0.015339808538556099,-0.8574953079223633,0.24543693661689758,0.6427379846572876,0.0,0.0,0.0,0.0,0.0,0.0,0.0,0.0,0.0,0.0,0.0,-21.520000457763672,-314.7300109863281,-104.91000366210938,0.0
1781051311.5214648,605956,1781051311,524837066,base_link,"['wheel_left_joint', 'wheel_right_joint', 'joint1', 'joint2', 'joint3', 'joint4', 'gripper']",0.010737867094576359,0.016873791813850403,-0.015339808538556099,-0.8574953079223633,0.24543693661689758,0.6427379846572876,0.0,0.0,0.0,0.0,0.0,0.0,0.0,0.0,0.0,0.0,0.0,-21.520000457763672,-312.0400085449219,-104.91000366210938,0.0
1781051311.5747244,605957,1781051311,558837066,base_link,"['wheel_left_joint', 'wheel_right_joint', 'joint1', 'joint2', 'joint3', 'joint4', 'gripper']",0.010737867094576359,0.016873791813850403,-0.015339808538556099,-0.8574953079223633,0.24543693661689758,0.6427379846572876,0.0,0.0,0.0,0.0,0.0,0.0,0.0,0.0,0.0,0.0,0.0,-21.520000457763672,-312.0400085449219,-107.60000610351562,0.0
1781051311.601115,605958,1781051311,606837066,base_link,"['wheel_left_joint', 'wheel_right_joint', 'joint1', 'joint2', 'joint3', 'joint4', 'gripper']",0.010737867094576359,0.016873791813850403,-0.015339808538556099,-0.8574953079223633,0.24543693661689758,0.6427379846572876,0.0,0.0,0.0,0.0,0.0,0.0,0.0,0.0,0.0,0.0,0.0,-21.520000457763672,-312.0400085449219,-107.60000610351562,0.0
1781051311.6500936,605959,1781051311,640837066,base_link,"['wheel_left_joint', 'wheel_right_joint', 'joint1', 'joint2', 'joint3', 'joint4', 'gripper']",0.010737867094576359,0.016873791813850403,-0.015339808538556099,-0.8574953079223633,0.24543693661689758,0.6427379846572876,0.0,0.0,0.0,0.0,0.0,0.0,0.0,0.0,0.0,0.0,0.0,-21.520000457763672,-314.7300109863281,-104.91000366210938,0.0
1781051311.7043493,605960,1781051311,700955041,base_link,"['wheel_left_joint', 'wheel_right_joint', 'joint1', 'joint2', 'joint3', 'joint4', 'gripper']",0.010737867094576359,0.016873791813850403,-0.015339808538556099,-0.8574953079223633,0.24543693661689758,0.6427379846572876,0.0,0.0,0.0,0.0,0.0,0.0,0.0,0.0,0.0,0.0,0.0,-21.520000457763672,-312.0400085449219,-102.22000122070312,0.0
1781051311.75029,605961,1781051311,734955041,base_link,"['wheel_left_joint', 'wheel_right_joint', 'joint1', 'joint2', 'joint3', 'joint4', 'gripper']",0.010737867094576359,0.016873791813850403,-0.015339808538556099,-0.8574953079223633,0.24543693661689758,0.644271969795227,0.0,0.0,0.0,0.0,0.0,0.0,0.0,0.0,0.0,0.0,0.0,-18.829999923706055,-312.0400085449219,-104.91000366210938,0.0
1781051311.7979214,605962,1781051311,796955041,base_link,"['wheel_left_joint', 'wheel_right_joint', 'joint1', 'joint2', 'joint3', 'joint4', 'gripper']",0.010737867094576359,0.016873791813850403,-0.015339808538556099,-0.8574953079223633,0.24543693661689758,0.6427379846572876,0.0,0.0,0.0,0.0,0.0,0.0,0.0,0.0,0.0,0.0,0.0,-21.520000457763672,-314.7300109863281,-104.91000366210938,0.0
1781051311.845836,605963,1781051311,830955041,base_link,"['wheel_left_joint', 'wheel_right_joint', 'joint1', 'joint2', 'joint3', 'joint4', 'gripper']",0.010737867094576359,0.016873791813850403,-0.015339808538556099,-0.8574953079223633,0.24543693661689758,0.6427379846572876,0.0,0.0,0.0,0.0,0.0,0.0,0.0,0.0,0.0,0.0,0.0,-21.520000457763672,-312.0400085449219,-104.91000366210938,0.0
1781051311.9004636,605964,1781051311,864955041,base_link,"['wheel_left_joint', 'wheel_right_joint', 'joint1', 'joint2', 'joint3', 'joint4', 'gripper']",0.010737867094576359,0.016873791813850403,-0.015339808538556099,-0.8574953079223633,0.24543693661689758,0.6427379846572876,0.0,0.0,0.0,0.0,0.0,0.0,0.0,0.0,0.0,0.0,0.0,-21.520000457763672,-314.7300109863281,-104.91000366210938,0.0
1781051311.916035,605965,1781051311,907955041,base_link,"['wheel_left_joint', 'wheel_right_joint', 'joint1', 'joint2', 'joint3', 'joint4', 'gripper']",0.010737867094576359,0.016873791813850403,-0.015339808538556099,-0.8574953079223633,0.24543693661689758,0.6427379846572876,0.0,0.0,0.0,0.0,0.0,0.0,0.0,0.0,0.0,0.0,0.0,-21.520000457763672,-314.7300109863281,-104.91000366210938,0.0
1781051311.9692562,605966,1781051311,941955041,base_link,"['wheel_left_joint', 'wheel_right_joint', 'joint1', 'joint2', 'joint3', 'joint4', 'gripper']",0.010737867094576359,0.016873791813850403,-0.015339808538556099,-0.8574953079223633,0.24543693661689758,0.6427379846572876,0.0,0.0,0.0,0.0,0.0,0.0,0.0,0.0,0.0,0.0,0.0,-18.829999923706055,-312.0400085449219,-102.22000122070312,0.0
1781051311.994893,605967,1781051311,989955041,base_link,"['wheel_left_joint', 'wheel_right_joint', 'joint1', 'joint2', 'joint3', 'joint4', 'gripper']",0.010737867094576359,0.016873791813850403,-0.015339808538556099,-0.8574953079223633,0.24543693661689758,0.6427379846572876,0.0,0.0,0.0,0.0,0.0,0.0,0.0,0.0,0.0,0.0,0.0,-21.520000457763672,-314.7300109863281,-104.91000366210938,0.0
1781051312.0374985,605968,1781051312,23955041,base_link,"['wheel_left_joint', 'wheel_right_joint', 'joint1', 'joint2', 'joint3', 'joint4', 'gripper']",0.010737867094576359,0.016873791813850403,-0.015339808538556099,-0.8574953079223633,0.24543693661689758,0.6427379846572876,0.0,0.0,0.0,0.0,0.0,0.0,0.0,0.0,0.0,0.0,0.0,-18.829999923706055,-312.0400085449219,-104.91000366210938,0.0
1781051312.093462,605969,1781051312,88955041,base_link,"['wheel_left_joint', 'wheel_right_joint', 'joint1', 'joint2', 'joint3', 'joint4', 'gripper']",0.010737867094576359,0.016873791813850403,-0.015339808538556099,-0.8574953079223633,0.24543693661689758,0.6427379846572876,0.0,0.0,0.0,0.0,0.0,0.0,0.0,0.0,0.0,0.0,0.0,-21.520000457763672,-312.0400085449219,-104.91000366210938,0.0
1781051312.1389246,605970,1781051312,122955041,base_link,"['wheel_left_joint', 'wheel_right_joint', 'joint1', 'joint2', 'joint3', 'joint4', 'gripper']",0.010737867094576359,0.016873791813850403,-0.015339808538556099,-0.8574953079223633,0.24543693661689758,0.6427379846572876,0.0,0.0,0.0,0.0,0.0,0.0,0.0,0.0,0.0,0.0,0.0,-21.520000457763672,-312.0400085449219,-104.91000366210938,0.0
1781051312.1868656,605971,1781051312,183955041,base_link,"['wheel_left_joint', 'wheel_right_joint', 'joint1', 'joint2', 'joint3', 'joint4', 'gripper']",0.010737867094576359,0.016873791813850403,-0.015339808538556099,-0.8574953079223633,0.24543693661689758,0.6427379846572876,0.0,0.0,0.0,0.0,0.0,0.0,0.0,0.0,0.0,0.0,0.0,-18.829999923706055,-312.0400085449219,-104.91000366210938,0.0
1781051312.2365785,605972,1781051312,217955041,base_link,"['wheel_left_joint', 'wheel_right_joint', 'joint1', 'joint2', 'joint3', 'joint4', 'gripper']",0.010737867094576359,0.016873791813850403,-0.015339808538556099,-0.8574953079223633,0.24543693661689758,0.6427379846572876,0.0,0.0,0.0,0.0,0.0,0.0,0.0,0.0,0.0,0.0,0.0,-18.829999923706055,-312.0400085449219,-104.91000366210938,0.0
1781051312.2737503,605973,1781051312,272955041,base_link,"['wheel_left_joint', 'wheel_right_joint', 'joint1', 'joint2', 'joint3', 'joint4', 'gripper']",0.010737867094576359,0.016873791813850403,-0.015339808538556099,-0.8574953079223633,0.24543693661689758,0.6427379846572876,0.0,0.0,0.0,0.0,0.0,0.0,0.0,0.0,0.0,0.0,0.0,-18.829999923706055,-314.7300109863281,-104.91000366210938,0.0
1781051312.320972,605974,1781051312,306955041,base_link,"['wheel_left_joint', 'wheel_right_joint', 'joint1', 'joint2', 'joint3', 'joint4', 'gripper']",0.010737867094576359,0.016873791813850403,-0.015339808538556099,-0.8574953079223633,0.24543693661689758,0.6427379846572876,0.0,0.0,0.0,0.0,0.0,0.0,0.0,0.0,0.0,0.0,0.0,-21.520000457763672,-312.0400085449219,-104.91000366210938,0.0
1781051312.3739128,605975,1781051312,340955041,base_link,"['wheel_left_joint', 'wheel_right_joint', 'joint1', 'joint2', 'joint3', 'joint4', 'gripper']",0.012271847575902939,0.016873791813850403,-0.015339808538556099,-0.8574953079223633,0.24543693661689758,0.6427379846572876,0.0,0.04511708766222,0.0,0.0,0.0,0.0,0.0,0.0,0.0,0.0,0.0,-18.829999923706055,-314.7300109863281,-104.91000366210938,0.0
1781051312.389711,605976,1781051312,381955041,base_link,"['wheel_left_joint', 'wheel_right_joint', 'joint1', 'joint2', 'joint3', 'joint4', 'gripper']",0.010737867094576359,0.016873791813850403,-0.015339808538556099,-0.8574953079223633,0.24543693661689758,0.6427379846572876,0.0,-0.03741417080163956,0.0,0.0,0.0,0.0,0.0,0.0,0.0,0.0,0.0,-21.520000457763672,-314.7300109863281,-110.29000091552734,0.0
1781051312.4435709,605977,1781051312,415955041,base_link,"['wheel_left_joint', 'wheel_right_joint', 'joint1', 'joint2', 'joint3', 'joint4', 'gripper']",0.010737867094576359,0.016873791813850403,-0.015339808538556099,-0.8574953079223633,0.24543693661689758,0.6427379846572876,0.0,0.0,0.0,0.0,0.0,0.0,0.0,0.0,0.0,0.0,0.0,-18.829999923706055,-312.0400085449219,-104.91000366210938,0.0
1781051312.4603958,605978,1781051312,457955041,base_link,"['wheel_left_joint', 'wheel_right_joint', 'joint1', 'joint2', 'joint3', 'joint4', 'gripper']",0.010737867094576359,0.016873791813850403,-0.015339808538556099,-0.8574953079223633,0.24543693661689758,0.6427379846572876,0.0,0.0,0.0,0.0,0.0,0.0,0.0,0.0,0.0,0.0,0.0,-18.829999923706055,-312.0400085449219,-104.91000366210938,0.0
1781051312.5127716,605979,1781051312,491955041,base_link,"['wheel_left_joint', 'wheel_right_joint', 'joint1', 'joint2', 'joint3', 'joint4', 'gripper']",0.010737867094576359,0.016873791813850403,-0.015339808538556099,-0.8574953079223633,0.24543693661689758,0.6427379846572876,0.0,0.0,0.0,0.0,0.0,0.0,0.0,0.0,0.0,0.0,0.0,-21.520000457763672,-312.0400085449219,-104.91000366210938,0.0
1781051312.5527666,605980,1781051312,542955041,base_link,"['wheel_left_joint', 'wheel_right_joint', 'joint1', 'joint2', 'joint3', 'joint4', 'gripper']",0.010737867094576359,0.016873791813850403,-0.015339808538556099,-0.8574953079223633,0.24543693661689758,0.6427379846572876,0.0,0.0,0.0,0.0,0.0,0.0,0.0,0.0,0.0,0.0,0.0,-18.829999923706055,-312.0400085449219,-102.22000122070312,0.0
1781051312.6035838,605981,1781051312,576955041,base_link,"['wheel_left_joint', 'wheel_right_joint', 'joint1', 'joint2', 'joint3', 'joint4', 'gripper']",0.010737867094576359,0.016873791813850403,-0.015339808538556099,-0.8574953079223633,0.24543693661689758,0.644271969795227,0.0,0.0,0.0,0.0,0.0,0.0,0.0,0.0,0.0,0.0,0.0,-18.829999923706055,-312.0400085449219,-104.91000366210938,0.0
1781051312.6263502,605982,1781051312,619955041,base_link,"['wheel_left_joint', 'wheel_right_joint', 'joint1', 'joint2', 'joint3', 'joint4', 'gripper']",0.010737867094576359,0.016873791813850403,-0.015339808538556099,-0.8574953079223633,0.24543693661689758,0.644271969795227,0.0,0.0,0.0,0.0,0.0,0.0,0.0,0.0,0.0,0.0,0.0,-18.829999923706055,-312.0400085449219,-104.91000366210938,0.0
1781051312.6727328,605983,1781051312,653955041,base_link,"['wheel_left_joint', 'wheel_right_joint', 'joint1', 'joint2', 'joint3', 'joint4', 'gripper']",0.010737867094576359,0.016873791813850403,-0.015339808538556099,-0.8574953079223633,0.24543693661689758,0.6427379846572876,0.0,0.0,0.0,0.0,0.0,0.0,0.0,0.0,0.0,0.0,0.0,-21.520000457763672,-312.0400085449219,-104.91000366210938,0.0
1781051312.7117682,605984,1781051312,701955041,base_link,"['wheel_left_joint', 'wheel_right_joint', 'joint1', 'joint2', 'joint3', 'joint4', 'gripper']",0.010737867094576359,0.016873791813850403,-0.015339808538556099,-0.8574953079223633,0.24543693661689758,0.6427379846572876,0.0,0.0,0.0,0.0,0.0,0.0,0.0,0.0,0.0,0.0,0.0,-18.829999923706055,-314.7300109863281,-104.91000366210938,0.0
1781051312.7613802,605985,1781051312,735955041,base_link,"['wheel_left_joint', 'wheel_right_joint', 'joint1', 'joint2', 'joint3', 'joint4', 'gripper']",0.010737867094576359,0.016873791813850403,-0.015339808538556099,-0.8574953079223633,0.24543693661689758,0.6427379846572876,0.0,0.0,0.0,0.0,0.0,0.0,0.0,0.0,0.0,0.0,0.0,-21.520000457763672,-314.7300109863281,-104.91000366210938,0.0
1781051312.7822192,605986,1781051312,779955041,base_link,"['wheel_left_joint', 'wheel_right_joint', 'joint1', 'joint2', 'joint3', 'joint4', 'gripper']",0.010737867094576359,0.016873791813850403,-0.015339808538556099,-0.8574953079223633,0.24543693661689758,0.6427379846572876,0.0,0.0,0.0,0.0,0.0,0.0,0.0,0.0,0.0,0.0,0.0,-18.829999923706055,-317.4200134277344,-104.91000366210938,0.0
1781051312.8296988,605987,1781051312,814955041,base_link,"['wheel_left_joint', 'wheel_right_joint', 'joint1', 'joint2', 'joint3', 'joint4', 'gripper']",0.010737867094576359,0.016873791813850403,-0.015339808538556099,-0.8574953079223633,0.24543693661689758,0.6427379846572876,0.0,0.0,0.0,0.0,0.0,0.0,0.0,0.0,0.0,0.0,0.0,-21.520000457763672,-314.7300109863281,-104.91000366210938,0.0
1781051312.8563306,605988,1781051312,855955041,base_link,"['wheel_left_joint', 'wheel_right_joint', 'joint1', 'joint2', 'joint3', 'joint4', 'gripper']",0.010737867094576359,0.016873791813850403,-0.015339808538556099,-0.8574953079223633,0.24543693661689758,0.6427379846572876,0.0,0.0,0.0,0.0,0.0,0.0,0.0,0.0,0.0,0.0,0.0,-18.829999923706055,-314.7300109863281,-104.91000366210938,0.0
1781051312.9109564,605989,1781051312,889955041,base_link,"['wheel_left_joint', 'wheel_right_joint', 'joint1', 'joint2', 'joint3', 'joint4', 'gripper']",0.010737867094576359,0.016873791813850403,-0.015339808538556099,-0.8574953079223633,0.24543693661689758,0.6427379846572876,0.0,0.0,0.0,0.0,0.0,0.0,0.0,0.0,0.0,0.0,0.0,-21.520000457763672,-314.7300109863281,-104.91000366210938,0.0
1781051312.9580252,605990,1781051312,953955041,base_link,"['wheel_left_joint', 'wheel_right_joint', 'joint1', 'joint2', 'joint3', 'joint4', 'gripper']",0.010737867094576359,0.016873791813850403,-0.015339808538556099,-0.8574953079223633,0.24543693661689758,0.6427379846572876,0.0,0.0,0.0,0.0,0.0,0.0,0.0,0.0,0.0,0.0,0.0,-21.520000457763672,-314.7300109863281,-104.91000366210938,0.0
1781051313.0131156,605991,1781051312,987955041,base_link,"['wheel_left_joint', 'wheel_right_joint', 'joint1', 'joint2', 'joint3', 'joint4', 'gripper']",0.010737867094576359,0.016873791813850403,-0.015339808538556099,-0.8574953079223633,0.24543693661689758,0.6427379846572876,0.0,0.0,0.0,0.0,0.0,0.0,0.0,0.0,0.0,0.0,0.0,-18.829999923706055,-314.7300109863281,-107.60000610351562,0.0
1781051313.0340545,605992,1781051313,32955041,base_link,"['wheel_left_joint', 'wheel_right_joint', 'joint1', 'joint2', 'joint3', 'joint4', 'gripper']",0.010737867094576359,0.016873791813850403,-0.015339808538556099,-0.8574953079223633,0.24543693661689758,0.6427379846572876,0.0,0.0,0.0,0.0,0.0,0.0,0.0,0.0,0.0,0.0,0.0,-21.520000457763672,-314.7300109863281,-104.91000366210938,0.0
1781051313.0861535,605993,1781051313,66955041,base_link,"['wheel_left_joint', 'wheel_right_joint', 'joint1', 'joint2', 'joint3', 'joint4', 'gripper']",0.010737867094576359,0.016873791813850403,-0.015339808538556099,-0.8574953079223633,0.24543693661689758,0.6427379846572876,0.0,0.0,0.0,0.0,0.0,0.0,0.0,0.0,0.0,0.0,0.0,-21.520000457763672,-314.7300109863281,-104.91000366210938,0.0
1781051313.1127791,605994,1781051313,109955041,base_link,"['wheel_left_joint', 'wheel_right_joint', 'joint1', 'joint2', 'joint3', 'joint4', 'gripper']",0.010737867094576359,0.016873791813850403,-0.015339808538556099,-0.8574953079223633,0.24543693661689758,0.6427379846572876,0.0,0.0,0.0,0.0,0.0,0.0,0.0,0.0,0.0,0.0,0.0,-21.520000457763672,-314.7300109863281,-102.22000122070312,0.0
1781051313.1662366,605995,1781051313,143955041,base_link,"['wheel_left_joint', 'wheel_right_joint', 'joint1', 'joint2', 'joint3', 'joint4', 'gripper']",0.010737867094576359,0.016873791813850403,-0.015339808538556099,-0.8574953079223633,0.24543693661689758,0.6427379846572876,0.0,0.0,0.0,0.0,0.0,0.0,0.0,0.0,0.0,0.0,0.0,-21.520000457763672,-317.4200134277344,-104.91000366210938,0.0
1781051313.1873999,605996,1781051313,186955041,base_link,"['wheel_left_joint', 'wheel_right_joint', 'joint1', 'joint2', 'joint3', 'joint4', 'gripper']",0.010737867094576359,0.016873791813850403,-0.015339808538556099,-0.8574953079223633,0.24543693661689758,0.6427379846572876,0.0,0.0,0.0,0.0,0.0,0.0,0.0,0.0,0.0,0.0,0.0,-21.520000457763672,-314.7300109863281,-104.91000366210938,0.0
1781051313.2349558,605997,1781051313,220955041,base_link,"['wheel_left_joint', 'wheel_right_joint', 'joint1', 'joint2', 'joint3', 'joint4', 'gripper']",0.010737867094576359,0.016873791813850403,-0.015339808538556099,-0.8574953079223633,0.24543693661689758,0.6427379846572876,0.0,0.0,0.0,0.0,0.0,0.0,0.0,0.0,0.0,0.0,0.0,-18.829999923706055,-312.0400085449219,-104.91000366210938,0.0
1781051313.288142,605998,1781051313,286955041,base_link,"['wheel_left_joint', 'wheel_right_joint', 'joint1', 'joint2', 'joint3', 'joint4', 'gripper']",0.010737867094576359,0.016873791813850403,-0.015339808538556099,-0.8574953079223633,0.24543693661689758,0.644271969795227,0.0,0.0,0.0,0.0,0.0,0.0,0.0,0.0,0.0,0.0,0.0,-21.520000457763672,-314.7300109863281,-104.91000366210938,0.0
1781051313.341422,605999,1781051313,320955041,base_link,"['wheel_left_joint', 'wheel_right_joint', 'joint1', 'joint2', 'joint3', 'joint4', 'gripper']",0.010737867094576359,0.016873791813850403,-0.015339808538556099,-0.8574953079223633,0.24543693661689758,0.6427379846572876,0.0,0.0,0.0,0.0,0.0,0.0,0.0,0.0,0.0,0.0,0.0,-21.520000457763672,-314.7300109863281,-104.91000366210938,0.0
1781051313.3684394,606000,1781051313,366955041,base_link,"['wheel_left_joint', 'wheel_right_joint', 'joint1', 'joint2', 'joint3', 'joint4', 'gripper']",0.010737867094576359,0.016873791813850403,-0.015339808538556099,-0.8574953079223633,0.24543693661689758,0.644271969795227,0.0,0.0,0.0,0.0,0.0,0.0,0.0,0.0,0.0,0.0,0.0,-21.520000457763672,-314.7300109863281,-104.91000366210938,0.0
1781051313.414583,606001,1781051313,400955041,base_link,"['wheel_left_joint', 'wheel_right_joint', 'joint1', 'joint2', 'joint3', 'joint4', 'gripper']",0.010737867094576359,0.016873791813850403,-0.015339808538556099,-0.8574953079223633,0.24543693661689758,0.6427379846572876,0.0,0.0,0.0,0.0,0.0,0.0,0.0,0.0,0.0,0.0,0.0,-18.829999923706055,-314.7300109863281,-104.91000366210938,0.0
1781051313.4665267,606002,1781051313,465955041,base_link,"['wheel_left_joint', 'wheel_right_joint', 'joint1', 'joint2', 'joint3', 'joint4', 'gripper']",0.010737867094576359,0.016873791813850403,-0.015339808538556099,-0.8574953079223633,0.24543693661689758,0.6427379846572876,0.0,0.0,0.0,0.0,0.0,0.0,0.0,0.0,0.0,0.0,0.0,-21.520000457763672,-312.0400085449219,-104.91000366210938,0.0
1781051313.5137675,606003,1781051313,499955041,base_link,"['wheel_left_joint', 'wheel_right_joint', 'joint1', 'joint2', 'joint3', 'joint4', 'gripper']",0.010737867094576359,0.016873791813850403,-0.015339808538556099,-0.8574953079223633,0.24543693661689758,0.6427379846572876,0.0,0.0,0.0,0.0,0.0,0.0,0.0,0.0,0.0,0.0,0.0,-18.829999923706055,-314.7300109863281,-104.91000366210938,0.0
1781051313.5666819,606004,1781051313,562955041,base_link,"['wheel_left_joint', 'wheel_right_joint', 'joint1', 'joint2', 'joint3', 'joint4', 'gripper']",0.010737867094576359,0.016873791813850403,-0.015339808538556099,-0.8574953079223633,0.24543693661689758,0.6427379846572876,0.0,0.0,0.0,0.0,0.0,0.0,0.0,0.0,0.0,0.0,0.0,-21.520000457763672,-312.0400085449219,-107.60000610351562,0.0
1781051313.6188183,606005,1781051313,596955041,base_link,"['wheel_left_joint', 'wheel_right_joint', 'joint1', 'joint2', 'joint3', 'joint4', 'gripper']",0.010737867094576359,0.016873791813850403,-0.015339808538556099,-0.8574953079223633,0.24543693661689758,0.644271969795227,2.3009712094790302e-05,0.0,0.0,0.0,0.0,0.0,0.0,0.0,0.0,0.0,0.0,-18.829999923706055,-312.0400085449219,-104.91000366210938,0.0
1781051313.649407,606006,1781051313,652955041,base_link,"['wheel_left_joint', 'wheel_right_joint', 'joint1', 'joint2', 'joint3', 'joint4', 'gripper']",0.010737867094576359,0.016873791813850403,-0.015339808538556099,-0.8574953079223633,0.24543693661689758,0.6427379846572876,0.0,0.0,0.0,0.0,0.0,0.0,0.0,0.0,0.0,0.0,0.0,-18.829999923706055,-312.0400085449219,-104.91000366210938,0.0
1781051313.6962261,606007,1781051313,686955041,base_link,"['wheel_left_joint', 'wheel_right_joint', 'joint1', 'joint2', 'joint3', 'joint4', 'gripper']",0.010737867094576359,0.016873791813850403,-0.015339808538556099,-0.8574953079223633,0.24543693661689758,0.644271969795227,0.0,0.0,0.0,0.0,0.0,0.0,0.0,0.0,0.0,0.0,0.0,-21.520000457763672,-312.0400085449219,-104.91000366210938,0.0
1781051313.7495232,606008,1781051313,720955041,base_link,"['wheel_left_joint', 'wheel_right_joint', 'joint1', 'joint2', 'joint3', 'joint4', 'gripper']",0.012271847575902939,0.016873791813850403,-0.013805827125906944,-0.8574953079223633,0.24543693661689758,0.644271969795227,0.0,0.04511708766222,0.0,0.0,0.0,0.0,0.0,0.0,0.0,0.0,0.0,-21.520000457763672,-312.0400085449219,-104.91000366210938,0.0
1781051313.7661362,606009,1781051313,764955041,base_link,"['wheel_left_joint', 'wheel_right_joint', 'joint1', 'joint2', 'joint3', 'joint4', 'gripper']",0.010737867094576359,0.016873791813850403,-0.015339808538556099,-0.8574953079223633,0.24543693661689758,0.644271969795227,0.0,-0.03486320376396179,0.0,0.0,0.0,0.0,0.0,0.0,0.0,0.0,0.0,-21.520000457763672,-314.7300109863281,-104.91000366210938,0.0
1781051313.818537,606010,1781051313,798955041,base_link,"['wheel_left_joint', 'wheel_right_joint', 'joint1', 'joint2', 'joint3', 'joint4', 'gripper']",0.010737867094576359,0.016873791813850403,-0.015339808538556099,-0.8574953079223633,0.24543693661689758,0.6427379846572876,0.0,0.0,0.0,0.0,0.0,0.0,0.0,0.0,0.0,0.0,0.0,-21.520000457763672,-312.0400085449219,-104.91000366210938,0.0
1781051313.8560321,606011,1781051313,850955041,base_link,"['wheel_left_joint', 'wheel_right_joint', 'joint1', 'joint2', 'joint3', 'joint4', 'gripper']",0.010737867094576359,0.016873791813850403,-0.015339808538556099,-0.8574953079223633,0.24543693661689758,0.6427379846572876,0.0,0.0,0.0,0.0,0.0,0.0,0.0,0.0,0.0,0.0,0.0,-21.520000457763672,-312.0400085449219,-104.91000366210938,0.0
1781051313.9085975,606012,1781051313,884955041,base_link,"['wheel_left_joint', 'wheel_right_joint', 'joint1', 'joint2', 'joint3', 'joint4', 'gripper']",0.010737867094576359,0.016873791813850403,-0.015339808538556099,-0.8574953079223633,0.24543693661689758,0.6427379846572876,0.0,0.0,0.0,0.0,0.0,0.0,0.0,0.0,0.0,0.0,0.0,-18.829999923706055,-312.0400085449219,-104.91000366210938,0.0
1781051313.9352307,606013,1781051313,928955041,base_link,"['wheel_left_joint', 'wheel_right_joint', 'joint1', 'joint2', 'joint3', 'joint4', 'gripper']",0.010737867094576359,0.016873791813850403,-0.015339808538556099,-0.8574953079223633,0.24543693661689758,0.6427379846572876,0.0,0.0,0.0,0.0,0.0,0.0,0.0,0.0,0.0,0.0,0.0,-18.829999923706055,-314.7300109863281,-107.60000610351562,0.0
1781051313.9857213,606014,1781051313,962955041,base_link,"['wheel_left_joint', 'wheel_right_joint', 'joint1', 'joint2', 'joint3', 'joint4', 'gripper']",0.010737867094576359,0.016873791813850403,-0.015339808538556099,-0.8574953079223633,0.24543693661689758,0.6427379846572876,0.0,0.0,0.0,0.0,0.0,0.0,0.0,0.0,0.0,0.0,0.0,-18.829999923706055,-314.7300109863281,-107.60000610351562,0.0
1781051314.0059404,606015,1781051314,2955041,base_link,"['wheel_left_joint', 'wheel_right_joint', 'joint1', 'joint2', 'joint3', 'joint4', 'gripper']",0.010737867094576359,0.016873791813850403,-0.015339808538556099,-0.8574953079223633,0.24543693661689758,0.6427379846572876,0.0,0.0,0.0,0.0,0.0,0.0,0.0,0.0,0.0,0.0,0.0,-18.829999923706055,-314.7300109863281,-104.91000366210938,0.0
1781051314.0537674,606016,1781051314,36955041,base_link,"['wheel_left_joint', 'wheel_right_joint', 'joint1', 'joint2', 'joint3', 'joint4', 'gripper']",0.010737867094576359,0.016873791813850403,-0.015339808538556099,-0.8574953079223633,0.24543693661689758,0.6427379846572876,0.0,0.0,0.0,0.0,0.0,0.0,0.0,0.0,0.0,0.0,0.0,-18.829999923706055,-312.0400085449219,-104.91000366210938,0.0
1781051314.0869915,606017,1781051314,85955041,base_link,"['wheel_left_joint', 'wheel_right_joint', 'joint1', 'joint2', 'joint3', 'joint4', 'gripper']",0.010737867094576359,0.016873791813850403,-0.015339808538556099,-0.8574953079223633,0.24543693661689758,0.6427379846572876,0.0,0.0,0.0,0.0,0.0,0.0,0.0,0.0,0.0,0.0,0.0,-18.829999923706055,-314.7300109863281,-104.91000366210938,0.0
1781051314.141318,606018,1781051314,119955041,base_link,"['wheel_left_joint', 'wheel_right_joint', 'joint1', 'joint2', 'joint3', 'joint4', 'gripper']",0.010737867094576359,0.016873791813850403,-0.015339808538556099,-0.8574953079223633,0.24543693661689758,0.6427379846572876,0.0,0.0,0.0,0.0,0.0,0.0,0.0,0.0,0.0,0.0,0.0,-21.520000457763672,-312.0400085449219,-104.91000366210938,0.0
1781051314.1846476,606019,1781051314,192907089,base_link,"['wheel_left_joint', 'wheel_right_joint', 'joint1', 'joint2', 'joint3', 'joint4', 'gripper']",0.010737867094576359,0.016873791813850403,-0.015339808538556099,-0.8574953079223633,0.24543693661689758,0.6427379846572876,0.0,0.0,0.0,0.0,0.0,0.0,0.0,0.0,0.0,0.0,0.0,-21.520000457763672,-312.0400085449219,-104.91000366210938,0.0
1781051314.2318022,606020,1781051314,226907089,base_link,"['wheel_left_joint', 'wheel_right_joint', 'joint1', 'joint2', 'joint3', 'joint4', 'gripper']",0.010737867094576359,0.016873791813850403,-0.015339808538556099,-0.8574953079223633,0.24543693661689758,0.6427379846572876,0.0,0.0,0.0,0.0,0.0,0.0,0.0,0.0,0.0,0.0,0.0,-18.829999923706055,-314.7300109863281,-104.91000366210938,0.0
1781051314.2871704,606021,1781051314,260907089,base_link,"['wheel_left_joint', 'wheel_right_joint', 'joint1', 'joint2', 'joint3', 'joint4', 'gripper']",0.010737867094576359,0.016873791813850403,-0.015339808538556099,-0.8574953079223633,0.24543693661689758,0.6427379846572876,0.0,0.0,0.0,0.0,0.0,0.0,0.0,0.0,0.0,0.0,0.0,-21.520000457763672,-312.0400085449219,-104.91000366210938,0.0
1781051314.3016489,606022,1781051314,303907089,base_link,"['wheel_left_joint', 'wheel_right_joint', 'joint1', 'joint2', 'joint3', 'joint4', 'gripper']",0.010737867094576359,0.016873791813850403,-0.015339808538556099,-0.8574953079223633,0.24543693661689758,0.6427379846572876,0.0,0.0,0.0,0.0,0.0,0.0,0.0,0.0,0.0,0.0,0.0,-21.520000457763672,-314.7300109863281,-104.91000366210938,0.0
1781051314.3542898,606023,1781051314,337907089,base_link,"['wheel_left_joint', 'wheel_right_joint', 'joint1', 'joint2', 'joint3', 'joint4', 'gripper']",0.010737867094576359,0.016873791813850403,-0.015339808538556099,-0.8574953079223633,0.24543693661689758,0.6427379846572876,0.0,0.0,0.0,0.0,0.0,0.0,0.0,0.0,0.0,0.0,0.0,-21.520000457763672,-314.7300109863281,-107.60000610351562,0.0
1781051314.3813627,606024,1781051314,385907089,base_link,"['wheel_left_joint', 'wheel_right_joint', 'joint1', 'joint2', 'joint3', 'joint4', 'gripper']",0.010737867094576359,0.016873791813850403,-0.015339808538556099,-0.8574953079223633,0.24543693661689758,0.644271969795227,0.0,0.0,0.0,0.0,0.0,0.0,0.0,0.0,0.0,0.0,0.0,-18.829999923706055,-312.0400085449219,-104.91000366210938,0.0
1781051314.4274683,606025,1781051314,419907089,base_link,"['wheel_left_joint', 'wheel_right_joint', 'joint1', 'joint2', 'joint3', 'joint4', 'gripper']",0.010737867094576359,0.016873791813850403,-0.015339808538556099,-0.8574953079223633,0.24543693661689758,0.6427379846572876,0.0,0.0,0.0,0.0,0.0,0.0,0.0,0.0,0.0,0.0,0.0,-21.520000457763672,-312.0400085449219,-104.91000366210938,0.0
1781051314.4757564,606026,1781051314,453907089,base_link,"['wheel_left_joint', 'wheel_right_joint', 'joint1', 'joint2', 'joint3', 'joint4', 'gripper']",0.010737867094576359,0.016873791813850403,-0.015339808538556099,-0.8574953079223633,0.24543693661689758,0.644271969795227,0.0,0.0,0.0,0.0,0.0,0.0,0.0,0.0,0.0,0.0,0.0,-18.829999923706055,-312.0400085449219,-104.91000366210938,0.0
1781051314.4970467,606027,1781051314,495907089,base_link,"['wheel_left_joint', 'wheel_right_joint', 'joint1', 'joint2', 'joint3', 'joint4', 'gripper']",0.010737867094576359,0.016873791813850403,-0.015339808538556099,-0.8574953079223633,0.24543693661689758,0.644271969795227,0.0,0.0,0.0,0.0,0.0,0.0,0.0,0.0,0.0,0.0,0.0,-18.829999923706055,-314.7300109863281,-104.91000366210938,0.0
1781051314.5491545,606028,1781051314,529907089,base_link,"['wheel_left_joint', 'wheel_right_joint', 'joint1', 'joint2', 'joint3', 'joint4', 'gripper']",0.010737867094576359,0.016873791813850403,-0.015339808538556099,-0.8574953079223633,0.24543693661689758,0.6427379846572876,0.0,0.0,0.0,0.0,0.0,0.0,0.0,0.0,0.0,0.0,0.0,-18.829999923706055,-314.7300109863281,-104.91000366210938,0.0
1781051314.571106,606029,1781051314,576907089,base_link,"['wheel_left_joint', 'wheel_right_joint', 'joint1', 'joint2', 'joint3', 'joint4', 'gripper']",0.010737867094576359,0.016873791813850403,-0.015339808538556099,-0.8574953079223633,0.24543693661689758,0.6427379846572876,0.0,0.0,0.0,0.0,0.0,0.0,0.0,0.0,0.0,0.0,0.0,-21.520000457763672,-314.7300109863281,-104.91000366210938,0.0
1781051314.6234035,606030,1781051314,610907089,base_link,"['wheel_left_joint', 'wheel_right_joint', 'joint1', 'joint2', 'joint3', 'joint4', 'gripper']",0.010737867094576359,0.016873791813850403,-0.015339808538556099,-0.8574953079223633,0.24543693661689758,0.6427379846572876,0.0,0.0,0.0,0.0,0.0,0.0,0.0,0.0,0.0,0.0,0.0,-21.520000457763672,-314.7300109863281,-104.91000366210938,0.0
1781051314.6527786,606031,1781051314,653907089,base_link,"['wheel_left_joint', 'wheel_right_joint', 'joint1', 'joint2', 'joint3', 'joint4', 'gripper']",0.010737867094576359,0.016873791813850403,-0.015339808538556099,-0.8574953079223633,0.24543693661689758,0.6427379846572876,0.0,0.0,0.0,0.0,0.0,0.0,0.0,0.0,0.0,0.0,0.0,-21.520000457763672,-312.0400085449219,-104.91000366210938,0.0
1781051314.7028298,606032,1781051314,687907089,base_link,"['wheel_left_joint', 'wheel_right_joint', 'joint1', 'joint2', 'joint3', 'joint4', 'gripper']",0.010737867094576359,0.016873791813850403,-0.015339808538556099,-0.8574953079223633,0.24543693661689758,0.6427379846572876,0.0,0.0,0.0,0.0,0.0,0.0,0.0,0.0,0.0,0.0,0.0,-21.520000457763672,-312.0400085449219,-104.91000366210938,0.0
1781051314.7233877,606033,1781051314,727907089,base_link,"['wheel_left_joint', 'wheel_right_joint', 'joint1', 'joint2', 'joint3', 'joint4', 'gripper']",0.010737867094576359,0.016873791813850403,-0.015339808538556099,-0.8574953079223633,0.24543693661689758,0.6427379846572876,0.0,0.0,0.0,0.0,0.0,0.0,0.0,0.0,0.0,0.0,0.0,-18.829999923706055,-314.7300109863281,-107.60000610351562,0.0
1781051314.7759552,606034,1781051314,761907089,base_link,"['wheel_left_joint', 'wheel_right_joint', 'joint1', 'joint2', 'joint3', 'joint4', 'gripper']",0.010737867094576359,0.016873791813850403,-0.015339808538556099,-0.8574953079223633,0.24543693661689758,0.6427379846572876,0.0,0.0,0.0,0.0,0.0,0.0,0.0,0.0,0.0,0.0,0.0,-21.520000457763672,-312.0400085449219,-104.91000366210938,0.0
1781051314.8019323,606035,1781051314,803907089,base_link,"['wheel_left_joint', 'wheel_right_joint', 'joint1', 'joint2', 'joint3', 'joint4', 'gripper']",0.010737867094576359,0.016873791813850403,-0.015339808538556099,-0.8574953079223633,0.24543693661689758,0.6427379846572876,0.0,0.0,0.0,0.0,0.0,0.0,0.0,0.0,0.0,0.0,0.0,-18.829999923706055,-312.0400085449219,-104.91000366210938,0.0
1781051314.855332,606036,1781051314,837907089,base_link,"['wheel_left_joint', 'wheel_right_joint', 'joint1', 'joint2', 'joint3', 'joint4', 'gripper']",0.010737867094576359,0.016873791813850403,-0.015339808538556099,-0.8574953079223633,0.24543693661689758,0.6427379846572876,0.0,0.0,0.0,0.0,0.0,0.0,0.0,0.0,0.0,0.0,0.0,-18.829999923706055,-314.7300109863281,-104.91000366210938,0.0
1781051314.876929,606037,1781051314,879907089,base_link,"['wheel_left_joint', 'wheel_right_joint', 'joint1', 'joint2', 'joint3', 'joint4', 'gripper']",0.010737867094576359,0.016873791813850403,-0.015339808538556099,-0.8574953079223633,0.24543693661689758,0.6427379846572876,0.0,0.0,0.0,0.0,0.0,0.0,0.0,0.0,0.0,0.0,0.0,-18.829999923706055,-312.0400085449219,-104.91000366210938,0.0
1781051314.9291215,606038,1781051314,913907089,base_link,"['wheel_left_joint', 'wheel_right_joint', 'joint1', 'joint2', 'joint3', 'joint4', 'gripper']",0.010737867094576359,0.016873791813850403,-0.015339808538556099,-0.8574953079223633,0.24543693661689758,0.6427379846572876,0.0,0.0,0.0,0.0,0.0,0.0,0.0,0.0,0.0,0.0,0.0,-24.21000099182129,-312.0400085449219,-104.91000366210938,0.0
1781051314.9554183,606039,1781051314,955907089,base_link,"['wheel_left_joint', 'wheel_right_joint', 'joint1', 'joint2', 'joint3', 'joint4', 'gripper']",0.010737867094576359,0.016873791813850403,-0.015339808538556099,-0.8574953079223633,0.24543693661689758,0.6427379846572876,0.0,0.0,0.0,0.0,0.0,0.0,0.0,0.0,0.0,0.0,0.0,-21.520000457763672,-312.0400085449219,-104.91000366210938,0.0
1781051315.0121427,606040,1781051314,989907089,base_link,"['wheel_left_joint', 'wheel_right_joint', 'joint1', 'joint2', 'joint3', 'joint4', 'gripper']",0.010737867094576359,0.016873791813850403,-0.015339808538556099,-0.8574953079223633,0.24543693661689758,0.6427379846572876,0.0,0.0,0.0,0.0,0.0,0.0,0.0,0.0,0.0,0.0,0.0,-21.520000457763672,-314.7300109863281,-104.91000366210938,0.0
1781051315.0324247,606041,1781051315,34907089,base_link,"['wheel_left_joint', 'wheel_right_joint', 'joint1', 'joint2', 'joint3', 'joint4', 'gripper']",0.010737867094576359,0.016873791813850403,-0.015339808538556099,-0.8574953079223633,0.24543693661689758,0.6427379846572876,0.0,0.0,0.0,0.0,0.0,0.0,0.0,0.0,0.0,0.0,0.0,-21.520000457763672,-314.7300109863281,-107.60000610351562,0.0
1781051315.0851884,606042,1781051315,68907089,base_link,"['wheel_left_joint', 'wheel_right_joint', 'joint1', 'joint2', 'joint3', 'joint4', 'gripper']",0.010737867094576359,0.016873791813850403,-0.015339808538556099,-0.8574953079223633,0.24543693661689758,0.6427379846572876,0.0,0.0,0.0,0.0,0.0,0.0,0.0,0.0,0.0,0.0,0.0,-21.520000457763672,-312.0400085449219,-104.91000366210938,0.0
1781051315.1151958,606043,1781051315,114907089,base_link,"['wheel_left_joint', 'wheel_right_joint', 'joint1', 'joint2', 'joint3', 'joint4', 'gripper']",0.010737867094576359,0.016873791813850403,-0.015339808538556099,-0.8574953079223633,0.24543693661689758,0.6427379846572876,0.0,0.0,0.0,0.0,0.0,0.0,0.0,0.0,0.0,0.0,0.0,-21.520000457763672,-314.7300109863281,-104.91000366210938,0.0
1781051315.1652503,606044,1781051315,148907089,base_link,"['wheel_left_joint', 'wheel_right_joint', 'joint1', 'joint2', 'joint3', 'joint4', 'gripper']",0.010737867094576359,0.016873791813850403,-0.015339808538556099,-0.8574953079223633,0.24543693661689758,0.6427379846572876,0.0,0.0,0.0,0.0,0.0,0.0,0.0,0.0,0.0,0.0,0.0,-21.520000457763672,-312.0400085449219,-104.91000366210938,0.0
1781051315.186544,606045,1781051315,189907089,base_link,"['wheel_left_joint', 'wheel_right_joint', 'joint1', 'joint2', 'joint3', 'joint4', 'gripper']",0.010737867094576359,0.016873791813850403,-0.015339808538556099,-0.8574953079223633,0.24543693661689758,0.6427379846572876,0.0,0.0,0.0,0.0,0.0,0.0,0.0,0.0,0.0,0.0,0.0,-21.520000457763672,-314.7300109863281,-107.60000610351562,0.0
1781051315.238322,606046,1781051315,223907089,base_link,"['wheel_left_joint', 'wheel_right_joint', 'joint1', 'joint2', 'joint3', 'joint4', 'gripper']",0.010737867094576359,0.016873791813850403,-0.015339808538556099,-0.8574953079223633,0.24543693661689758,0.6427379846572876,0.0,0.0,0.0,0.0,0.0,0.0,0.0,0.0,0.0,0.0,0.0,-18.829999923706055,-312.0400085449219,-104.91000366210938,0.0
1781051315.2677276,606047,1781051315,268907089,base_link,"['wheel_left_joint', 'wheel_right_joint', 'joint1', 'joint2', 'joint3', 'joint4', 'gripper']",0.010737867094576359,0.016873791813850403,-0.015339808538556099,-0.8574953079223633,0.24543693661689758,0.6427379846572876,0.0,0.0,0.0,0.0,0.0,0.0,0.0,0.0,0.0,0.0,0.0,-21.520000457763672,-314.7300109863281,-104.91000366210938,0.0
1781051315.3183808,606048,1781051315,302907089,base_link,"['wheel_left_joint', 'wheel_right_joint', 'joint1', 'joint2', 'joint3', 'joint4', 'gripper']",0.010737867094576359,0.016873791813850403,-0.015339808538556099,-0.8574953079223633,0.24543693661689758,0.6427379846572876,0.0,0.0,0.0,0.0,0.0,0.0,0.0,0.0,0.0,0.0,0.0,-21.520000457763672,-312.0400085449219,-104.91000366210938,0.0
1781051315.3544805,606049,1781051315,355907089,base_link,"['wheel_left_joint', 'wheel_right_joint', 'joint1', 'joint2', 'joint3', 'joint4', 'gripper']",0.010737867094576359,0.016873791813850403,-0.015339808538556099,-0.8574953079223633,0.24543693661689758,0.6427379846572876,0.0,0.0,0.0,0.0,0.0,0.0,0.0,0.0,0.0,0.0,0.0,-21.520000457763672,-314.7300109863281,-104.91000366210938,0.0
1781051315.4087362,606050,1781051315,389907089,base_link,"['wheel_left_joint', 'wheel_right_joint', 'joint1', 'joint2', 'joint3', 'joint4', 'gripper']",0.012271847575902939,0.016873791813850403,-0.015339808538556099,-0.8574953079223633,0.24543693661689758,0.6427379846572876,0.0,0.04511708766222,0.0,0.0,0.0,0.0,0.0,0.0,0.0,0.0,0.0,-21.520000457763672,-312.0400085449219,-107.60000610351562,0.0
1781051315.429243,606051,1781051315,434907089,base_link,"['wheel_left_joint', 'wheel_right_joint', 'joint1', 'joint2', 'joint3', 'joint4', 'gripper']",0.010737867094576359,0.016873791813850403,-0.015339808538556099,-0.8574953079223633,0.24543693661689758,0.6427379846572876,0.0,-0.03408846631646156,0.0,0.0,0.0,0.0,0.0,0.0,0.0,0.0,0.0,-21.520000457763672,-312.0400085449219,-102.22000122070312,0.0
1781051315.4815166,606052,1781051315,468907089,base_link,"['wheel_left_joint', 'wheel_right_joint', 'joint1', 'joint2', 'joint3', 'joint4', 'gripper']",0.010737867094576359,0.016873791813850403,-0.015339808538556099,-0.8574953079223633,0.24543693661689758,0.6427379846572876,0.0,0.0,0.0,0.0,0.0,0.0,0.0,0.0,0.0,0.0,0.0,-18.829999923706055,-312.0400085449219,-104.91000366210938,0.0
1781051315.5077274,606053,1781051315,511907089,base_link,"['wheel_left_joint', 'wheel_right_joint', 'joint1', 'joint2', 'joint3', 'joint4', 'gripper']",0.010737867094576359,0.016873791813850403,-0.015339808538556099,-0.8574953079223633,0.24543693661689758,0.6427379846572876,0.0,0.0,0.0,0.0,0.0,0.0,0.0,0.0,0.0,0.0,0.0,-21.520000457763672,-314.7300109863281,-104.91000366210938,0.0
1781051315.5607457,606054,1781051315,545907089,base_link,"['wheel_left_joint', 'wheel_right_joint', 'joint1', 'joint2', 'joint3', 'joint4', 'gripper']",0.010737867094576359,0.016873791813850403,-0.015339808538556099,-0.8574953079223633,0.24543693661689758,0.6427379846572876,0.0,0.0,0.0,0.0,0.0,0.0,0.0,0.0,0.0,0.0,0.0,-21.520000457763672,-312.0400085449219,-110.29000091552734,0.0
1781051315.5988667,606055,1781051315,604907089,base_link,"['wheel_left_joint', 'wheel_right_joint', 'joint1', 'joint2', 'joint3', 'joint4', 'gripper']",0.010737867094576359,0.016873791813850403,-0.015339808538556099,-0.8574953079223633,0.24543693661689758,0.6427379846572876,0.0,0.0,0.0,0.0,0.0,0.0,0.0,0.0,0.0,0.0,0.0,-21.520000457763672,-314.7300109863281,-104.91000366210938,0.0
1781051315.6509836,606056,1781051315,638907089,base_link,"['wheel_left_joint', 'wheel_right_joint', 'joint1', 'joint2', 'joint3', 'joint4', 'gripper']",0.010737867094576359,0.016873791813850403,-0.015339808538556099,-0.8574953079223633,0.24543693661689758,0.644271969795227,0.0,0.0,0.0,0.0,0.0,0.0,0.0,0.0,0.0,0.0,0.0,-18.829999923706055,-312.0400085449219,-104.91000366210938,0.0
1781051315.6977062,606057,1781051315,702907089,base_link,"['wheel_left_joint', 'wheel_right_joint', 'joint1', 'joint2', 'joint3', 'joint4', 'gripper']",0.010737867094576359,0.016873791813850403,-0.015339808538556099,-0.8574953079223633,0.24543693661689758,0.6427379846572876,0.0,0.0,0.0,0.0,0.0,0.0,0.0,0.0,0.0,0.0,0.0,-24.21000099182129,-314.7300109863281,-104.91000366210938,0.0
1781051315.7520247,606058,1781051315,736907089,base_link,"['wheel_left_joint', 'wheel_right_joint', 'joint1', 'joint2', 'joint3', 'joint4', 'gripper']",0.010737867094576359,0.016873791813850403,-0.015339808538556099,-0.8574953079223633,0.24543693661689758,0.6427379846572876,0.0,0.0,0.0,0.0,0.0,0.0,0.0,0.0,0.0,0.0,0.0,-21.520000457763672,-314.7300109863281,-104.91000366210938,0.0
1781051315.7784784,606059,1781051315,782907089,base_link,"['wheel_left_joint', 'wheel_right_joint', 'joint1', 'joint2', 'joint3', 'joint4', 'gripper']",0.010737867094576359,0.016873791813850403,-0.015339808538556099,-0.8574953079223633,0.24543693661689758,0.6427379846572876,0.0,0.0,0.0,0.0,0.0,0.0,0.0,0.0,0.0,0.0,0.0,-21.520000457763672,-314.7300109863281,-104.91000366210938,0.0
1781051315.8310993,606060,1781051315,816907089,base_link,"['wheel_left_joint', 'wheel_right_joint', 'joint1', 'joint2', 'joint3', 'joint4', 'gripper']",0.010737867094576359,0.016873791813850403,-0.015339808538556099,-0.8574953079223633,0.24543693661689758,0.6427379846572876,0.0,0.0,0.0,0.0,0.0,0.0,0.0,0.0,0.0,0.0,0.0,-21.520000457763672,-312.0400085449219,-104.91000366210938,0.0
1781051315.868596,606061,1781051315,875907089,base_link,"['wheel_left_joint', 'wheel_right_joint', 'joint1', 'joint2', 'joint3', 'joint4', 'gripper']",0.010737867094576359,0.016873791813850403,-0.015339808538556099,-0.8574953079223633,0.24543693661689758,0.6427379846572876,0.0,0.0,0.0,0.0,0.0,0.0,0.0,0.0,0.0,0.0,0.0,-16.139999389648438,-314.7300109863281,-104.91000366210938,0.0
1781051315.9206781,606062,1781051315,909907089,base_link,"['wheel_left_joint', 'wheel_right_joint', 'joint1', 'joint2', 'joint3', 'joint4', 'gripper']",0.010737867094576359,0.016873791813850403,-0.015339808538556099,-0.8574953079223633,0.24543693661689758,0.6427379846572876,0.0,0.0,0.0,0.0,0.0,0.0,0.0,0.0,0.0,0.0,0.0,-21.520000457763672,-312.0400085449219,-107.60000610351562,0.0
1781051315.968162,606063,1781051315,972907089,base_link,"['wheel_left_joint', 'wheel_right_joint', 'joint1', 'joint2', 'joint3', 'joint4', 'gripper']",0.010737867094576359,0.016873791813850403,-0.015339808538556099,-0.8574953079223633,0.24543693661689758,0.6427379846572876,0.0,0.0,0.0,0.0,0.0,0.0,0.0,0.0,0.0,0.0,0.0,-21.520000457763672,-312.0400085449219,-104.91000366210938,0.0
1781051316.0252368,606064,1781051316,6907089,base_link,"['wheel_left_joint', 'wheel_right_joint', 'joint1', 'joint2', 'joint3', 'joint4', 'gripper']",0.010737867094576359,0.016873791813850403,-0.015339808538556099,-0.8574953079223633,0.24543693661689758,0.6427379846572876,0.0,0.0,0.0,0.0,0.0,0.0,0.0,0.0,0.0,0.0,0.0,-21.520000457763672,-317.4200134277344,-102.22000122070312,0.0
1781051316.0619977,606065,1781051316,68907089,base_link,"['wheel_left_joint', 'wheel_right_joint', 'joint1', 'joint2', 'joint3', 'joint4', 'gripper']",0.010737867094576359,0.016873791813850403,-0.015339808538556099,-0.8574953079223633,0.24543693661689758,0.6427379846572876,0.0,0.0,0.0,0.0,0.0,0.0,0.0,0.0,0.0,0.0,0.0,-18.829999923706055,-312.0400085449219,-104.91000366210938,0.0
1781051316.114925,606066,1781051316,102907089,base_link,"['wheel_left_joint', 'wheel_right_joint', 'joint1', 'joint2', 'joint3', 'joint4', 'gripper']",0.010737867094576359,0.016873791813850403,-0.015339808538556099,-0.8574953079223633,0.24543693661689758,0.6427379846572876,0.0,0.0,0.0,0.0,0.0,0.0,0.0,0.0,0.0,0.0,0.0,-21.520000457763672,-314.7300109863281,-102.22000122070312,0.0
1781051316.1578507,606067,1781051316,164907089,base_link,"['wheel_left_joint', 'wheel_right_joint', 'joint1', 'joint2', 'joint3', 'joint4', 'gripper']",0.010737867094576359,0.016873791813850403,-0.015339808538556099,-0.8574953079223633,0.24543693661689758,0.644271969795227,0.0,0.0,0.0,0.0,0.0,0.0,0.0,0.0,0.0,0.0,0.0,-18.829999923706055,-314.7300109863281,-104.91000366210938,0.0
1781051316.2098281,606068,1781051316,198907089,base_link,"['wheel_left_joint', 'wheel_right_joint', 'joint1', 'joint2', 'joint3', 'joint4', 'gripper']",0.010737867094576359,0.016873791813850403,-0.015339808538556099,-0.8574953079223633,0.24543693661689758,0.6427379846572876,0.0,0.0,0.0,0.0,0.0,0.0,0.0,0.0,0.0,0.0,0.0,-21.520000457763672,-312.0400085449219,-104.91000366210938,0.0
1781051316.2565958,606069,1781051316,261907089,base_link,"['wheel_left_joint', 'wheel_right_joint', 'joint1', 'joint2', 'joint3', 'joint4', 'gripper']",0.010737867094576359,0.016873791813850403,-0.015339808538556099,-0.8574953079223633,0.24543693661689758,0.6427379846572876,0.0,0.0,0.0,0.0,0.0,0.0,0.0,0.0,0.0,0.0,0.0,-21.520000457763672,-314.7300109863281,-107.60000610351562,0.0
1781051316.3088717,606070,1781051316,295907089,base_link,"['wheel_left_joint', 'wheel_right_joint', 'joint1', 'joint2', 'joint3', 'joint4', 'gripper']",0.010737867094576359,0.016873791813850403,-0.015339808538556099,-0.8574953079223633,0.24543693661689758,0.6427379846572876,0.0,0.0,0.0,0.0,0.0,0.0,0.0,0.0,0.0,0.0,0.0,-21.520000457763672,-312.0400085449219,-104.91000366210938,0.0
1781051316.3459566,606071,1781051316,347907089,base_link,"['wheel_left_joint', 'wheel_right_joint', 'joint1', 'joint2', 'joint3', 'joint4', 'gripper']",0.010737867094576359,0.016873791813850403,-0.015339808538556099,-0.8574953079223633,0.24543693661689758,0.6427379846572876,0.0,0.0,0.0,0.0,0.0,0.0,0.0,0.0,0.0,0.0,0.0,-21.520000457763672,-312.0400085449219,-104.91000366210938,0.0
1781051316.3986979,606072,1781051316,381907089,base_link,"['wheel_left_joint', 'wheel_right_joint', 'joint1', 'joint2', 'joint3', 'joint4', 'gripper']",0.010737867094576359,0.016873791813850403,-0.015339808538556099,-0.8574953079223633,0.24543693661689758,0.6427379846572876,0.0,0.0,0.0,0.0,0.0,0.0,0.0,0.0,0.0,0.0,0.0,-21.520000457763672,-312.0400085449219,-104.91000366210938,0.0
1781051316.419856,606073,1781051316,425907089,base_link,"['wheel_left_joint', 'wheel_right_joint', 'joint1', 'joint2', 'joint3', 'joint4', 'gripper']",0.010737867094576359,0.016873791813850403,-0.015339808538556099,-0.8574953079223633,0.24543693661689758,0.6427379846572876,0.0,0.0,0.0,0.0,0.0,0.0,0.0,0.0,0.0,0.0,0.0,-21.520000457763672,-312.0400085449219,-104.91000366210938,0.0
1781051316.4710217,606074,1781051316,459907089,base_link,"['wheel_left_joint', 'wheel_right_joint', 'joint1', 'joint2', 'joint3', 'joint4', 'gripper']",0.010737867094576359,0.016873791813850403,-0.015339808538556099,-0.8574953079223633,0.24543693661689758,0.6427379846572876,0.0,0.0,0.0,0.0,0.0,0.0,0.0,0.0,0.0,0.0,0.0,-18.829999923706055,-312.0400085449219,-107.60000610351562,0.0
1781051316.4997952,606075,1781051316,501907089,base_link,"['wheel_left_joint', 'wheel_right_joint', 'joint1', 'joint2', 'joint3', 'joint4', 'gripper']",0.010737867094576359,0.016873791813850403,-0.015339808538556099,-0.8574953079223633,0.24543693661689758,0.6427379846572876,0.0,0.0,0.0,0.0,0.0,0.0,0.0,0.0,0.0,0.0,0.0,-18.829999923706055,-314.7300109863281,-104.91000366210938,0.0
1781051316.5506203,606076,1781051316,535907089,base_link,"['wheel_left_joint', 'wheel_right_joint', 'joint1', 'joint2', 'joint3', 'joint4', 'gripper']",0.010737867094576359,0.016873791813850403,-0.015339808538556099,-0.8574953079223633,0.24543693661689758,0.6427379846572876,0.0,0.0,0.0,0.0,0.0,0.0,0.0,0.0,0.0,0.0,0.0,-21.520000457763672,-312.0400085449219,-104.91000366210938,0.0
1781051316.5732238,606077,1781051316,574907089,base_link,"['wheel_left_joint', 'wheel_right_joint', 'joint1', 'joint2', 'joint3', 'joint4', 'gripper']",0.010737867094576359,0.016873791813850403,-0.015339808538556099,-0.8574953079223633,0.24543693661689758,0.6427379846572876,0.0,0.0,0.0,0.0,0.0,0.0,0.0,0.0,0.0,0.0,0.0,-21.520000457763672,-312.0400085449219,-104.91000366210938,0.0
1781051316.6196783,606078,1781051316,608907089,base_link,"['wheel_left_joint', 'wheel_right_joint', 'joint1', 'joint2', 'joint3', 'joint4', 'gripper']",0.010737867094576359,0.016873791813850403,-0.015339808538556099,-0.8574953079223633,0.24543693661689758,0.644271969795227,0.0,0.0,0.0,0.0,0.0,0.0,0.0,0.0,0.0,0.0,0.0,-21.520000457763672,-312.0400085449219,-104.91000366210938,0.0
1781051316.6605763,606079,1781051316,657907089,base_link,"['wheel_left_joint', 'wheel_right_joint', 'joint1', 'joint2', 'joint3', 'joint4', 'gripper']",0.010737867094576359,0.016873791813850403,-0.015339808538556099,-0.8574953079223633,0.24543693661689758,0.6427379846572876,0.0,0.0,0.0,0.0,0.0,0.0,0.0,0.0,0.0,0.0,0.0,-18.829999923706055,-314.7300109863281,-104.91000366210938,0.0
1781051316.7118282,606080,1781051316,701965347,base_link,"['wheel_left_joint', 'wheel_right_joint', 'joint1', 'joint2', 'joint3', 'joint4', 'gripper']",0.010737867094576359,0.016873791813850403,-0.015339808538556099,-0.8574953079223633,0.24543693661689758,0.6427379846572876,0.0,0.0,0.0,0.0,0.0,0.0,0.0,0.0,0.0,0.0,0.0,-21.520000457763672,-312.0400085449219,-102.22000122070312,0.0
1781051316.7329237,606081,1781051316,747965347,base_link,"['wheel_left_joint', 'wheel_right_joint', 'joint1', 'joint2', 'joint3', 'joint4', 'gripper']",0.010737867094576359,0.016873791813850403,-0.015339808538556099,-0.8574953079223633,0.24543693661689758,0.6427379846572876,0.0,0.0,0.0,0.0,0.0,0.0,0.0,0.0,0.0,0.0,0.0,-21.520000457763672,-312.0400085449219,-104.91000366210938,0.0
1781051316.7856479,606082,1781051316,781965347,base_link,"['wheel_left_joint', 'wheel_right_joint', 'joint1', 'joint2', 'joint3', 'joint4', 'gripper']",0.010737867094576359,0.016873791813850403,-0.015339808538556099,-0.8574953079223633,0.24543693661689758,0.6427379846572876,0.0,0.0,0.0,0.0,0.0,0.0,0.0,0.0,0.0,0.0,0.0,-18.829999923706055,-314.7300109863281,-104.91000366210938,0.0
1781051316.8135526,606083,1781051316,823965347,base_link,"['wheel_left_joint', 'wheel_right_joint', 'joint1', 'joint2', 'joint3', 'joint4', 'gripper']",0.010737867094576359,0.016873791813850403,-0.015339808538556099,-0.8574953079223633,0.24543693661689758,0.644271969795227,0.0,0.0,0.0,0.0,0.0,0.0,0.0,0.0,0.0,0.0,0.0,-18.829999923706055,-312.0400085449219,-104.91000366210938,0.0
1781051316.864242,606084,1781051316,857965347,base_link,"['wheel_left_joint', 'wheel_right_joint', 'joint1', 'joint2', 'joint3', 'joint4', 'gripper']",0.010737867094576359,0.016873791813850403,-0.015339808538556099,-0.8574953079223633,0.24543693661689758,0.644271969795227,0.0,0.0,0.0,0.0,0.0,0.0,0.0,0.0,0.0,0.0,0.0,-21.520000457763672,-314.7300109863281,-104.91000366210938,0.0
1781051316.885891,606085,1781051316,899965347,base_link,"['wheel_left_joint', 'wheel_right_joint', 'joint1', 'joint2', 'joint3', 'joint4', 'gripper']",0.010737867094576359,0.016873791813850403,-0.015339808538556099,-0.8574953079223633,0.24543693661689758,0.6427379846572876,0.0,0.0,0.0,0.0,0.0,0.0,0.0,0.0,0.0,0.0,0.0,-21.520000457763672,-312.0400085449219,-104.91000366210938,0.0
1781051316.9347358,606086,1781051316,933965347,base_link,"['wheel_left_joint', 'wheel_right_joint', 'joint1', 'joint2', 'joint3', 'joint4', 'gripper']",0.010737867094576359,0.016873791813850403,-0.015339808538556099,-0.8574953079223633,0.24543693661689758,0.6427379846572876,0.0,0.0,0.0,0.0,0.0,0.0,0.0,0.0,0.0,0.0,0.0,-21.520000457763672,-314.7300109863281,-104.91000366210938,0.0
1781051316.9711719,606087,1781051316,979965347,base_link,"['wheel_left_joint', 'wheel_right_joint', 'joint1', 'joint2', 'joint3', 'joint4', 'gripper']",0.010737867094576359,0.016873791813850403,-0.015339808538556099,-0.8574953079223633,0.24543693661689758,0.6427379846572876,0.0,0.0,0.0,0.0,0.0,0.0,0.0,0.0,0.0,0.0,0.0,-21.520000457763672,-314.7300109863281,-104.91000366210938,0.0
1781051317.0271573,606088,1781051317,13965347,base_link,"['wheel_left_joint', 'wheel_right_joint', 'joint1', 'joint2', 'joint3', 'joint4', 'gripper']",0.010737867094576359,0.016873791813850403,-0.015339808538556099,-0.8574953079223633,0.24543693661689758,0.6427379846572876,0.0,0.0,0.0,0.0,0.0,0.0,0.0,0.0,0.0,0.0,0.0,-21.520000457763672,-314.7300109863281,-104.91000366210938,0.0
1781051317.0490677,606089,1781051317,58965347,base_link,"['wheel_left_joint', 'wheel_right_joint', 'joint1', 'joint2', 'joint3', 'joint4', 'gripper']",0.010737867094576359,0.016873791813850403,-0.015339808538556099,-0.8574953079223633,0.24543693661689758,0.6427379846572876,0.0,0.0,0.0,0.0,0.0,0.0,0.0,0.0,0.0,0.0,0.0,-21.520000457763672,-312.0400085449219,-104.91000366210938,0.0
1781051317.0957596,606090,1781051317,92965347,base_link,"['wheel_left_joint', 'wheel_right_joint', 'joint1', 'joint2', 'joint3', 'joint4', 'gripper']",0.010737867094576359,0.016873791813850403,-0.015339808538556099,-0.8574953079223633,0.24543693661689758,0.6427379846572876,0.0,0.0,0.0,0.0,0.0,0.0,0.0,0.0,0.0,0.0,0.0,-21.520000457763672,-314.7300109863281,-104.91000366210938,0.0
1781051317.1237445,606091,1781051317,137965347,base_link,"['wheel_left_joint', 'wheel_right_joint', 'joint1', 'joint2', 'joint3', 'joint4', 'gripper']",0.010737867094576359,0.016873791813850403,-0.015339808538556099,-0.8574953079223633,0.24543693661689758,0.6427379846572876,0.0,0.0,0.0,0.0,0.0,0.0,0.0,0.0,0.0,0.0,0.0,-18.829999923706055,-312.0400085449219,-104.91000366210938,0.0
1781051317.1701758,606092,1781051317,171965347,base_link,"['wheel_left_joint', 'wheel_right_joint', 'joint1', 'joint2', 'joint3', 'joint4', 'gripper']",0.010737867094576359,0.016873791813850403,-0.015339808538556099,-0.8574953079223633,0.24543693661689758,0.6427379846572876,0.0,0.0,0.0,0.0,0.0,0.0,0.0,0.0,0.0,0.0,0.0,-21.520000457763672,-314.7300109863281,-102.22000122070312,0.0
1781051317.2238936,606093,1781051317,237965347,base_link,"['wheel_left_joint', 'wheel_right_joint', 'joint1', 'joint2', 'joint3', 'joint4', 'gripper']",0.010737867094576359,0.016873791813850403,-0.015339808538556099,-0.8574953079223633,0.24543693661689758,0.644271969795227,0.0,0.0,0.0,0.0,0.0,0.0,0.0,0.0,0.0,0.0,0.0,-18.829999923706055,-312.0400085449219,-104.91000366210938,0.0
1781051317.2758698,606094,1781051317,271965347,base_link,"['wheel_left_joint', 'wheel_right_joint', 'joint1', 'joint2', 'joint3', 'joint4', 'gripper']",0.010737867094576359,0.016873791813850403,-0.015339808538556099,-0.8574953079223633,0.24543693661689758,0.6427379846572876,0.0,0.0,0.0,0.0,0.0,0.0,0.0,0.0,0.0,0.0,0.0,-18.829999923706055,-314.7300109863281,-104.91000366210938,0.0
1781051317.3131468,606095,1781051317,329965347,base_link,"['wheel_left_joint', 'wheel_right_joint', 'joint1', 'joint2', 'joint3', 'joint4', 'gripper']",0.010737867094576359,0.016873791813850403,-0.015339808538556099,-0.8574953079223633,0.24543693661689758,0.6427379846572876,0.0,0.0,0.0,0.0,0.0,0.0,0.0,0.0,0.0,0.0,0.0,-21.520000457763672,-314.7300109863281,-107.60000610351562,0.0
1781051317.3648314,606096,1781051317,363965347,base_link,"['wheel_left_joint', 'wheel_right_joint', 'joint1', 'joint2', 'joint3', 'joint4', 'gripper']",0.010737867094576359,0.016873791813850403,-0.015339808538556099,-0.8574953079223633,0.24543693661689758,0.644271969795227,0.0,0.0,0.0,0.0,0.0,0.0,0.0,0.0,0.0,0.0,0.0,-21.520000457763672,-312.0400085449219,-104.91000366210938,0.0
1781051317.4136596,606097,1781051317,425965347,base_link,"['wheel_left_joint', 'wheel_right_joint', 'joint1', 'joint2', 'joint3', 'joint4', 'gripper']",0.010737867094576359,0.016873791813850403,-0.015339808538556099,-0.8574953079223633,0.24543693661689758,0.6427379846572876,0.0,0.0,0.0,0.0,0.0,0.0,0.0,0.0,0.0,0.0,0.0,-18.829999923706055,-312.0400085449219,-104.91000366210938,0.0
1781051317.465816,606098,1781051317,459965347,base_link,"['wheel_left_joint', 'wheel_right_joint', 'joint1', 'joint2', 'joint3', 'joint4', 'gripper']",0.010737867094576359,0.016873791813850403,-0.015339808538556099,-0.8574953079223633,0.24543693661689758,0.6427379846572876,0.0,0.0,0.0,0.0,0.0,0.0,0.0,0.0,0.0,0.0,0.0,-18.829999923706055,-312.0400085449219,-104.91000366210938,0.0
1781051317.492707,606099,1781051317,507965347,base_link,"['wheel_left_joint', 'wheel_right_joint', 'joint1', 'joint2', 'joint3', 'joint4', 'gripper']",0.010737867094576359,0.016873791813850403,-0.015339808538556099,-0.8574953079223633,0.24543693661689758,0.6427379846572876,0.0,0.0,0.0,0.0,0.0,0.0,0.0,0.0,0.0,0.0,0.0,-18.829999923706055,-312.0400085449219,-104.91000366210938,0.0
1781051317.5456388,606100,1781051317,541965347,base_link,"['wheel_left_joint', 'wheel_right_joint', 'joint1', 'joint2', 'joint3', 'joint4', 'gripper']",0.010737867094576359,0.016873791813850403,-0.015339808538556099,-0.8574953079223633,0.24543693661689758,0.6427379846572876,0.0,0.0,0.0,0.0,0.0,0.0,0.0,0.0,0.0,0.0,0.0,-18.829999923706055,-314.7300109863281,-104.91000366210938,0.0
1781051317.5670788,606101,1781051317,580965347,base_link,"['wheel_left_joint', 'wheel_right_joint', 'joint1', 'joint2', 'joint3', 'joint4', 'gripper']",0.010737867094576359,0.016873791813850403,-0.015339808538556099,-0.8574953079223633,0.24543693661689758,0.644271969795227,0.0,0.0,0.0,0.0,0.0,0.0,0.0,0.0,0.0,0.0,0.0,-18.829999923706055,-314.7300109863281,-104.91000366210938,0.0
1781051317.620579,606102,1781051317,614965347,base_link,"['wheel_left_joint', 'wheel_right_joint', 'joint1', 'joint2', 'joint3', 'joint4', 'gripper']",0.010737867094576359,0.016873791813850403,-0.015339808538556099,-0.8574953079223633,0.24543693661689758,0.6427379846572876,0.0,0.0,0.0,0.0,0.0,0.0,0.0,0.0,0.0,0.0,0.0,-21.520000457763672,-317.4200134277344,-104.91000366210938,0.0
1781051317.6467426,606103,1781051317,659965347,base_link,"['wheel_left_joint', 'wheel_right_joint', 'joint1', 'joint2', 'joint3', 'joint4', 'gripper']",0.010737867094576359,0.016873791813850403,-0.015339808538556099,-0.8574953079223633,0.24543693661689758,0.6427379846572876,0.0,0.0,0.0,0.0,0.0,0.0,0.0,0.0,0.0,0.0,0.0,-21.520000457763672,-312.0400085449219,-104.91000366210938,0.0
1781051317.6992455,606104,1781051317,693965347,base_link,"['wheel_left_joint', 'wheel_right_joint', 'joint1', 'joint2', 'joint3', 'joint4', 'gripper']",0.010737867094576359,0.016873791813850403,-0.015339808538556099,-0.8574953079223633,0.24543693661689758,0.6427379846572876,0.0,0.0,0.0,0.0,0.0,0.0,0.0,0.0,0.0,0.0,0.0,-16.139999389648438,-312.0400085449219,-104.91000366210938,0.0
1781051317.7206874,606105,1781051317,733965347,base_link,"['wheel_left_joint', 'wheel_right_joint', 'joint1', 'joint2', 'joint3', 'joint4', 'gripper']",0.010737867094576359,0.016873791813850403,-0.015339808538556099,-0.8574953079223633,0.24543693661689758,0.6427379846572876,0.0,0.0,0.0,0.0,0.0,0.0,0.0,0.0,0.0,0.0,0.0,-18.829999923706055,-314.7300109863281,-104.91000366210938,0.0
1781051317.7733238,606106,1781051317,767965347,base_link,"['wheel_left_joint', 'wheel_right_joint', 'joint1', 'joint2', 'joint3', 'joint4', 'gripper']",0.010737867094576359,0.016873791813850403,-0.015339808538556099,-0.8574953079223633,0.24543693661689758,0.6427379846572876,0.0,0.0,0.0,0.0,0.0,0.0,0.0,0.0,0.0,0.0,0.0,-18.829999923706055,-314.7300109863281,-104.91000366210938,0.0
1781051317.7991185,606107,1781051317,809965347,base_link,"['wheel_left_joint', 'wheel_right_joint', 'joint1', 'joint2', 'joint3', 'joint4', 'gripper']",0.010737867094576359,0.016873791813850403,-0.015339808538556099,-0.8574953079223633,0.24543693661689758,0.6427379846572876,0.0,0.0,0.0,0.0,0.0,0.0,0.0,0.0,0.0,0.0,0.0,-21.520000457763672,-314.7300109863281,-104.91000366210938,0.0
1781051317.8512175,606108,1781051317,843965347,base_link,"['wheel_left_joint', 'wheel_right_joint', 'joint1', 'joint2', 'joint3', 'joint4', 'gripper']",0.010737867094576359,0.016873791813850403,-0.015339808538556099,-0.8574953079223633,0.24543693661689758,0.6427379846572876,0.0,0.0,0.0,0.0,0.0,0.0,0.0,0.0,0.0,0.0,0.0,-21.520000457763672,-314.7300109863281,-104.91000366210938,0.0
1781051317.8724003,606109,1781051317,887965347,base_link,"['wheel_left_joint', 'wheel_right_joint', 'joint1', 'joint2', 'joint3', 'joint4', 'gripper']",0.010737867094576359,0.016873791813850403,-0.015339808538556099,-0.8574953079223633,0.24543693661689758,0.6427379846572876,0.0,0.0,0.0,0.0,0.0,0.0,0.0,0.0,0.0,0.0,0.0,-21.520000457763672,-312.0400085449219,-104.91000366210938,0.0
1781051317.925671,606110,1781051317,921965347,base_link,"['wheel_left_joint', 'wheel_right_joint', 'joint1', 'joint2', 'joint3', 'joint4', 'gripper']",0.010737867094576359,0.016873791813850403,-0.015339808538556099,-0.8574953079223633,0.24543693661689758,0.6427379846572876,0.0,0.0,0.0,0.0,0.0,0.0,0.0,0.0,0.0,0.0,0.0,-18.829999923706055,-312.0400085449219,-104.91000366210938,0.0
1781051317.9516466,606111,1781051317,964965347,base_link,"['wheel_left_joint', 'wheel_right_joint', 'joint1', 'joint2', 'joint3', 'joint4', 'gripper']",0.010737867094576359,0.016873791813850403,-0.015339808538556099,-0.8574953079223633,0.24543693661689758,0.6427379846572876,0.0,0.0,0.0,0.0,0.0,0.0,0.0,0.0,0.0,0.0,0.0,-18.829999923706055,-314.7300109863281,-104.91000366210938,0.0
1781051318.0071185,606112,1781051317,998965347,base_link,"['wheel_left_joint', 'wheel_right_joint', 'joint1', 'joint2', 'joint3', 'joint4', 'gripper']",0.010737867094576359,0.016873791813850403,-0.015339808538556099,-0.8574953079223633,0.24543693661689758,0.6427379846572876,0.0,0.0,0.0,0.0,0.0,0.0,0.0,0.0,0.0,0.0,0.0,-18.829999923706055,-314.7300109863281,-102.22000122070312,0.0
1781051318.028627,606113,1781051318,38965347,base_link,"['wheel_left_joint', 'wheel_right_joint', 'joint1', 'joint2', 'joint3', 'joint4', 'gripper']",0.010737867094576359,0.016873791813850403,-0.015339808538556099,-0.8574953079223633,0.24543693661689758,0.6427379846572876,0.0,0.0,0.0,0.0,0.0,0.0,0.0,0.0,0.0,0.0,0.0,-21.520000457763672,-314.7300109863281,-104.91000366210938,0.0
1781051318.0800943,606114,1781051318,72965347,base_link,"['wheel_left_joint', 'wheel_right_joint', 'joint1', 'joint2', 'joint3', 'joint4', 'gripper']",0.010737867094576359,0.016873791813850403,-0.015339808538556099,-0.8574953079223633,0.24543693661689758,0.6427379846572876,0.0,0.0,0.0,0.0,0.0,0.0,0.0,0.0,0.0,0.0,0.0,-21.520000457763672,-314.7300109863281,-104.91000366210938,0.0
1781051318.1075404,606115,1781051318,117965347,base_link,"['wheel_left_joint', 'wheel_right_joint', 'joint1', 'joint2', 'joint3', 'joint4', 'gripper']",0.010737867094576359,0.016873791813850403,-0.015339808538556099,-0.8574953079223633,0.24543693661689758,0.6427379846572876,0.0,0.0,0.0,0.0,0.0,0.0,0.0,0.0,0.0,0.0,0.0,-18.829999923706055,-314.7300109863281,-102.22000122070312,0.0
1781051318.1603003,606116,1781051318,151965347,base_link,"['wheel_left_joint', 'wheel_right_joint', 'joint1', 'joint2', 'joint3', 'joint4', 'gripper']",0.010737867094576359,0.016873791813850403,-0.015339808538556099,-0.8574953079223633,0.24543693661689758,0.6427379846572876,0.0,0.0,0.0,0.0,0.0,0.0,0.0,0.0,0.0,0.0,0.0,-21.520000457763672,-314.7300109863281,-104.91000366210938,0.0
1781051318.1807036,606117,1781051318,191965347,base_link,"['wheel_left_joint', 'wheel_right_joint', 'joint1', 'joint2', 'joint3', 'joint4', 'gripper']",0.010737867094576359,0.016873791813850403,-0.015339808538556099,-0.8574953079223633,0.24543693661689758,0.6427379846572876,0.0,0.0,0.0,0.0,0.0,0.0,0.0,0.0,0.0,0.0,0.0,-18.829999923706055,-314.7300109863281,-104.91000366210938,0.0
1781051318.2346282,606118,1781051318,225965347,base_link,"['wheel_left_joint', 'wheel_right_joint', 'joint1', 'joint2', 'joint3', 'joint4', 'gripper']",0.010737867094576359,0.016873791813850403,-0.015339808538556099,-0.8574953079223633,0.24543693661689758,0.6427379846572876,0.0,0.0,0.0,0.0,0.0,0.0,0.0,0.0,0.0,0.0,0.0,-21.520000457763672,-312.0400085449219,-104.91000366210938,0.0
1781051318.2602277,606119,1781051318,271965347,base_link,"['wheel_left_joint', 'wheel_right_joint', 'joint1', 'joint2', 'joint3', 'joint4', 'gripper']",0.012271847575902939,0.016873791813850403,-0.015339808538556099,-0.8574953079223633,0.24543693661689758,0.6427379846572876,0.0,0.03334741294384003,0.0,0.0,0.0,0.0,0.0,0.0,0.0,0.0,0.0,-18.829999923706055,-312.0400085449219,-104.91000366210938,0.0
1781051318.3144264,606120,1781051318,305965347,base_link,"['wheel_left_joint', 'wheel_right_joint', 'joint1', 'joint2', 'joint3', 'joint4', 'gripper']",0.010737867094576359,0.016873791813850403,-0.015339808538556099,-0.8574953079223633,0.24543693661689758,0.6427379846572876,0.0,-0.04511708766222,0.0,0.0,0.0,0.0,0.0,0.0,0.0,0.0,0.0,-21.520000457763672,-312.0400085449219,-104.91000366210938,0.0
1781051318.3358305,606121,1781051318,345965347,base_link,"['wheel_left_joint', 'wheel_right_joint', 'joint1', 'joint2', 'joint3', 'joint4', 'gripper']",0.010737867094576359,0.016873791813850403,-0.015339808538556099,-0.8574953079223633,0.24543693661689758,0.6427379846572876,0.0,0.0,0.0,0.0,0.0,0.0,0.0,0.0,0.0,0.0,0.0,-21.520000457763672,-314.7300109863281,-104.91000366210938,0.0
1781051318.3875732,606122,1781051318,379965347,base_link,"['wheel_left_joint', 'wheel_right_joint', 'joint1', 'joint2', 'joint3', 'joint4', 'gripper']",0.010737867094576359,0.016873791813850403,-0.015339808538556099,-0.8574953079223633,0.24543693661689758,0.6427379846572876,0.0,0.0,0.0,0.0,0.0,0.0,0.0,0.0,0.0,0.0,0.0,-21.520000457763672,-317.4200134277344,-107.60000610351562,0.0
1781051318.414184,606123,1781051318,425965347,base_link,"['wheel_left_joint', 'wheel_right_joint', 'joint1', 'joint2', 'joint3', 'joint4', 'gripper']",0.010737867094576359,0.016873791813850403,-0.015339808538556099,-0.8574953079223633,0.24543693661689758,0.6427379846572876,0.0,0.0,0.0,0.0,0.0,0.0,0.0,0.0,0.0,0.0,0.0,-21.520000457763672,-314.7300109863281,-104.91000366210938,0.0
1781051318.4668667,606124,1781051318,459965347,base_link,"['wheel_left_joint', 'wheel_right_joint', 'joint1', 'joint2', 'joint3', 'joint4', 'gripper']",0.010737867094576359,0.016873791813850403,-0.015339808538556099,-0.8574953079223633,0.24543693661689758,0.6427379846572876,0.0,0.0,0.0,0.0,0.0,0.0,0.0,0.0,0.0,0.0,0.0,-21.520000457763672,-320.1100158691406,-104.91000366210938,0.0
1781051318.4829924,606125,1781051318,498965347,base_link,"['wheel_left_joint', 'wheel_right_joint', 'joint1', 'joint2', 'joint3', 'joint4', 'gripper']",0.010737867094576359,0.016873791813850403,-0.015339808538556099,-0.8574953079223633,0.24543693661689758,0.6427379846572876,0.0,0.0,0.0,0.0,0.0,0.0,0.0,0.0,0.0,0.0,0.0,-21.520000457763672,-314.7300109863281,-104.91000366210938,0.0
1781051318.5352771,606126,1781051318,532965347,base_link,"['wheel_left_joint', 'wheel_right_joint', 'joint1', 'joint2', 'joint3', 'joint4', 'gripper']",0.010737867094576359,0.016873791813850403,-0.015339808538556099,-0.8574953079223633,0.24543693661689758,0.644271969795227,0.0,0.0,0.0,0.0,0.0,0.0,0.0,0.0,0.0,0.0,0.0,-18.829999923706055,-314.7300109863281,-104.91000366210938,0.0
1781051318.57283,606127,1781051318,584965347,base_link,"['wheel_left_joint', 'wheel_right_joint', 'joint1', 'joint2', 'joint3', 'joint4', 'gripper']",0.010737867094576359,0.016873791813850403,-0.015339808538556099,-0.8574953079223633,0.24543693661689758,0.6427379846572876,0.0,0.0,0.0,0.0,0.0,0.0,0.0,0.0,0.0,0.0,0.0,-18.829999923706055,-317.4200134277344,-104.91000366210938,0.0
1781051318.6266668,606128,1781051318,618965347,base_link,"['wheel_left_joint', 'wheel_right_joint', 'joint1', 'joint2', 'joint3', 'joint4', 'gripper']",0.010737867094576359,0.016873791813850403,-0.015339808538556099,-0.8574953079223633,0.24543693661689758,0.6427379846572876,0.0,0.0,0.0,0.0,0.0,0.0,0.0,0.0,0.0,0.0,0.0,-21.520000457763672,-314.7300109863281,-102.22000122070312,0.0
1781051318.6534028,606129,1781051318,664965347,base_link,"['wheel_left_joint', 'wheel_right_joint', 'joint1', 'joint2', 'joint3', 'joint4', 'gripper']",0.010737867094576359,0.016873791813850403,-0.015339808538556099,-0.8574953079223633,0.24543693661689758,0.6427379846572876,0.0,0.0,0.0,0.0,0.0,0.0,0.0,0.0,0.0,0.0,0.0,-21.520000457763672,-312.0400085449219,-104.91000366210938,0.0
1781051318.7048376,606130,1781051318,698965347,base_link,"['wheel_left_joint', 'wheel_right_joint', 'joint1', 'joint2', 'joint3', 'joint4', 'gripper']",0.010737867094576359,0.016873791813850403,-0.015339808538556099,-0.8574953079223633,0.24543693661689758,0.6427379846572876,0.0,0.0,0.0,0.0,0.0,0.0,0.0,0.0,0.0,0.0,0.0,-18.829999923706055,-314.7300109863281,-104.91000366210938,0.0
1781051318.7287984,606131,1781051318,736965347,base_link,"['wheel_left_joint', 'wheel_right_joint', 'joint1', 'joint2', 'joint3', 'joint4', 'gripper']",0.010737867094576359,0.016873791813850403,-0.015339808538556099,-0.8574953079223633,0.24543693661689758,0.6427379846572876,0.0,0.0,0.0,0.0,0.0,0.0,0.0,0.0,0.0,0.0,0.0,-21.520000457763672,-314.7300109863281,-104.91000366210938,0.0
1781051318.7802916,606132,1781051318,770965347,base_link,"['wheel_left_joint', 'wheel_right_joint', 'joint1', 'joint2', 'joint3', 'joint4', 'gripper']",0.010737867094576359,0.016873791813850403,-0.015339808538556099,-0.8574953079223633,0.24543693661689758,0.6427379846572876,0.0,0.0,0.0,0.0,0.0,0.0,0.0,0.0,0.0,0.0,0.0,-18.829999923706055,-314.7300109863281,-104.91000366210938,0.0
1781051318.8017302,606133,1781051318,816965347,base_link,"['wheel_left_joint', 'wheel_right_joint', 'joint1', 'joint2', 'joint3', 'joint4', 'gripper']",0.010737867094576359,0.016873791813850403,-0.015339808538556099,-0.8574953079223633,0.24543693661689758,0.6427379846572876,0.0,0.0,0.0,0.0,0.0,0.0,0.0,0.0,0.0,0.0,0.0,-21.520000457763672,-312.0400085449219,-104.91000366210938,0.0
1781051318.8566344,606134,1781051318,850965347,base_link,"['wheel_left_joint', 'wheel_right_joint', 'joint1', 'joint2', 'joint3', 'joint4', 'gripper']",0.010737867094576359,0.016873791813850403,-0.015339808538556099,-0.8574953079223633,0.24543693661689758,0.6427379846572876,0.0,0.0,0.0,0.0,0.0,0.0,0.0,0.0,0.0,0.0,0.0,-21.520000457763672,-314.7300109863281,-104.91000366210938,0.0
1781051318.8816442,606135,1781051318,894965347,base_link,"['wheel_left_joint', 'wheel_right_joint', 'joint1', 'joint2', 'joint3', 'joint4', 'gripper']",0.010737867094576359,0.016873791813850403,-0.015339808538556099,-0.8574953079223633,0.24543693661689758,0.6427379846572876,0.0,0.0,0.0,0.0,0.0,0.0,0.0,0.0,0.0,0.0,0.0,-21.520000457763672,-317.4200134277344,-104.91000366210938,0.0
1781051318.9325173,606136,1781051318,928965347,base_link,"['wheel_left_joint', 'wheel_right_joint', 'joint1', 'joint2', 'joint3', 'joint4', 'gripper']",0.010737867094576359,0.016873791813850403,-0.015339808538556099,-0.8574953079223633,0.24543693661689758,0.6427379846572876,0.0,0.0,0.0,0.0,0.0,0.0,0.0,0.0,0.0,0.0,0.0,-21.520000457763672,-314.7300109863281,-104.91000366210938,0.0
1781051318.9752984,606137,1781051318,984965347,base_link,"['wheel_left_joint', 'wheel_right_joint', 'joint1', 'joint2', 'joint3', 'joint4', 'gripper']",0.010737867094576359,0.016873791813850403,-0.015339808538556099,-0.8574953079223633,0.24543693661689758,0.6427379846572876,0.0,0.0,0.0,0.0,0.0,0.0,0.0,0.0,0.0,0.0,0.0,-21.520000457763672,-312.0400085449219,-104.91000366210938,0.0
1781051319.032584,606138,1781051319,18965347,base_link,"['wheel_left_joint', 'wheel_right_joint', 'joint1', 'joint2', 'joint3', 'joint4', 'gripper']",0.010737867094576359,0.016873791813850403,-0.015339808538556099,-0.8574953079223633,0.24543693661689758,0.6427379846572876,0.0,0.0,0.0,0.0,0.0,0.0,0.0,0.0,0.0,0.0,0.0,-18.829999923706055,-314.7300109863281,-104.91000366210938,0.0
1781051319.0521243,606139,1781051319,67965347,base_link,"['wheel_left_joint', 'wheel_right_joint', 'joint1', 'joint2', 'joint3', 'joint4', 'gripper']",0.010737867094576359,0.016873791813850403,-0.015339808538556099,-0.8574953079223633,0.24543693661689758,0.6427379846572876,0.0,0.0,0.0,0.0,0.0,0.0,0.0,0.0,0.0,0.0,0.0,-21.520000457763672,-317.4200134277344,-107.60000610351562,0.0
1781051319.1036038,606140,1781051319,101965347,base_link,"['wheel_left_joint', 'wheel_right_joint', 'joint1', 'joint2', 'joint3', 'joint4', 'gripper']",0.010737867094576359,0.016873791813850403,-0.015339808538556099,-0.8574953079223633,0.24543693661689758,0.6427379846572876,0.0,0.0,0.0,0.0,0.0,0.0,0.0,0.0,0.0,0.0,0.0,-21.520000457763672,-312.0400085449219,-110.29000091552734,0.0
1781051319.1330688,606141,1781051319,145965347,base_link,"['wheel_left_joint', 'wheel_right_joint', 'joint1', 'joint2', 'joint3', 'joint4', 'gripper']",0.010737867094576359,0.016873791813850403,-0.015339808538556099,-0.8574953079223633,0.24543693661689758,0.6427379846572876,0.0,0.0,0.0,0.0,0.0,0.0,0.0,0.0,0.0,0.0,0.0,-21.520000457763672,-314.7300109863281,-104.91000366210938,0.0
1781051319.185707,606142,1781051319,179965347,base_link,"['wheel_left_joint', 'wheel_right_joint', 'joint1', 'joint2', 'joint3', 'joint4', 'gripper']",0.010737867094576359,0.016873791813850403,-0.015339808538556099,-0.8574953079223633,0.24543693661689758,0.6427379846572876,0.0,0.0,0.0,0.0,0.0,0.0,0.0,0.0,0.0,0.0,0.0,-18.829999923706055,-312.0400085449219,-104.91000366210938,0.0
1781051319.2224543,606143,1781051319,206854263,base_link,"['wheel_left_joint', 'wheel_right_joint', 'joint1', 'joint2', 'joint3', 'joint4', 'gripper']",0.010737867094576359,0.016873791813850403,-0.015339808538556099,-0.8574953079223633,0.24543693661689758,0.6427379846572876,0.0,0.0,0.0,0.0,0.0,0.0,0.0,0.0,0.0,0.0,0.0,-21.520000457763672,-314.7300109863281,-104.91000366210938,0.0
1781051319.2743762,606144,1781051319,240854263,base_link,"['wheel_left_joint', 'wheel_right_joint', 'joint1', 'joint2', 'joint3', 'joint4', 'gripper']",0.010737867094576359,0.016873791813850403,-0.015339808538556099,-0.8574953079223633,0.24543693661689758,0.6427379846572876,0.0,0.0,0.0,0.0,0.0,0.0,0.0,0.0,0.0,0.0,0.0,-21.520000457763672,-314.7300109863281,-104.91000366210938,0.0
1781051319.2953413,606145,1781051319,283854263,base_link,"['wheel_left_joint', 'wheel_right_joint', 'joint1', 'joint2', 'joint3', 'joint4', 'gripper']",0.010737867094576359,0.016873791813850403,-0.015339808538556099,-0.8574953079223633,0.24543693661689758,0.6427379846572876,0.0,0.0,0.0,0.0,0.0,0.0,0.0,0.0,0.0,0.0,0.0,-18.829999923706055,-312.0400085449219,-107.60000610351562,0.0
1781051319.347557,606146,1781051319,317854263,base_link,"['wheel_left_joint', 'wheel_right_joint', 'joint1', 'joint2', 'joint3', 'joint4', 'gripper']",0.010737867094576359,0.016873791813850403,-0.015339808538556099,-0.8574953079223633,0.24543693661689758,0.644271969795227,0.0,0.0,0.0,0.0,0.0,0.0,0.0,0.0,0.0,0.0,0.0,-21.520000457763672,-312.0400085449219,-104.91000366210938,0.0
1781051319.375835,606147,1781051319,361854263,base_link,"['wheel_left_joint', 'wheel_right_joint', 'joint1', 'joint2', 'joint3', 'joint4', 'gripper']",0.010737867094576359,0.016873791813850403,-0.015339808538556099,-0.8574953079223633,0.24543693661689758,0.6427379846572876,0.0,0.0,0.0,0.0,0.0,0.0,0.0,0.0,0.0,0.0,0.0,-21.520000457763672,-312.0400085449219,-104.91000366210938,0.0
1781051319.42805,606148,1781051319,395854263,base_link,"['wheel_left_joint', 'wheel_right_joint', 'joint1', 'joint2', 'joint3', 'joint4', 'gripper']",0.010737867094576359,0.016873791813850403,-0.015339808538556099,-0.8574953079223633,0.24543693661689758,0.6427379846572876,0.0,0.0,0.0,0.0,0.0,0.0,0.0,0.0,0.0,0.0,0.0,-21.520000457763672,-312.0400085449219,-104.91000366210938,0.0
1781051319.4646137,606149,1781051319,453854263,base_link,"['wheel_left_joint', 'wheel_right_joint', 'joint1', 'joint2', 'joint3', 'joint4', 'gripper']",0.010737867094576359,0.016873791813850403,-0.015339808538556099,-0.8574953079223633,0.24543693661689758,0.6427379846572876,0.0,0.0,0.0,0.0,0.0,0.0,0.0,0.0,0.0,0.0,0.0,-21.520000457763672,-314.7300109863281,-104.91000366210938,0.0
1781051319.5172546,606150,1781051319,487854263,base_link,"['wheel_left_joint', 'wheel_right_joint', 'joint1', 'joint2', 'joint3', 'joint4', 'gripper']",0.010737867094576359,0.016873791813850403,-0.015339808538556099,-0.8574953079223633,0.24543693661689758,0.6427379846572876,0.0,0.0,0.0,0.0,0.0,0.0,0.0,0.0,0.0,0.0,0.0,-21.520000457763672,-312.0400085449219,-104.91000366210938,0.0
1781051319.5606582,606151,1781051319,549854263,base_link,"['wheel_left_joint', 'wheel_right_joint', 'joint1', 'joint2', 'joint3', 'joint4', 'gripper']",0.010737867094576359,0.016873791813850403,-0.015339808538556099,-0.8574953079223633,0.24543693661689758,0.6427379846572876,0.0,0.0,0.0,0.0,0.0,0.0,0.0,0.0,0.0,0.0,0.0,-18.829999923706055,-314.7300109863281,-104.91000366210938,0.0
1781051319.6136317,606152,1781051319,583854263,base_link,"['wheel_left_joint', 'wheel_right_joint', 'joint1', 'joint2', 'joint3', 'joint4', 'gripper']",0.010737867094576359,0.016873791813850403,-0.015339808538556099,-0.8574953079223633,0.24543693661689758,0.644271969795227,0.0,0.0,0.0,0.0,0.0,0.0,0.0,0.0,0.0,0.0,0.0,-21.520000457763672,-317.4200134277344,-104.91000366210938,0.0
1781051319.6603682,606153,1781051319,646854263,base_link,"['wheel_left_joint', 'wheel_right_joint', 'joint1', 'joint2', 'joint3', 'joint4', 'gripper']",0.010737867094576359,0.016873791813850403,-0.015339808538556099,-0.8574953079223633,0.24543693661689758,0.6427379846572876,0.0,0.0,0.0,0.0,0.0,0.0,0.0,0.0,0.0,0.0,0.0,-21.520000457763672,-314.7300109863281,-104.91000366210938,0.0
1781051319.713183,606154,1781051319,680854263,base_link,"['wheel_left_joint', 'wheel_right_joint', 'joint1', 'joint2', 'joint3', 'joint4', 'gripper']",0.010737867094576359,0.016873791813850403,-0.015339808538556099,-0.8574953079223633,0.24543693661689758,0.6427379846572876,0.0,0.0,0.0,0.0,0.0,0.0,0.0,0.0,0.0,0.0,0.0,-18.829999923706055,-314.7300109863281,-104.91000366210938,0.0
1781051319.7502904,606155,1781051319,733854263,base_link,"['wheel_left_joint', 'wheel_right_joint', 'joint1', 'joint2', 'joint3', 'joint4', 'gripper']",0.010737867094576359,0.016873791813850403,-0.015339808538556099,-0.8574953079223633,0.24543693661689758,0.6427379846572876,0.0,0.0,0.0,0.0,0.0,0.0,0.0,0.0,0.0,0.0,0.0,-21.520000457763672,-312.0400085449219,-104.91000366210938,0.0
1781051319.803424,606156,1781051319,767854263,base_link,"['wheel_left_joint', 'wheel_right_joint', 'joint1', 'joint2', 'joint3', 'joint4', 'gripper']",0.010737867094576359,0.016873791813850403,-0.015339808538556099,-0.8574953079223633,0.24543693661689758,0.6427379846572876,0.0,0.0,0.0,0.0,0.0,0.0,0.0,0.0,0.0,0.0,0.0,-18.829999923706055,-317.4200134277344,-104.91000366210938,0.0
1781051319.8251867,606157,1781051319,811854263,base_link,"['wheel_left_joint', 'wheel_right_joint', 'joint1', 'joint2', 'joint3', 'joint4', 'gripper']",0.010737867094576359,0.016873791813850403,-0.015339808538556099,-0.8574953079223633,0.24543693661689758,0.6427379846572876,0.0,0.0,0.0,0.0,0.0,0.0,0.0,0.0,0.0,0.0,0.0,-21.520000457763672,-314.7300109863281,-104.91000366210938,0.0
1781051319.8790426,606158,1781051319,845854263,base_link,"['wheel_left_joint', 'wheel_right_joint', 'joint1', 'joint2', 'joint3', 'joint4', 'gripper']",0.010737867094576359,0.016873791813850403,-0.015339808538556099,-0.8574953079223633,0.24543693661689758,0.6427379846572876,0.0,0.0,0.0,0.0,0.0,0.0,0.0,0.0,0.0,0.0,0.0,-18.829999923706055,-314.7300109863281,-104.91000366210938,0.0
1781051319.9044108,606159,1781051319,888854263,base_link,"['wheel_left_joint', 'wheel_right_joint', 'joint1', 'joint2', 'joint3', 'joint4', 'gripper']",0.010737867094576359,0.016873791813850403,-0.015339808538556099,-0.8574953079223633,0.24543693661689758,0.6427379846572876,0.0,0.0,0.0,0.0,0.0,0.0,0.0,0.0,0.0,0.0,0.0,-18.829999923706055,-317.4200134277344,-104.91000366210938,0.0
1781051319.9526231,606160,1781051319,922854263,base_link,"['wheel_left_joint', 'wheel_right_joint', 'joint1', 'joint2', 'joint3', 'joint4', 'gripper']",0.010737867094576359,0.016873791813850403,-0.015339808538556099,-0.8574953079223633,0.24543693661689758,0.6427379846572876,0.0,0.0,0.0,0.0,0.0,0.0,0.0,0.0,0.0,0.0,0.0,-21.520000457763672,-312.0400085449219,-104.91000366210938,0.0
1781051319.9886093,606161,1781051319,977854263,base_link,"['wheel_left_joint', 'wheel_right_joint', 'joint1', 'joint2', 'joint3', 'joint4', 'gripper']",0.010737867094576359,0.016873791813850403,-0.015339808538556099,-0.8574953079223633,0.24543693661689758,0.6427379846572876,0.0,0.0,0.0,0.0,0.0,0.0,0.0,0.0,0.0,0.0,0.0,-21.520000457763672,-314.7300109863281,-104.91000366210938,0.0
1781051320.043015,606162,1781051320,11854263,base_link,"['wheel_left_joint', 'wheel_right_joint', 'joint1', 'joint2', 'joint3', 'joint4', 'gripper']",0.010737867094576359,0.016873791813850403,-0.015339808538556099,-0.8574953079223633,0.24543693661689758,0.6427379846572876,0.0,0.0,0.0,0.0,0.0,0.0,0.0,0.0,0.0,0.0,0.0,-21.520000457763672,-314.7300109863281,-107.60000610351562,0.0
1781051320.0911508,606163,1781051320,75854263,base_link,"['wheel_left_joint', 'wheel_right_joint', 'joint1', 'joint2', 'joint3', 'joint4', 'gripper']",0.010737867094576359,0.016873791813850403,-0.015339808538556099,-0.8574953079223633,0.24543693661689758,0.644271969795227,0.0,0.0,0.0,0.0,0.0,0.0,0.0,0.0,0.0,0.0,0.0,-18.829999923706055,-312.0400085449219,-104.91000366210938,0.0
1781051320.1433446,606164,1781051320,109854263,base_link,"['wheel_left_joint', 'wheel_right_joint', 'joint1', 'joint2', 'joint3', 'joint4', 'gripper']",0.010737867094576359,0.016873791813850403,-0.015339808538556099,-0.8574953079223633,0.24543693661689758,0.6427379846572876,0.0,0.0,0.0,0.0,0.0,0.0,0.0,0.0,0.0,0.0,0.0,-18.829999923706055,-312.0400085449219,-104.91000366210938,0.0
1781051320.1702702,606165,1781051320,156854263,base_link,"['wheel_left_joint', 'wheel_right_joint', 'joint1', 'joint2', 'joint3', 'joint4', 'gripper']",0.010737867094576359,0.016873791813850403,-0.015339808538556099,-0.8574953079223633,0.24543693661689758,0.6427379846572876,0.0,0.0,0.0,0.0,0.0,0.0,0.0,0.0,0.0,0.0,0.0,-18.829999923706055,-312.0400085449219,-102.22000122070312,0.0
1781051320.2220511,606166,1781051320,190854263,base_link,"['wheel_left_joint', 'wheel_right_joint', 'joint1', 'joint2', 'joint3', 'joint4', 'gripper']",0.010737867094576359,0.016873791813850403,-0.015339808538556099,-0.8574953079223633,0.24543693661689758,0.6427379846572876,0.0,0.0,0.0,0.0,0.0,0.0,0.0,0.0,0.0,0.0,0.0,-18.829999923706055,-314.7300109863281,-104.91000366210938,0.0
1781051320.2587764,606167,1781051320,248854263,base_link,"['wheel_left_joint', 'wheel_right_joint', 'joint1', 'joint2', 'joint3', 'joint4', 'gripper']",0.010737867094576359,0.016873791813850403,-0.015339808538556099,-0.8574953079223633,0.24543693661689758,0.6427379846572876,0.0,0.0,0.0,0.0,0.0,0.0,0.0,0.0,0.0,0.0,0.0,-21.520000457763672,-314.7300109863281,-104.91000366210938,0.0
1781051320.3104026,606168,1781051320,282854263,base_link,"['wheel_left_joint', 'wheel_right_joint', 'joint1', 'joint2', 'joint3', 'joint4', 'gripper']",0.010737867094576359,0.016873791813850403,-0.015339808538556099,-0.8574953079223633,0.24543693661689758,0.6427379846572876,0.0,0.0,0.0,0.0,0.0,0.0,0.0,0.0,0.0,0.0,0.0,-21.520000457763672,-314.7300109863281,-104.91000366210938,0.0
1781051320.3599715,606169,1781051320,316854263,base_link,"['wheel_left_joint', 'wheel_right_joint', 'joint1', 'joint2', 'joint3', 'joint4', 'gripper']",0.010737867094576359,0.016873791813850403,-0.015339808538556099,-0.8574953079223633,0.24543693661689758,0.6427379846572876,0.0,0.0,0.0,0.0,0.0,0.0,0.0,0.0,0.0,0.0,0.0,-21.520000457763672,-314.7300109863281,-104.91000366210938,0.0
1781051320.3757293,606170,1781051320,358854263,base_link,"['wheel_left_joint', 'wheel_right_joint', 'joint1', 'joint2', 'joint3', 'joint4', 'gripper']",0.010737867094576359,0.016873791813850403,-0.015339808538556099,-0.8574953079223633,0.24543693661689758,0.6427379846572876,0.0,0.0,0.0,0.0,0.0,0.0,0.0,0.0,0.0,0.0,0.0,-21.520000457763672,-314.7300109863281,-104.91000366210938,0.0
1781051320.4315166,606171,1781051320,392854263,base_link,"['wheel_left_joint', 'wheel_right_joint', 'joint1', 'joint2', 'joint3', 'joint4', 'gripper']",0.010737867094576359,0.016873791813850403,-0.015339808538556099,-0.8574953079223633,0.24543693661689758,0.6427379846572876,0.0,0.0,0.0,0.0,0.0,0.0,0.0,0.0,0.0,0.0,0.0,-21.520000457763672,-314.7300109863281,-104.91000366210938,0.0
1781051320.4502184,606172,1781051320,436854263,base_link,"['wheel_left_joint', 'wheel_right_joint', 'joint1', 'joint2', 'joint3', 'joint4', 'gripper']",0.010737867094576359,0.016873791813850403,-0.015339808538556099,-0.8574953079223633,0.24543693661689758,0.6427379846572876,0.0,0.0,0.0,0.0,0.0,0.0,0.0,0.0,0.0,0.0,0.0,-18.829999923706055,-314.7300109863281,-107.60000610351562,0.0
1781051320.5024195,606173,1781051320,470854263,base_link,"['wheel_left_joint', 'wheel_right_joint', 'joint1', 'joint2', 'joint3', 'joint4', 'gripper']",0.010737867094576359,0.016873791813850403,-0.015339808538556099,-0.8574953079223633,0.24543693661689758,0.6427379846572876,0.0,0.0,0.0,0.0,0.0,0.0,0.0,0.0,0.0,0.0,0.0,-21.520000457763672,-314.7300109863281,-104.91000366210938,0.0
1781051320.5448427,606174,1781051320,533854263,base_link,"['wheel_left_joint', 'wheel_right_joint', 'joint1', 'joint2', 'joint3', 'joint4', 'gripper']",0.010737867094576359,0.016873791813850403,-0.015339808538556099,-0.8574953079223633,0.24543693661689758,0.6427379846572876,0.0,0.0,0.0,0.0,0.0,0.0,0.0,0.0,0.0,0.0,0.0,-18.829999923706055,-312.0400085449219,-104.91000366210938,0.0
1781051320.5964525,606175,1781051320,567854263,base_link,"['wheel_left_joint', 'wheel_right_joint', 'joint1', 'joint2', 'joint3', 'joint4', 'gripper']",0.010737867094576359,0.016873791813850403,-0.015339808538556099,-0.8574953079223633,0.24543693661689758,0.6427379846572876,0.0,0.0,0.0,0.0,0.0,0.0,0.0,0.0,0.0,0.0,0.0,-21.520000457763672,-312.0400085449219,-104.91000366210938,0.0
1781051320.6438756,606176,1781051320,628854263,base_link,"['wheel_left_joint', 'wheel_right_joint', 'joint1', 'joint2', 'joint3', 'joint4', 'gripper']",0.010737867094576359,0.016873791813850403,-0.015339808538556099,-0.8574953079223633,0.24543693661689758,0.6427379846572876,0.0,0.0,0.0,0.0,0.0,0.0,0.0,0.0,0.0,0.0,0.0,-21.520000457763672,-314.7300109863281,-104.91000366210938,0.0
1781051320.697489,606177,1781051320,662854263,base_link,"['wheel_left_joint', 'wheel_right_joint', 'joint1', 'joint2', 'joint3', 'joint4', 'gripper']",0.010737867094576359,0.016873791813850403,-0.015339808538556099,-0.8574953079223633,0.24543693661689758,0.6427379846572876,0.0,0.0,0.0,0.0,0.0,0.0,0.0,0.0,0.0,0.0,0.0,-21.520000457763672,-312.0400085449219,-104.91000366210938,0.0
1781051320.7231674,606178,1781051320,709854263,base_link,"['wheel_left_joint', 'wheel_right_joint', 'joint1', 'joint2', 'joint3', 'joint4', 'gripper']",0.010737867094576359,0.016873791813850403,-0.015339808538556099,-0.8574953079223633,0.24543693661689758,0.6427379846572876,0.0,0.0,0.0,0.0,0.0,0.0,0.0,0.0,0.0,0.0,0.0,-21.520000457763672,-314.7300109863281,-104.91000366210938,0.0
1781051320.7753778,606179,1781051320,743854263,base_link,"['wheel_left_joint', 'wheel_right_joint', 'joint1', 'joint2', 'joint3', 'joint4', 'gripper']",0.010737867094576359,0.016873791813850403,-0.015339808538556099,-0.8574953079223633,0.24543693661689758,0.6427379846572876,0.0,0.0,0.0,0.0,0.0,0.0,0.0,0.0,0.0,0.0,0.0,-18.829999923706055,-314.7300109863281,-104.91000366210938,0.0
1781051320.822639,606180,1781051320,807854263,base_link,"['wheel_left_joint', 'wheel_right_joint', 'joint1', 'joint2', 'joint3', 'joint4', 'gripper']",0.010737867094576359,0.016873791813850403,-0.015339808538556099,-0.8574953079223633,0.24543693661689758,0.6427379846572876,0.0,0.0,0.0,0.0,0.0,0.0,0.0,0.0,0.0,0.0,0.0,-18.829999923706055,-317.4200134277344,-104.91000366210938,0.0
1781051320.875364,606181,1781051320,841854263,base_link,"['wheel_left_joint', 'wheel_right_joint', 'joint1', 'joint2', 'joint3', 'joint4', 'gripper']",0.010737867094576359,0.016873791813850403,-0.015339808538556099,-0.8574953079223633,0.24543693661689758,0.6427379846572876,0.0,0.0,0.0,0.0,0.0,0.0,0.0,0.0,0.0,0.0,0.0,-21.520000457763672,-314.7300109863281,-104.91000366210938,0.0
1781051320.8966243,606182,1781051320,883854263,base_link,"['wheel_left_joint', 'wheel_right_joint', 'joint1', 'joint2', 'joint3', 'joint4', 'gripper']",0.010737867094576359,0.016873791813850403,-0.015339808538556099,-0.8574953079223633,0.24543693661689758,0.644271969795227,0.0,0.0,0.0,0.0,0.0,0.0,0.0,0.0,0.0,0.0,0.0,-21.520000457763672,-312.0400085449219,-104.91000366210938,0.0
1781051320.9497123,606183,1781051320,917854263,base_link,"['wheel_left_joint', 'wheel_right_joint', 'joint1', 'joint2', 'joint3', 'joint4', 'gripper']",0.010737867094576359,0.016873791813850403,-0.015339808538556099,-0.8574953079223633,0.24543693661689758,0.6427379846572876,0.0,0.0,0.0,0.0,0.0,0.0,0.0,0.0,0.0,0.0,0.0,-18.829999923706055,-314.7300109863281,-102.22000122070312,0.0
1781051320.976185,606184,1781051320,958854263,base_link,"['wheel_left_joint', 'wheel_right_joint', 'joint1', 'joint2', 'joint3', 'joint4', 'gripper']",0.010737867094576359,0.016873791813850403,-0.015339808538556099,-0.8574953079223633,0.24543693661689758,0.6427379846572876,0.0,0.0,0.0,0.0,0.0,0.0,0.0,0.0,0.0,0.0,0.0,-21.520000457763672,-312.0400085449219,-107.60000610351562,0.0
1781051321.031551,606185,1781051320,992854263,base_link,"['wheel_left_joint', 'wheel_right_joint', 'joint1', 'joint2', 'joint3', 'joint4', 'gripper']",0.010737867094576359,0.016873791813850403,-0.015339808538556099,-0.8574953079223633,0.24543693661689758,0.6427379846572876,0.0,0.0,0.0,0.0,0.0,0.0,0.0,0.0,0.0,0.0,0.0,-21.520000457763672,-314.7300109863281,-107.60000610351562,0.0
1781051321.0473971,606186,1781051321,34854263,base_link,"['wheel_left_joint', 'wheel_right_joint', 'joint1', 'joint2', 'joint3', 'joint4', 'gripper']",0.010737867094576359,0.016873791813850403,-0.015339808538556099,-0.8574953079223633,0.24543693661689758,0.6427379846572876,0.0,0.0,0.0,0.0,0.0,0.0,0.0,0.0,0.0,0.0,0.0,-21.520000457763672,-314.7300109863281,-104.91000366210938,0.0
1781051321.0996153,606187,1781051321,68854263,base_link,"['wheel_left_joint', 'wheel_right_joint', 'joint1', 'joint2', 'joint3', 'joint4', 'gripper']",0.010737867094576359,0.016873791813850403,-0.015339808538556099,-0.8574953079223633,0.24543693661689758,0.6427379846572876,0.0,0.0,0.0,0.0,0.0,0.0,0.0,0.0,0.0,0.0,0.0,-21.520000457763672,-312.0400085449219,-104.91000366210938,0.0
1781051321.1272836,606188,1781051321,116854263,base_link,"['wheel_left_joint', 'wheel_right_joint', 'joint1', 'joint2', 'joint3', 'joint4', 'gripper']",0.010737867094576359,0.016873791813850403,-0.015339808538556099,-0.8574953079223633,0.24543693661689758,0.6427379846572876,0.0,0.0,0.0,0.0,0.0,0.0,0.0,0.0,0.0,0.0,0.0,-21.520000457763672,-312.0400085449219,-104.91000366210938,0.0
1781051321.1788425,606189,1781051321,150854263,base_link,"['wheel_left_joint', 'wheel_right_joint', 'joint1', 'joint2', 'joint3', 'joint4', 'gripper']",0.010737867094576359,0.016873791813850403,-0.015339808538556099,-0.8574953079223633,0.24543693661689758,0.644271969795227,0.0,0.0,0.0,0.0,0.0,0.0,0.0,0.0,0.0,0.0,0.0,-21.520000457763672,-312.0400085449219,-107.60000610351562,0.0
1781051321.2278335,606190,1781051321,184854263,base_link,"['wheel_left_joint', 'wheel_right_joint', 'joint1', 'joint2', 'joint3', 'joint4', 'gripper']",0.010737867094576359,0.016873791813850403,-0.015339808538556099,-0.8574953079223633,0.24543693661689758,0.644271969795227,0.0,0.0,0.0,0.0,0.0,0.0,0.0,0.0,0.0,0.0,0.0,-21.520000457763672,-314.7300109863281,-104.91000366210938,0.0
1781051321.2428465,606191,1781051321,222854263,base_link,"['wheel_left_joint', 'wheel_right_joint', 'joint1', 'joint2', 'joint3', 'joint4', 'gripper']",0.010737867094576359,0.016873791813850403,-0.015339808538556099,-0.8574953079223633,0.24543693661689758,0.6427379846572876,0.0,0.0,0.0,0.0,0.0,0.0,0.0,0.0,0.0,0.0,0.0,-21.520000457763672,-312.0400085449219,-104.91000366210938,0.0
1781051321.2952626,606192,1781051321,256854263,base_link,"['wheel_left_joint', 'wheel_right_joint', 'joint1', 'joint2', 'joint3', 'joint4', 'gripper']",0.010737867094576359,0.016873791813850403,-0.015339808538556099,-0.8574953079223633,0.24543693661689758,0.6427379846572876,0.0,0.0,0.0,0.0,0.0,0.0,0.0,0.0,0.0,0.0,0.0,-21.520000457763672,-312.0400085449219,-104.91000366210938,0.0
1781051321.3117502,606193,1781051321,298854263,base_link,"['wheel_left_joint', 'wheel_right_joint', 'joint1', 'joint2', 'joint3', 'joint4', 'gripper']",0.010737867094576359,0.016873791813850403,-0.015339808538556099,-0.8574953079223633,0.24543693661689758,0.6427379846572876,0.0,0.0,0.0,0.0,0.0,0.0,0.0,0.0,0.0,0.0,0.0,-21.520000457763672,-314.7300109863281,-104.91000366210938,0.0
1781051321.3636577,606194,1781051321,332854263,base_link,"['wheel_left_joint', 'wheel_right_joint', 'joint1', 'joint2', 'joint3', 'joint4', 'gripper']",0.010737867094576359,0.016873791813850403,-0.015339808538556099,-0.8574953079223633,0.24543693661689758,0.6427379846572876,0.0,0.0,0.0,0.0,0.0,0.0,0.0,0.0,0.0,0.0,0.0,-21.520000457763672,-312.0400085449219,-104.91000366210938,0.0
1781051321.3964355,606195,1781051321,380854263,base_link,"['wheel_left_joint', 'wheel_right_joint', 'joint1', 'joint2', 'joint3', 'joint4', 'gripper']",0.010737867094576359,0.016873791813850403,-0.015339808538556099,-0.8574953079223633,0.24543693661689758,0.6427379846572876,0.0,0.0,0.0,0.0,0.0,0.0,0.0,0.0,0.0,0.0,0.0,-21.520000457763672,-312.0400085449219,-104.91000366210938,0.0
1781051321.447568,606196,1781051321,414854263,base_link,"['wheel_left_joint', 'wheel_right_joint', 'joint1', 'joint2', 'joint3', 'joint4', 'gripper']",0.010737867094576359,0.016873791813850403,-0.015339808538556099,-0.8574953079223633,0.24543693661689758,0.6427379846572876,0.0,0.0,0.0,0.0,0.0,0.0,0.0,0.0,0.0,0.0,0.0,-21.520000457763672,-314.7300109863281,-104.91000366210938,0.0
1781051321.474411,606197,1781051321,461854263,base_link,"['wheel_left_joint', 'wheel_right_joint', 'joint1', 'joint2', 'joint3', 'joint4', 'gripper']",0.010737867094576359,0.016873791813850403,-0.015339808538556099,-0.8574953079223633,0.24543693661689758,0.6427379846572876,0.0,0.0,0.0,0.0,0.0,0.0,0.0,0.0,0.0,0.0,0.0,-21.520000457763672,-314.7300109863281,-104.91000366210938,8.069999694824219
1781051321.5278106,606198,1781051321,495854263,base_link,"['wheel_left_joint', 'wheel_right_joint', 'joint1', 'joint2', 'joint3', 'joint4', 'gripper']",0.010737867094576359,0.016873791813850403,-0.015339808538556099,-0.8574953079223633,0.24543693661689758,0.6427379846572876,0.0,0.0,0.0,0.0,0.0,0.0,0.0,0.0,0.0,0.0,0.0,-21.520000457763672,-312.0400085449219,-104.91000366210938,0.0
1781051321.5495057,606199,1781051321,531854263,base_link,"['wheel_left_joint', 'wheel_right_joint', 'joint1', 'joint2', 'joint3', 'joint4', 'gripper']",0.010737867094576359,0.016873791813850403,-0.015339808538556099,-0.8574953079223633,0.24543693661689758,0.6427379846572876,0.0,0.0,0.0,0.0,0.0,0.0,0.0,0.0,0.0,0.0,0.0,-21.520000457763672,-317.4200134277344,-104.91000366210938,0.0
1781051321.6008713,606200,1781051321,565854263,base_link,"['wheel_left_joint', 'wheel_right_joint', 'joint1', 'joint2', 'joint3', 'joint4', 'gripper']",0.010737867094576359,0.016873791813850403,-0.015339808538556099,-0.8574953079223633,0.24543693661689758,0.6427379846572876,0.0,0.0,0.0,0.0,0.0,0.0,0.0,0.0,0.0,0.0,0.0,-18.829999923706055,-317.4200134277344,-107.60000610351562,0.0
1781051321.623354,606201,1781051321,609854263,base_link,"['wheel_left_joint', 'wheel_right_joint', 'joint1', 'joint2', 'joint3', 'joint4', 'gripper']",0.010737867094576359,0.016873791813850403,-0.015339808538556099,-0.8574953079223633,0.24543693661689758,0.6427379846572876,0.0,0.0,0.0,0.0,0.0,0.0,0.0,0.0,0.0,0.0,0.0,-18.829999923706055,-312.0400085449219,-104.91000366210938,0.0
1781051321.6780937,606202,1781051321,643854263,base_link,"['wheel_left_joint', 'wheel_right_joint', 'joint1', 'joint2', 'joint3', 'joint4', 'gripper']",0.010737867094576359,0.016873791813850403,-0.015339808538556099,-0.8574953079223633,0.24543693661689758,0.644271969795227,0.0,0.0,0.0,0.0,0.0,0.0,0.0,0.0,0.0,0.0,0.0,-21.520000457763672,-314.7300109863281,-107.60000610351562,0.0
1781051321.7041476,606203,1781051321,705136987,base_link,"['wheel_left_joint', 'wheel_right_joint', 'joint1', 'joint2', 'joint3', 'joint4', 'gripper']",0.010737867094576359,0.016873791813850403,-0.015339808538556099,-0.8574953079223633,0.24543693661689758,0.6427379846572876,0.0,0.0,0.0,0.0,0.0,0.0,0.0,0.0,0.0,0.0,0.0,-21.520000457763672,-312.0400085449219,-104.91000366210938,0.0
1781051321.7569225,606204,1781051321,739136987,base_link,"['wheel_left_joint', 'wheel_right_joint', 'joint1', 'joint2', 'joint3', 'joint4', 'gripper']",0.010737867094576359,0.016873791813850403,-0.015339808538556099,-0.8574953079223633,0.24543693661689758,0.6427379846572876,0.0,0.0,0.0,0.0,0.0,0.0,0.0,0.0,0.0,0.0,0.0,-24.21000099182129,-312.0400085449219,-104.91000366210938,0.0
1781051321.7786903,606205,1781051321,782136987,base_link,"['wheel_left_joint', 'wheel_right_joint', 'joint1', 'joint2', 'joint3', 'joint4', 'gripper']",0.010737867094576359,0.016873791813850403,-0.015339808538556099,-0.8574953079223633,0.24543693661689758,0.6427379846572876,0.0,0.0,0.0,0.0,0.0,0.0,0.0,0.0,0.0,0.0,0.0,-18.829999923706055,-314.7300109863281,-107.60000610351562,0.0
1781051321.8319018,606206,1781051321,816136987,base_link,"['wheel_left_joint', 'wheel_right_joint', 'joint1', 'joint2', 'joint3', 'joint4', 'gripper']",0.010737867094576359,0.016873791813850403,-0.015339808538556099,-0.8574953079223633,0.24543693661689758,0.6427379846572876,0.0,0.0,0.0,0.0,0.0,0.0,0.0,0.0,0.0,0.0,0.0,-21.520000457763672,-312.0400085449219,-107.60000610351562,0.0
1781051321.8584034,606207,1781051321,862136987,base_link,"['wheel_left_joint', 'wheel_right_joint', 'joint1', 'joint2', 'joint3', 'joint4', 'gripper']",0.010737867094576359,0.016873791813850403,-0.015339808538556099,-0.8574953079223633,0.24543693661689758,0.6427379846572876,0.0,0.0,0.0,0.0,0.0,0.0,0.0,0.0,0.0,0.0,0.0,-21.520000457763672,-312.0400085449219,-104.91000366210938,0.0
1781051321.9102705,606208,1781051321,896136987,base_link,"['wheel_left_joint', 'wheel_right_joint', 'joint1', 'joint2', 'joint3', 'joint4', 'gripper']",0.010737867094576359,0.016873791813850403,-0.015339808538556099,-0.8574953079223633,0.24543693661689758,0.6427379846572876,0.0,0.0,0.0,0.0,0.0,0.0,0.0,0.0,0.0,0.0,0.0,-21.520000457763672,-314.7300109863281,-104.91000366210938,0.0
1781051321.95837,606209,1781051321,960136987,base_link,"['wheel_left_joint', 'wheel_right_joint', 'joint1', 'joint2', 'joint3', 'joint4', 'gripper']",0.010737867094576359,0.016873791813850403,-0.015339808538556099,-0.8574953079223633,0.24543693661689758,0.6427379846572876,0.0,0.0,0.0,0.0,0.0,0.0,0.0,0.0,0.0,0.0,0.0,-18.829999923706055,-314.7300109863281,-104.91000366210938,0.0
1781051322.0105865,606210,1781051321,994136987,base_link,"['wheel_left_joint', 'wheel_right_joint', 'joint1', 'joint2', 'joint3', 'joint4', 'gripper']",0.010737867094576359,0.016873791813850403,-0.015339808538556099,-0.8574953079223633,0.24543693661689758,0.6427379846572876,0.0,0.0,0.0,0.0,0.0,0.0,0.0,0.0,0.0,0.0,0.0,-21.520000457763672,-314.7300109863281,-104.91000366210938,0.0
1781051322.0407805,606211,1781051322,41136987,base_link,"['wheel_left_joint', 'wheel_right_joint', 'joint1', 'joint2', 'joint3', 'joint4', 'gripper']",0.010737867094576359,0.016873791813850403,-0.015339808538556099,-0.8574953079223633,0.24543693661689758,0.6427379846572876,0.0,0.0,0.0,0.0,0.0,0.0,0.0,0.0,0.0,0.0,0.0,-18.829999923706055,-312.0400085449219,-104.91000366210938,0.0
1781051322.0927072,606212,1781051322,75136987,base_link,"['wheel_left_joint', 'wheel_right_joint', 'joint1', 'joint2', 'joint3', 'joint4', 'gripper']",0.010737867094576359,0.016873791813850403,-0.015339808538556099,-0.8574953079223633,0.24543693661689758,0.6427379846572876,0.0,0.0,0.0,0.0,0.0,0.0,0.0,0.0,0.0,0.0,0.0,-21.520000457763672,-314.7300109863281,-104.91000366210938,0.0
1781051322.1310356,606213,1781051322,136136987,base_link,"['wheel_left_joint', 'wheel_right_joint', 'joint1', 'joint2', 'joint3', 'joint4', 'gripper']",0.010737867094576359,0.016873791813850403,-0.015339808538556099,-0.8574953079223633,0.24543693661689758,0.6427379846572876,0.0,0.0,0.0,0.0,0.0,0.0,0.0,0.0,0.0,0.0,0.0,-21.520000457763672,-312.0400085449219,-107.60000610351562,0.0
1781051322.1829615,606214,1781051322,170136987,base_link,"['wheel_left_joint', 'wheel_right_joint', 'joint1', 'joint2', 'joint3', 'joint4', 'gripper']",0.010737867094576359,0.016873791813850403,-0.015339808538556099,-0.8574953079223633,0.24543693661689758,0.6427379846572876,0.0,0.0,0.0,0.0,0.0,0.0,0.0,0.0,0.0,0.0,0.0,-21.520000457763672,-314.7300109863281,-107.60000610351562,0.0
1781051322.229971,606215,1781051322,232136987,base_link,"['wheel_left_joint', 'wheel_right_joint', 'joint1', 'joint2', 'joint3', 'joint4', 'gripper']",0.010737867094576359,0.016873791813850403,-0.015339808538556099,-0.8574953079223633,0.24543693661689758,0.6427379846572876,0.0,0.0,0.0,0.0,0.0,0.0,0.0,0.0,0.0,0.0,0.0,-21.520000457763672,-314.7300109863281,-107.60000610351562,0.0
1781051322.2830276,606216,1781051322,266136987,base_link,"['wheel_left_joint', 'wheel_right_joint', 'joint1', 'joint2', 'joint3', 'joint4', 'gripper']",0.010737867094576359,0.016873791813850403,-0.015339808538556099,-0.8574953079223633,0.24543693661689758,0.6427379846572876,0.0,0.0,0.0,0.0,0.0,0.0,0.0,0.0,0.0,0.0,0.0,-21.520000457763672,-314.7300109863281,-104.91000366210938,0.0
1781051322.3105893,606217,1781051322,313136987,base_link,"['wheel_left_joint', 'wheel_right_joint', 'joint1', 'joint2', 'joint3', 'joint4', 'gripper']",0.010737867094576359,0.016873791813850403,-0.015339808538556099,-0.8574953079223633,0.24543693661689758,0.6427379846572876,0.0,0.0,0.0,0.0,0.0,0.0,0.0,0.0,0.0,0.0,0.0,-21.520000457763672,-312.0400085449219,-104.91000366210938,0.0
1781051322.3615675,606218,1781051322,347136987,base_link,"['wheel_left_joint', 'wheel_right_joint', 'joint1', 'joint2', 'joint3', 'joint4', 'gripper']",0.010737867094576359,0.016873791813850403,-0.015339808538556099,-0.8574953079223633,0.24543693661689758,0.6427379846572876,0.0,0.0,0.0,0.0,0.0,0.0,0.0,0.0,0.0,0.0,0.0,-21.520000457763672,-312.0400085449219,-102.22000122070312,0.0
1781051322.4042678,606219,1781051322,410136987,base_link,"['wheel_left_joint', 'wheel_right_joint', 'joint1', 'joint2', 'joint3', 'joint4', 'gripper']",0.010737867094576359,0.016873791813850403,-0.015339808538556099,-0.8574953079223633,0.24543693661689758,0.6427379846572876,0.0,0.0,0.0,0.0,0.0,0.0,0.0,0.0,0.0,0.0,0.0,-21.520000457763672,-314.7300109863281,-104.91000366210938,0.0
1781051322.456154,606220,1781051322,444136987,base_link,"['wheel_left_joint', 'wheel_right_joint', 'joint1', 'joint2', 'joint3', 'joint4', 'gripper']",0.010737867094576359,0.016873791813850403,-0.015339808538556099,-0.8574953079223633,0.24543693661689758,0.6427379846572876,0.0,0.0,0.0,0.0,0.0,0.0,0.0,0.0,0.0,0.0,0.0,-21.520000457763672,-314.7300109863281,-104.91000366210938,0.0
1781051322.5034688,606221,1781051322,505136987,base_link,"['wheel_left_joint', 'wheel_right_joint', 'joint1', 'joint2', 'joint3', 'joint4', 'gripper']",0.010737867094576359,0.016873791813850403,-0.015339808538556099,-0.8574953079223633,0.24543693661689758,0.6427379846572876,0.0,0.0,0.0,0.0,0.0,0.0,0.0,0.0,0.0,0.0,0.0,-21.520000457763672,-314.7300109863281,-104.91000366210938,0.0
1781051322.557655,606222,1781051322,539136987,base_link,"['wheel_left_joint', 'wheel_right_joint', 'joint1', 'joint2', 'joint3', 'joint4', 'gripper']",0.010737867094576359,0.016873791813850403,-0.015339808538556099,-0.8574953079223633,0.24543693661689758,0.6427379846572876,0.0,0.0,0.0,0.0,0.0,0.0,0.0,0.0,0.0,0.0,0.0,-18.829999923706055,-312.0400085449219,-104.91000366210938,0.0
1781051322.5792239,606223,1781051322,582136987,base_link,"['wheel_left_joint', 'wheel_right_joint', 'joint1', 'joint2', 'joint3', 'joint4', 'gripper']",0.010737867094576359,0.016873791813850403,-0.015339808538556099,-0.8574953079223633,0.24543693661689758,0.6427379846572876,0.0,0.0,0.0,0.0,0.0,0.0,0.0,0.0,0.0,0.0,0.0,-21.520000457763672,-312.0400085449219,-107.60000610351562,0.0
1781051322.631595,606224,1781051322,616136987,base_link,"['wheel_left_joint', 'wheel_right_joint', 'joint1', 'joint2', 'joint3', 'joint4', 'gripper']",0.010737867094576359,0.016873791813850403,-0.015339808538556099,-0.8574953079223633,0.24543693661689758,0.644271969795227,0.0,0.0,0.0,0.0,0.0,0.0,0.0,0.0,0.0,0.0,0.0,-21.520000457763672,-314.7300109863281,-107.60000610351562,0.0
1781051322.658409,606225,1781051322,660136987,base_link,"['wheel_left_joint', 'wheel_right_joint', 'joint1', 'joint2', 'joint3', 'joint4', 'gripper']",0.010737867094576359,0.016873791813850403,-0.015339808538556099,-0.8574953079223633,0.24543693661689758,0.644271969795227,0.0,0.0,0.0,0.0,0.0,0.0,0.0,0.0,0.0,0.0,0.0,-21.520000457763672,-317.4200134277344,-104.91000366210938,0.0
1781051322.7111552,606226,1781051322,694136987,base_link,"['wheel_left_joint', 'wheel_right_joint', 'joint1', 'joint2', 'joint3', 'joint4', 'gripper']",0.010737867094576359,0.016873791813850403,-0.015339808538556099,-0.8574953079223633,0.24543693661689758,0.6427379846572876,0.0,0.0,0.0,0.0,0.0,0.0,0.0,0.0,0.0,0.0,0.0,-21.520000457763672,-314.7300109863281,-104.91000366210938,0.0
1781051322.7326868,606227,1781051322,736136987,base_link,"['wheel_left_joint', 'wheel_right_joint', 'joint1', 'joint2', 'joint3', 'joint4', 'gripper']",0.010737867094576359,0.016873791813850403,-0.015339808538556099,-0.8574953079223633,0.24543693661689758,0.6427379846572876,0.0,0.0,0.0,0.0,0.0,0.0,0.0,0.0,0.0,0.0,0.0,-18.829999923706055,-314.7300109863281,-104.91000366210938,0.0
1781051322.7844882,606228,1781051322,770136987,base_link,"['wheel_left_joint', 'wheel_right_joint', 'joint1', 'joint2', 'joint3', 'joint4', 'gripper']",0.010737867094576359,0.016873791813850403,-0.015339808538556099,-0.8574953079223633,0.24543693661689758,0.6427379846572876,0.0,0.0,0.0,0.0,0.0,0.0,0.0,0.0,0.0,0.0,0.0,-21.520000457763672,-314.7300109863281,-104.91000366210938,0.0
1781051322.8117318,606229,1781051322,813136987,base_link,"['wheel_left_joint', 'wheel_right_joint', 'joint1', 'joint2', 'joint3', 'joint4', 'gripper']",0.010737867094576359,0.016873791813850403,-0.015339808538556099,-0.8574953079223633,0.24543693661689758,0.6427379846572876,0.0,0.0,0.0,0.0,0.0,0.0,0.0,0.0,0.0,0.0,0.0,-21.520000457763672,-314.7300109863281,-104.91000366210938,0.0
1781051322.8635728,606230,1781051322,847136987,base_link,"['wheel_left_joint', 'wheel_right_joint', 'joint1', 'joint2', 'joint3', 'joint4', 'gripper']",0.010737867094576359,0.016873791813850403,-0.015339808538556099,-0.8574953079223633,0.24543693661689758,0.6427379846572876,0.0,0.0,0.0,0.0,0.0,0.0,0.0,0.0,0.0,0.0,0.0,-21.520000457763672,-312.0400085449219,-104.91000366210938,0.0
1781051322.9002812,606231,1781051322,900136987,base_link,"['wheel_left_joint', 'wheel_right_joint', 'joint1', 'joint2', 'joint3', 'joint4', 'gripper']",0.010737867094576359,0.016873791813850403,-0.015339808538556099,-0.8574953079223633,0.24543693661689758,0.6427379846572876,0.0,0.0,0.0,0.0,0.0,0.0,0.0,0.0,0.0,0.0,0.0,-21.520000457763672,-312.0400085449219,-104.91000366210938,0.0
1781051322.954234,606232,1781051322,934136987,base_link,"['wheel_left_joint', 'wheel_right_joint', 'joint1', 'joint2', 'joint3', 'joint4', 'gripper']",0.010737867094576359,0.016873791813850403,-0.015339808538556099,-0.8574953079223633,0.24543693661689758,0.6427379846572876,0.0,0.0,0.0,0.0,0.0,0.0,0.0,0.0,0.0,0.0,0.0,-18.829999923706055,-312.0400085449219,-104.91000366210938,0.0
1781051322.974221,606233,1781051322,978136987,base_link,"['wheel_left_joint', 'wheel_right_joint', 'joint1', 'joint2', 'joint3', 'joint4', 'gripper']",0.010737867094576359,0.016873791813850403,-0.015339808538556099,-0.8574953079223633,0.24543693661689758,0.6427379846572876,0.0,0.0,0.0,0.0,0.0,0.0,0.0,0.0,0.0,0.0,0.0,-21.520000457763672,-314.7300109863281,-104.91000366210938,0.0
1781051323.0318968,606234,1781051323,12136987,base_link,"['wheel_left_joint', 'wheel_right_joint', 'joint1', 'joint2', 'joint3', 'joint4', 'gripper']",0.010737867094576359,0.016873791813850403,-0.015339808538556099,-0.8574953079223633,0.24543693661689758,0.6427379846572876,0.0,0.0,0.0,0.0,0.0,0.0,0.0,0.0,0.0,0.0,0.0,-21.520000457763672,-314.7300109863281,-104.91000366210938,0.0
1781051323.0580738,606235,1781051323,57136987,base_link,"['wheel_left_joint', 'wheel_right_joint', 'joint1', 'joint2', 'joint3', 'joint4', 'gripper']",0.010737867094576359,0.016873791813850403,-0.015339808538556099,-0.8574953079223633,0.24543693661689758,0.6427379846572876,0.0,0.0,0.0,0.0,0.0,0.0,0.0,0.0,0.0,0.0,0.0,-21.520000457763672,-314.7300109863281,-104.91000366210938,0.0
1781051323.1103332,606236,1781051323,91136987,base_link,"['wheel_left_joint', 'wheel_right_joint', 'joint1', 'joint2', 'joint3', 'joint4', 'gripper']",0.010737867094576359,0.016873791813850403,-0.015339808538556099,-0.8574953079223633,0.24543693661689758,0.6427379846572876,0.0,0.0,0.0,0.0,0.0,0.0,0.0,0.0,0.0,0.0,0.0,-21.520000457763672,-314.7300109863281,-104.91000366210938,0.0
1781051323.131315,606237,1781051323,133136987,base_link,"['wheel_left_joint', 'wheel_right_joint', 'joint1', 'joint2', 'joint3', 'joint4', 'gripper']",0.010737867094576359,0.016873791813850403,-0.015339808538556099,-0.8574953079223633,0.24543693661689758,0.6427379846572876,0.0,0.0,0.0,0.0,0.0,0.0,0.0,0.0,0.0,0.0,0.0,-21.520000457763672,-314.7300109863281,-107.60000610351562,0.0
1781051323.1846626,606238,1781051323,167136987,base_link,"['wheel_left_joint', 'wheel_right_joint', 'joint1', 'joint2', 'joint3', 'joint4', 'gripper']",0.010737867094576359,0.016873791813850403,-0.015339808538556099,-0.8574953079223633,0.24543693661689758,0.6427379846572876,2.3009712094790302e-05,0.0,0.0,0.0,0.0,0.0,0.0,0.0,0.0,0.0,0.0,-18.829999923706055,-312.0400085449219,-102.22000122070312,0.0
1781051323.2109015,606239,1781051323,210136987,base_link,"['wheel_left_joint', 'wheel_right_joint', 'joint1', 'joint2', 'joint3', 'joint4', 'gripper']",0.010737867094576359,0.016873791813850403,-0.015339808538556099,-0.8574953079223633,0.24543693661689758,0.6427379846572876,0.0,0.0,0.0,0.0,0.0,0.0,0.0,0.0,0.0,0.0,0.0,-21.520000457763672,-312.0400085449219,-107.60000610351562,0.0
1781051323.2658203,606240,1781051323,244136987,base_link,"['wheel_left_joint', 'wheel_right_joint', 'joint1', 'joint2', 'joint3', 'joint4', 'gripper']",0.010737867094576359,0.016873791813850403,-0.015339808538556099,-0.8574953079223633,0.24543693661689758,0.6427379846572876,0.0,0.0,0.0,0.0,0.0,0.0,0.0,0.0,0.0,0.0,0.0,-21.520000457763672,-312.0400085449219,-107.60000610351562,0.0
1781051323.2867358,606241,1781051323,284136987,base_link,"['wheel_left_joint', 'wheel_right_joint', 'joint1', 'joint2', 'joint3', 'joint4', 'gripper']",0.010737867094576359,0.016873791813850403,-0.015339808538556099,-0.8574953079223633,0.24543693661689758,0.6427379846572876,0.0,0.0,0.0,0.0,0.0,0.0,0.0,0.0,0.0,0.0,0.0,-18.829999923706055,-314.7300109863281,-107.60000610351562,0.0
1781051323.3371925,606242,1781051323,318136987,base_link,"['wheel_left_joint', 'wheel_right_joint', 'joint1', 'joint2', 'joint3', 'joint4', 'gripper']",0.010737867094576359,0.016873791813850403,-0.015339808538556099,-0.8574953079223633,0.24543693661689758,0.6427379846572876,0.0,0.0,0.0,0.0,0.0,0.0,0.0,0.0,0.0,0.0,0.0,-18.829999923706055,-314.7300109863281,-104.91000366210938,0.0
1781051323.3597095,606243,1781051323,363136987,base_link,"['wheel_left_joint', 'wheel_right_joint', 'joint1', 'joint2', 'joint3', 'joint4', 'gripper']",0.010737867094576359,0.016873791813850403,-0.015339808538556099,-0.8574953079223633,0.24543693661689758,0.6427379846572876,0.0,0.0,0.0,0.0,0.0,0.0,0.0,0.0,0.0,0.0,0.0,-21.520000457763672,-314.7300109863281,-104.91000366210938,0.0
1781051323.412549,606244,1781051323,397136987,base_link,"['wheel_left_joint', 'wheel_right_joint', 'joint1', 'joint2', 'joint3', 'joint4', 'gripper']",0.010737867094576359,0.016873791813850403,-0.015339808538556099,-0.8574953079223633,0.24543693661689758,0.6427379846572876,0.0,0.0,0.0,0.0,0.0,0.0,0.0,0.0,0.0,0.0,0.0,-18.829999923706055,-314.7300109863281,-104.91000366210938,0.0
1781051323.4394965,606245,1781051323,442136987,base_link,"['wheel_left_joint', 'wheel_right_joint', 'joint1', 'joint2', 'joint3', 'joint4', 'gripper']",0.010737867094576359,0.016873791813850403,-0.015339808538556099,-0.8574953079223633,0.24543693661689758,0.644271969795227,0.0,0.0,0.0,0.0,0.0,0.0,0.0,0.0,0.0,0.0,0.0,-18.829999923706055,-314.7300109863281,-104.91000366210938,0.0
1781051323.4920845,606246,1781051323,476136987,base_link,"['wheel_left_joint', 'wheel_right_joint', 'joint1', 'joint2', 'joint3', 'joint4', 'gripper']",0.010737867094576359,0.016873791813850403,-0.015339808538556099,-0.8574953079223633,0.24543693661689758,0.6427379846572876,0.0,0.0,0.0,0.0,0.0,0.0,0.0,0.0,0.0,0.0,0.0,-18.829999923706055,-314.7300109863281,-104.91000366210938,0.0
1781051323.5287468,606247,1781051323,534136987,base_link,"['wheel_left_joint', 'wheel_right_joint', 'joint1', 'joint2', 'joint3', 'joint4', 'gripper']",0.010737867094576359,0.016873791813850403,-0.015339808538556099,-0.8574953079223633,0.24543693661689758,0.6427379846572876,0.0,0.0,0.0,0.0,0.0,0.0,0.0,0.0,0.0,0.0,0.0,-21.520000457763672,-314.7300109863281,-104.91000366210938,0.0
1781051323.5804238,606248,1781051323,568136987,base_link,"['wheel_left_joint', 'wheel_right_joint', 'joint1', 'joint2', 'joint3', 'joint4', 'gripper']",0.010737867094576359,0.016873791813850403,-0.015339808538556099,-0.8574953079223633,0.24543693661689758,0.6427379846572876,0.0,0.0,0.0,0.0,0.0,0.0,0.0,0.0,0.0,0.0,0.0,-18.829999923706055,-317.4200134277344,-104.91000366210938,0.0
1781051323.630874,606249,1781051323,629136987,base_link,"['wheel_left_joint', 'wheel_right_joint', 'joint1', 'joint2', 'joint3', 'joint4', 'gripper']",0.010737867094576359,0.016873791813850403,-0.015339808538556099,-0.8574953079223633,0.24543693661689758,0.6427379846572876,0.0,0.0,0.0,0.0,0.0,0.0,0.0,0.0,0.0,0.0,0.0,-21.520000457763672,-312.0400085449219,-104.91000366210938,0.0
1781051323.680313,606250,1781051323,663136987,base_link,"['wheel_left_joint', 'wheel_right_joint', 'joint1', 'joint2', 'joint3', 'joint4', 'gripper']",0.010737867094576359,0.016873791813850403,-0.015339808538556099,-0.8574953079223633,0.24543693661689758,0.6427379846572876,0.0,0.0,0.0,0.0,0.0,0.0,0.0,0.0,0.0,0.0,0.0,-24.21000099182129,-312.0400085449219,-104.91000366210938,0.0
1781051323.7011533,606251,1781051323,705136987,base_link,"['wheel_left_joint', 'wheel_right_joint', 'joint1', 'joint2', 'joint3', 'joint4', 'gripper']",0.010737867094576359,0.016873791813850403,-0.015339808538556099,-0.8574953079223633,0.24543693661689758,0.6427379846572876,0.0,0.0,0.0,0.0,0.0,0.0,0.0,0.0,0.0,0.0,0.0,-21.520000457763672,-314.7300109863281,-104.91000366210938,0.0
1781051323.754306,606252,1781051323,739136987,base_link,"['wheel_left_joint', 'wheel_right_joint', 'joint1', 'joint2', 'joint3', 'joint4', 'gripper']",0.010737867094576359,0.016873791813850403,-0.015339808538556099,-0.8574953079223633,0.24543693661689758,0.644271969795227,0.0,0.0,0.0,0.0,0.0,0.0,0.0,0.0,0.0,0.0,0.0,-16.139999389648438,-312.0400085449219,-104.91000366210938,0.0
1781051323.7807567,606253,1781051323,784136987,base_link,"['wheel_left_joint', 'wheel_right_joint', 'joint1', 'joint2', 'joint3', 'joint4', 'gripper']",0.010737867094576359,0.016873791813850403,-0.015339808538556099,-0.8574953079223633,0.24543693661689758,0.6427379846572876,0.0,0.0,0.0,0.0,0.0,0.0,0.0,0.0,0.0,0.0,0.0,-18.829999923706055,-314.7300109863281,-104.91000366210938,0.0
1781051323.8326182,606254,1781051323,818136987,base_link,"['wheel_left_joint', 'wheel_right_joint', 'joint1', 'joint2', 'joint3', 'joint4', 'gripper']",0.010737867094576359,0.016873791813850403,-0.015339808538556099,-0.8574953079223633,0.24543693661689758,0.6427379846572876,0.0,0.0,0.0,0.0,0.0,0.0,0.0,0.0,0.0,0.0,0.0,-21.520000457763672,-312.0400085449219,-104.91000366210938,0.0
1781051323.8699715,606255,1781051323,870136987,base_link,"['wheel_left_joint', 'wheel_right_joint', 'joint1', 'joint2', 'joint3', 'joint4', 'gripper']",0.010737867094576359,0.016873791813850403,-0.015339808538556099,-0.8574953079223633,0.24543693661689758,0.6427379846572876,0.0,0.0,0.0,0.0,0.0,0.0,0.0,0.0,0.0,0.0,0.0,-21.520000457763672,-314.7300109863281,-107.60000610351562,0.0
1781051323.9223332,606256,1781051323,904136987,base_link,"['wheel_left_joint', 'wheel_right_joint', 'joint1', 'joint2', 'joint3', 'joint4', 'gripper']",0.010737867094576359,0.016873791813850403,-0.015339808538556099,-0.8574953079223633,0.24543693661689758,0.6427379846572876,0.0,0.0,0.0,0.0,0.0,0.0,0.0,0.0,0.0,0.0,0.0,-21.520000457763672,-312.0400085449219,-104.91000366210938,0.0
1781051323.9439282,606257,1781051323,947136987,base_link,"['wheel_left_joint', 'wheel_right_joint', 'joint1', 'joint2', 'joint3', 'joint4', 'gripper']",0.010737867094576359,0.016873791813850403,-0.015339808538556099,-0.8574953079223633,0.24543693661689758,0.6427379846572876,0.0,0.0,0.0,0.0,0.0,0.0,0.0,0.0,0.0,0.0,0.0,-18.829999923706055,-312.0400085449219,-104.91000366210938,0.0
1781051323.9963167,606258,1781051323,981136987,base_link,"['wheel_left_joint', 'wheel_right_joint', 'joint1', 'joint2', 'joint3', 'joint4', 'gripper']",0.010737867094576359,0.016873791813850403,-0.015339808538556099,-0.8574953079223633,0.24543693661689758,0.6427379846572876,0.0,0.0,0.0,0.0,0.0,0.0,0.0,0.0,0.0,0.0,0.0,-21.520000457763672,-312.0400085449219,-104.91000366210938,0.0
1781051324.022793,606259,1781051324,24136987,base_link,"['wheel_left_joint', 'wheel_right_joint', 'joint1', 'joint2', 'joint3', 'joint4', 'gripper']",0.010737867094576359,0.016873791813850403,-0.015339808538556099,-0.8574953079223633,0.24543693661689758,0.6427379846572876,0.0,0.0,0.0,0.0,0.0,0.0,0.0,0.0,0.0,0.0,0.0,-24.21000099182129,-312.0400085449219,-104.91000366210938,0.0
1781051324.07391,606260,1781051324,58136987,base_link,"['wheel_left_joint', 'wheel_right_joint', 'joint1', 'joint2', 'joint3', 'joint4', 'gripper']",0.010737867094576359,0.016873791813850403,-0.015339808538556099,-0.8574953079223633,0.24543693661689758,0.644271969795227,0.0,0.0,0.0,0.0,0.0,0.0,0.0,0.0,0.0,0.0,0.0,-21.520000457763672,-317.4200134277344,-104.91000366210938,0.0
1781051324.1001325,606261,1781051324,102136987,base_link,"['wheel_left_joint', 'wheel_right_joint', 'joint1', 'joint2', 'joint3', 'joint4', 'gripper']",0.010737867094576359,0.016873791813850403,-0.015339808538556099,-0.8574953079223633,0.24543693661689758,0.6427379846572876,0.0,0.0,0.0,0.0,0.0,0.0,0.0,0.0,0.0,0.0,0.0,-21.520000457763672,-314.7300109863281,-104.91000366210938,0.0
1781051324.1560264,606262,1781051324,136136987,base_link,"['wheel_left_joint', 'wheel_right_joint', 'joint1', 'joint2', 'joint3', 'joint4', 'gripper']",0.010737867094576359,0.016873791813850403,-0.015339808538556099,-0.8574953079223633,0.24543693661689758,0.6427379846572876,0.0,0.0,0.0,0.0,0.0,0.0,0.0,0.0,0.0,0.0,0.0,-21.520000457763672,-312.0400085449219,-104.91000366210938,0.0
1781051324.1777642,606263,1781051324,176136987,base_link,"['wheel_left_joint', 'wheel_right_joint', 'joint1', 'joint2', 'joint3', 'joint4', 'gripper']",0.010737867094576359,0.016873791813850403,-0.015339808538556099,-0.8574953079223633,0.24543693661689758,0.6427379846572876,0.0,0.0,0.0,0.0,0.0,0.0,0.0,0.0,0.0,0.0,0.0,-21.520000457763672,-314.7300109863281,-104.91000366210938,0.0
1781051324.2304456,606264,1781051324,213670755,base_link,"['wheel_left_joint', 'wheel_right_joint', 'joint1', 'joint2', 'joint3', 'joint4', 'gripper']",0.010737867094576359,0.016873791813850403,-0.015339808538556099,-0.8574953079223633,0.24543693661689758,0.6427379846572876,0.0,0.0,0.0,0.0,0.0,0.0,0.0,0.0,0.0,0.0,0.0,-18.829999923706055,-312.0400085449219,-104.91000366210938,0.0
1781051324.2525158,606265,1781051324,258670755,base_link,"['wheel_left_joint', 'wheel_right_joint', 'joint1', 'joint2', 'joint3', 'joint4', 'gripper']",0.010737867094576359,0.016873791813850403,-0.015339808538556099,-0.8574953079223633,0.24543693661689758,0.6427379846572876,0.0,0.0,0.0,0.0,0.0,0.0,0.0,0.0,0.0,0.0,0.0,-18.829999923706055,-312.0400085449219,-104.91000366210938,0.0
1781051324.303341,606266,1781051324,292670755,base_link,"['wheel_left_joint', 'wheel_right_joint', 'joint1', 'joint2', 'joint3', 'joint4', 'gripper']",0.010737867094576359,0.016873791813850403,-0.015339808538556099,-0.8574953079223633,0.24543693661689758,0.6427379846572876,0.0,0.0,0.0,0.0,0.0,0.0,0.0,0.0,0.0,0.0,0.0,-21.520000457763672,-312.0400085449219,-104.91000366210938,0.0
1781051324.3301651,606267,1781051324,335670755,base_link,"['wheel_left_joint', 'wheel_right_joint', 'joint1', 'joint2', 'joint3', 'joint4', 'gripper']",0.010737867094576359,0.016873791813850403,-0.015339808538556099,-0.8574953079223633,0.24543693661689758,0.644271969795227,0.0,0.0,0.0,0.0,0.0,0.0,0.0,0.0,0.0,0.0,0.0,-18.829999923706055,-312.0400085449219,-104.91000366210938,0.0
1781051324.3839319,606268,1781051324,369670755,base_link,"['wheel_left_joint', 'wheel_right_joint', 'joint1', 'joint2', 'joint3', 'joint4', 'gripper']",0.010737867094576359,0.016873791813850403,-0.015339808538556099,-0.8574953079223633,0.24543693661689758,0.6427379846572876,0.0,0.0,0.0,0.0,0.0,0.0,0.0,0.0,0.0,0.0,0.0,-18.829999923706055,-312.0400085449219,-104.91000366210938,0.0
1781051324.4040709,606269,1781051324,411670755,base_link,"['wheel_left_joint', 'wheel_right_joint', 'joint1', 'joint2', 'joint3', 'joint4', 'gripper']",0.010737867094576359,0.016873791813850403,-0.015339808538556099,-0.8574953079223633,0.24543693661689758,0.6427379846572876,0.0,0.0,0.0,0.0,0.0,0.0,0.0,0.0,0.0,0.0,0.0,-18.829999923706055,-312.0400085449219,-104.91000366210938,0.0
1781051324.4570923,606270,1781051324,445670755,base_link,"['wheel_left_joint', 'wheel_right_joint', 'joint1', 'joint2', 'joint3', 'joint4', 'gripper']",0.010737867094576359,0.016873791813850403,-0.015339808538556099,-0.8574953079223633,0.24543693661689758,0.6427379846572876,0.0,0.0,0.0,0.0,0.0,0.0,0.0,0.0,0.0,0.0,0.0,-18.829999923706055,-312.0400085449219,-104.91000366210938,0.0
1781051324.4833894,606271,1781051324,490670755,base_link,"['wheel_left_joint', 'wheel_right_joint', 'joint1', 'joint2', 'joint3', 'joint4', 'gripper']",0.010737867094576359,0.016873791813850403,-0.015339808538556099,-0.8574953079223633,0.24543693661689758,0.644271969795227,0.0,0.0,0.0,0.0,0.0,0.0,0.0,0.0,0.0,0.0,0.0,-21.520000457763672,-314.7300109863281,-104.91000366210938,0.0
1781051324.5373611,606272,1781051324,524670755,base_link,"['wheel_left_joint', 'wheel_right_joint', 'joint1', 'joint2', 'joint3', 'joint4', 'gripper']",0.010737867094576359,0.016873791813850403,-0.015339808538556099,-0.8574953079223633,0.24543693661689758,0.6427379846572876,0.0,0.0,0.0,0.0,0.0,0.0,0.0,0.0,0.0,0.0,0.0,-18.829999923706055,-312.0400085449219,-107.60000610351562,0.0
1781051324.5738544,606273,1781051324,582670755,base_link,"['wheel_left_joint', 'wheel_right_joint', 'joint1', 'joint2', 'joint3', 'joint4', 'gripper']",0.010737867094576359,0.016873791813850403,-0.015339808538556099,-0.8574953079223633,0.24543693661689758,0.6427379846572876,0.0,0.0,0.0,0.0,0.0,0.0,0.0,0.0,0.0,0.0,0.0,-21.520000457763672,-314.7300109863281,-104.91000366210938,0.0
1781051324.6270843,606274,1781051324,616670755,base_link,"['wheel_left_joint', 'wheel_right_joint', 'joint1', 'joint2', 'joint3', 'joint4', 'gripper']",0.010737867094576359,0.016873791813850403,-0.015339808538556099,-0.8574953079223633,0.24543693661689758,0.6427379846572876,0.0,0.0,0.0,0.0,0.0,0.0,0.0,0.0,0.0,0.0,0.0,-21.520000457763672,-312.0400085449219,-104.91000366210938,0.0
1781051324.6754782,606275,1781051324,681670755,base_link,"['wheel_left_joint', 'wheel_right_joint', 'joint1', 'joint2', 'joint3', 'joint4', 'gripper']",0.010737867094576359,0.016873791813850403,-0.015339808538556099,-0.8574953079223633,0.24543693661689758,0.6427379846572876,0.0,0.0,0.0,0.0,0.0,0.0,0.0,0.0,0.0,0.0,0.0,-21.520000457763672,-312.0400085449219,-102.22000122070312,0.0
1781051324.7284737,606276,1781051324,715670755,base_link,"['wheel_left_joint', 'wheel_right_joint', 'joint1', 'joint2', 'joint3', 'joint4', 'gripper']",0.010737867094576359,0.016873791813850403,-0.015339808538556099,-0.8574953079223633,0.24543693661689758,0.6427379846572876,0.0,0.0,0.0,0.0,0.0,0.0,0.0,0.0,0.0,0.0,0.0,-21.520000457763672,-312.0400085449219,-104.91000366210938,0.0
1781051324.7645388,606277,1781051324,767670755,base_link,"['wheel_left_joint', 'wheel_right_joint', 'joint1', 'joint2', 'joint3', 'joint4', 'gripper']",0.010737867094576359,0.016873791813850403,-0.015339808538556099,-0.8574953079223633,0.24543693661689758,0.6427379846572876,0.0,0.0,0.0,0.0,0.0,0.0,0.0,0.0,0.0,0.0,0.0,-21.520000457763672,-312.0400085449219,-104.91000366210938,0.0
1781051324.817016,606278,1781051324,801670755,base_link,"['wheel_left_joint', 'wheel_right_joint', 'joint1', 'joint2', 'joint3', 'joint4', 'gripper']",0.010737867094576359,0.016873791813850403,-0.015339808538556099,-0.8574953079223633,0.24543693661689758,0.6427379846572876,0.0,0.0,0.0,0.0,0.0,0.0,0.0,0.0,0.0,0.0,0.0,-21.520000457763672,-312.0400085449219,-104.91000366210938,0.0
1781051324.8385048,606279,1781051324,846670755,base_link,"['wheel_left_joint', 'wheel_right_joint', 'joint1', 'joint2', 'joint3', 'joint4', 'gripper']",0.010737867094576359,0.016873791813850403,-0.015339808538556099,-0.8574953079223633,0.24543693661689758,0.6427379846572876,0.0,0.0,0.0,0.0,0.0,0.0,0.0,0.0,0.0,0.0,0.0,-21.520000457763672,-312.0400085449219,-104.91000366210938,0.0
1781051324.8911757,606280,1781051324,880670755,base_link,"['wheel_left_joint', 'wheel_right_joint', 'joint1', 'joint2', 'joint3', 'joint4', 'gripper']",0.010737867094576359,0.016873791813850403,-0.015339808538556099,-0.8574953079223633,0.24543693661689758,0.6427379846572876,0.0,0.0,0.0,0.0,0.0,0.0,0.0,0.0,0.0,0.0,0.0,-18.829999923706055,-312.0400085449219,-104.91000366210938,0.0
1781051324.9187481,606281,1781051324,922670755,base_link,"['wheel_left_joint', 'wheel_right_joint', 'joint1', 'joint2', 'joint3', 'joint4', 'gripper']",0.010737867094576359,0.016873791813850403,-0.015339808538556099,-0.8574953079223633,0.24543693661689758,0.6427379846572876,0.0,0.0,0.0,0.0,0.0,0.0,0.0,0.0,0.0,0.0,0.0,-21.520000457763672,-314.7300109863281,-104.91000366210938,0.0
1781051324.9709008,606282,1781051324,956670755,base_link,"['wheel_left_joint', 'wheel_right_joint', 'joint1', 'joint2', 'joint3', 'joint4', 'gripper']",0.010737867094576359,0.016873791813850403,-0.015339808538556099,-0.8574953079223633,0.24543693661689758,0.6427379846572876,0.0,0.0,0.0,0.0,0.0,0.0,0.0,0.0,0.0,0.0,0.0,-18.829999923706055,-312.0400085449219,-104.91000366210938,0.0
1781051324.9927473,606283,1781051324,999670755,base_link,"['wheel_left_joint', 'wheel_right_joint', 'joint1', 'joint2', 'joint3', 'joint4', 'gripper']",0.010737867094576359,0.016873791813850403,-0.015339808538556099,-0.8574953079223633,0.24543693661689758,0.6427379846572876,0.0,0.0,0.0,0.0,0.0,0.0,0.0,0.0,0.0,0.0,0.0,-21.520000457763672,-312.0400085449219,-104.91000366210938,0.0
1781051325.0500782,606284,1781051325,33670755,base_link,"['wheel_left_joint', 'wheel_right_joint', 'joint1', 'joint2', 'joint3', 'joint4', 'gripper']",0.010737867094576359,0.016873791813850403,-0.015339808538556099,-0.8574953079223633,0.24543693661689758,0.6427379846572876,0.0,0.0,0.0,0.0,0.0,0.0,0.0,0.0,0.0,0.0,0.0,-18.829999923706055,-312.0400085449219,-104.91000366210938,0.0
1781051325.0740845,606285,1781051325,79670755,base_link,"['wheel_left_joint', 'wheel_right_joint', 'joint1', 'joint2', 'joint3', 'joint4', 'gripper']",0.010737867094576359,0.016873791813850403,-0.015339808538556099,-0.8574953079223633,0.24543693661689758,0.6427379846572876,0.0,0.0,0.0,0.0,0.0,0.0,0.0,0.0,0.0,0.0,0.0,-21.520000457763672,-314.7300109863281,-104.91000366210938,0.0
1781051325.127498,606286,1781051325,113670755,base_link,"['wheel_left_joint', 'wheel_right_joint', 'joint1', 'joint2', 'joint3', 'joint4', 'gripper']",0.010737867094576359,0.016873791813850403,-0.015339808538556099,-0.8574953079223633,0.24543693661689758,0.644271969795227,0.0,0.0,0.0,0.0,0.0,0.0,0.0,0.0,0.0,0.0,0.0,-21.520000457763672,-312.0400085449219,-102.22000122070312,0.0
1781051325.1494262,606287,1781051325,155670755,base_link,"['wheel_left_joint', 'wheel_right_joint', 'joint1', 'joint2', 'joint3', 'joint4', 'gripper']",0.010737867094576359,0.016873791813850403,-0.015339808538556099,-0.8574953079223633,0.24543693661689758,0.6427379846572876,0.0,0.0,0.0,0.0,0.0,0.0,0.0,0.0,0.0,0.0,0.0,-21.520000457763672,-314.7300109863281,-104.91000366210938,0.0
1781051325.2029006,606288,1781051325,189670755,base_link,"['wheel_left_joint', 'wheel_right_joint', 'joint1', 'joint2', 'joint3', 'joint4', 'gripper']",0.010737867094576359,0.016873791813850403,-0.015339808538556099,-0.8574953079223633,0.24543693661689758,0.6427379846572876,0.0,0.0,0.0,0.0,0.0,0.0,0.0,0.0,0.0,0.0,0.0,-21.520000457763672,-312.0400085449219,-110.29000091552734,0.0
1781051325.22956,606289,1781051325,235670755,base_link,"['wheel_left_joint', 'wheel_right_joint', 'joint1', 'joint2', 'joint3', 'joint4', 'gripper']",0.010737867094576359,0.016873791813850403,-0.015339808538556099,-0.8574953079223633,0.24543693661689758,0.644271969795227,0.0,0.0,0.0,0.0,0.0,0.0,0.0,0.0,0.0,0.0,0.0,-21.520000457763672,-312.0400085449219,-102.22000122070312,0.0
1781051325.2807927,606290,1781051325,269670755,base_link,"['wheel_left_joint', 'wheel_right_joint', 'joint1', 'joint2', 'joint3', 'joint4', 'gripper']",0.010737867094576359,0.016873791813850403,-0.015339808538556099,-0.8574953079223633,0.24543693661689758,0.644271969795227,0.0,0.0,0.0,0.0,0.0,0.0,0.0,0.0,0.0,0.0,0.0,-24.21000099182129,-314.7300109863281,-104.91000366210938,0.0
1781051325.3197794,606291,1781051325,321670755,base_link,"['wheel_left_joint', 'wheel_right_joint', 'joint1', 'joint2', 'joint3', 'joint4', 'gripper']",0.010737867094576359,0.016873791813850403,-0.015339808538556099,-0.8574953079223633,0.24543693661689758,0.6427379846572876,0.0,0.0,0.0,0.0,0.0,0.0,0.0,0.0,0.0,0.0,0.0,-21.520000457763672,-312.0400085449219,-104.91000366210938,0.0
1781051325.3705635,606292,1781051325,355670755,base_link,"['wheel_left_joint', 'wheel_right_joint', 'joint1', 'joint2', 'joint3', 'joint4', 'gripper']",0.010737867094576359,0.016873791813850403,-0.015339808538556099,-0.8574953079223633,0.24543693661689758,0.6427379846572876,0.0,0.0,0.0,0.0,0.0,0.0,0.0,0.0,0.0,0.0,0.0,-21.520000457763672,-314.7300109863281,-102.22000122070312,0.0
1781051325.3931487,606293,1781051325,399670755,base_link,"['wheel_left_joint', 'wheel_right_joint', 'joint1', 'joint2', 'joint3', 'joint4', 'gripper']",0.010737867094576359,0.016873791813850403,-0.015339808538556099,-0.8574953079223633,0.24543693661689758,0.6427379846572876,0.0,0.0,0.0,0.0,0.0,0.0,0.0,0.0,0.0,0.0,0.0,-18.829999923706055,-312.0400085449219,-102.22000122070312,0.0
1781051325.4403245,606294,1781051325,432670755,base_link,"['wheel_left_joint', 'wheel_right_joint', 'joint1', 'joint2', 'joint3', 'joint4', 'gripper']",0.010737867094576359,0.016873791813850403,-0.015339808538556099,-0.8574953079223633,0.24543693661689758,0.644271969795227,0.0,0.0,0.0,0.0,0.0,0.0,0.0,0.0,0.0,0.0,0.0,-21.520000457763672,-328.17999267578125,-112.9800033569336,0.0
1781051325.477854,606295,1781051325,477670755,base_link,"['wheel_left_joint', 'wheel_right_joint', 'joint1', 'joint2', 'joint3', 'joint4', 'gripper']",0.010737867094576359,0.016873791813850403,-0.015339808538556099,-0.8559613227844238,0.24543693661689758,0.6412039995193481,0.0,0.0,0.0,0.0,0.0,0.0,0.0,0.0,0.0,0.0,5.380000114440918,-2.690000057220459,-384.6700134277344,-112.9800033569336,0.0
1781051325.5304828,606296,1781051325,511670755,base_link,"['wheel_left_joint', 'wheel_right_joint', 'joint1', 'joint2', 'joint3', 'joint4', 'gripper']",0.010737867094576359,0.016873791813850403,-0.015339808538556099,-0.849825382232666,0.23930101096630096,0.6350680589675903,0.0,0.0,0.0,0.0,0.04796164855360985,-0.023980824276804924,-0.04796164855360985,0.0,0.0,0.0,0.0,-13.450000762939453,-293.2099914550781,-104.91000366210938,0.0
1781051325.5514963,606297,1781051325,557670755,base_link,"['wheel_left_joint', 'wheel_right_joint', 'joint1', 'joint2', 'joint3', 'joint4', 'gripper']",0.010737867094576359,0.016873791813850403,-0.00920388475060463,-0.8406214714050293,0.22856314480304718,0.6273981332778931,0.0,0.0,0.0,0.04796164855360985,0.16786576807498932,-0.1918465942144394,-0.11990412324666977,0.0,0.0,0.0,0.0,-21.520000457763672,-274.3800048828125,-83.38999938964844,0.0
1781051325.6046586,606298,1781051325,591670755,base_link,"['wheel_left_joint', 'wheel_right_joint', 'joint1', 'joint2', 'joint3', 'joint4', 'gripper']",0.010737867094576359,0.016873791813850403,-0.004601942375302315,-0.8314176201820374,0.2208932340145111,0.62126225233078,0.0,0.0,0.0,0.11990412324666977,0.1918465942144394,-0.21582742035388947,-0.14388494193553925,0.0,0.0,0.0,0.0,-13.450000762939453,-269.0,-80.70000457763672,0.0
1781051325.6299632,606299,1781051325,635670755,base_link,"['wheel_left_joint', 'wheel_right_joint', 'joint1', 'joint2', 'joint3', 'joint4', 'gripper']",0.010737867094576359,0.016873791813850403,0.0,-0.8222137093544006,0.21322333812713623,0.6151263117790222,0.0,0.0,0.0,0.11990412324666977,0.1918465942144394,-0.1918465942144394,-0.14388494193553925,0.0,0.0,0.0,0.0,-10.760000228881836,-271.69000244140625,-86.08000183105469,0.0
1781051325.6841178,606300,1781051325,669670755,base_link,"['wheel_left_joint', 'wheel_right_joint', 'joint1', 'joint2', 'joint3', 'joint4', 'gripper']",0.010737867094576359,0.016873791813850403,0.004601942375302315,-0.8160778284072876,0.2070874124765396,0.6105243563652039,0.0,0.0,0.0,0.0959232971072197,0.1918465942144394,-0.16786576807498932,-0.14388494193553925,0.0,0.0,0.0,0.0,-18.829999923706055,-271.69000244140625,-96.84000396728516,0.0
1781051325.7045941,606301,1781051325,711670755,base_link,"['wheel_left_joint', 'wheel_right_joint', 'joint1', 'joint2', 'joint3', 'joint4', 'gripper']",0.010737867094576359,0.016873791813850403,0.0076699042692780495,-0.8068739175796509,0.200951486825943,0.6043884754180908,0.0,0.0,0.0,0.0959232971072197,0.1918465942144394,-0.16786576807498932,-0.14388494193553925,0.0,0.0,0.0,0.0,-21.520000457763672,-277.07000732421875,-88.77000427246094,0.0
1781051325.757141,606302,1781051325,745670755,base_link,"['wheel_left_joint', 'wheel_right_joint', 'joint1', 'joint2', 'joint3', 'joint4', 'gripper']",0.010737867094576359,0.016873791813850403,0.012271846644580364,-0.7992039918899536,0.19634954631328583,0.5997865200042725,0.0,0.0,0.0,0.0959232971072197,0.1918465942144394,-0.14388494193553925,-0.14388494193553925,0.0,0.0,0.0,0.0,-21.520000457763672,-293.2099914550781,-94.1500015258789,0.0
1781051325.7837691,606303,1781051325,788670755,base_link,"['wheel_left_joint', 'wheel_right_joint', 'joint1', 'joint2', 'joint3', 'joint4', 'gripper']",0.010737867094576359,0.016873791813850403,0.016873789951205254,-0.7900001406669617,0.18867963552474976,0.5921165943145752,0.0,0.0,0.0,0.0959232971072197,0.21582742035388947,-0.14388494193553925,-0.14388494193553925,0.0,0.0,0.0,0.0,-32.279998779296875,-309.3500061035156,-80.70000457763672,0.0
1781051325.8371882,606304,1781051325,822670755,base_link,"['wheel_left_joint', 'wheel_right_joint', 'joint1', 'joint2', 'joint3', 'joint4', 'gripper']",0.010737867094576359,0.016873791813850403,0.019941750913858414,-0.7823302149772644,0.18254372477531433,0.5875146389007568,0.0,0.0,0.0,0.0959232971072197,0.1918465942144394,-0.14388494193553925,-0.14388494193553925,0.0,0.0,0.0,2.690000057220459,-34.970001220703125,-279.760009765625,-86.08000183105469,0.0
1781051325.8575156,606305,1781051325,864670755,base_link,"['wheel_left_joint', 'wheel_right_joint', 'joint1', 'joint2', 'joint3', 'joint4', 'gripper']",0.010737867094576359,0.016873791813850403,0.02454369328916073,-0.7731263637542725,0.17487381398677826,0.5813787579536438,0.0,0.0,0.0,0.0959232971072197,0.1918465942144394,-0.16786576807498932,-0.14388494193553925,0.0,0.0,0.0,0.0,-26.900001525878906,-271.69000244140625,-91.45999908447266,0.0
1781051325.9095387,606306,1781051325,898670755,base_link,"['wheel_left_joint', 'wheel_right_joint', 'joint1', 'joint2', 'joint3', 'joint4', 'gripper']",0.010737867094576359,0.016873791813850403,0.029145635664463043,-0.7669904232025146,0.1672039031982422,0.575242817401886,0.0,0.0,0.0,0.0959232971072197,0.1918465942144394,-0.16786576807498932,-0.14388494193553925,0.0,0.0,0.0,2.690000057220459,-34.970001220703125,-269.0,-86.08000183105469,0.0
1781051325.936536,606307,1781051325,943670755,base_link,"['wheel_left_joint', 'wheel_right_joint', 'joint1', 'joint2', 'joint3', 'joint4', 'gripper']",0.010737867094576359,0.016873791813850403,0.03221359848976135,-0.7577865123748779,0.16106799244880676,0.5691068768501282,0.0,0.0,0.0,0.0959232971072197,0.1918465942144394,-0.16786576807498932,-0.14388494193553925,0.0,0.0,0.0,0.0,-21.520000457763672,-279.760009765625,-88.77000427246094,0.0
1781051325.9877331,606308,1781051325,977670755,base_link,"['wheel_left_joint', 'wheel_right_joint', 'joint1', 'joint2', 'joint3', 'joint4', 'gripper']",0.010737867094576359,0.016873791813850403,0.03528155758976936,-0.7501166462898254,0.15493206679821014,0.5629709362983704,0.0,0.0,0.0,0.0959232971072197,0.1918465942144394,-0.16786576807498932,-0.14388494193553925,0.0,0.0,0.0,0.0,-40.35000228881836,-295.8999938964844,-88.77000427246094,0.0
1781051326.0302231,606309,1781051326,39670755,base_link,"['wheel_left_joint', 'wheel_right_joint', 'joint1', 'joint2', 'joint3', 'joint4', 'gripper']",0.010737867094576359,0.016873791813850403,0.04141748324036598,-0.7363107800483704,0.1457281857728958,0.5553010702133179,0.0,0.0,0.0,0.0959232971072197,0.21582742035388947,-0.14388494193553925,-0.14388494193553925,0.0,0.0,0.0,0.0,-40.35000228881836,-290.52001953125,-91.45999908447266,0.0
1781051326.0858715,606310,1781051326,73670755,base_link,"['wheel_left_joint', 'wheel_right_joint', 'joint1', 'joint2', 'joint3', 'joint4', 'gripper']",0.010737867094576359,0.016873791813850403,0.04601942375302315,-0.7286409139633179,0.13805827498435974,0.5506991147994995,0.0,0.0,0.0,0.0959232971072197,0.1918465942144394,-0.14388494193553925,-0.11990412324666977,0.0,0.0,0.0,0.0,-43.040000915527344,-274.3800048828125,-99.52999877929688,0.0
1781051326.1332862,606311,1781051326,137670755,base_link,"['wheel_left_joint', 'wheel_right_joint', 'joint1', 'joint2', 'joint3', 'joint4', 'gripper']",0.010737867094576359,0.016873791813850403,0.05368933081626892,-0.7163690328598022,0.12425244599580765,0.5399612784385681,0.0,0.0,0.0,0.0959232971072197,0.21582742035388947,-0.1918465942144394,-0.14388494193553925,0.0,0.0,0.0,5.380000114440918,-37.65999984741211,-258.239990234375,-86.08000183105469,0.0
1781051326.1806378,606312,1781051326,170670755,base_link,"['wheel_left_joint', 'wheel_right_joint', 'joint1', 'joint2', 'joint3', 'joint4', 'gripper']",0.010737867094576359,0.016873791813850403,0.05675728991627693,-0.7102331519126892,0.11965050548315048,0.5353593230247498,0.0,0.0,0.0,0.0959232971072197,0.1918465942144394,-0.1918465942144394,-0.14388494193553925,0.0,0.0,0.0,0.0,-53.80000305175781,-263.6199951171875,-91.45999908447266,0.0
1781051326.2183175,606313,1781051326,221670755,base_link,"['wheel_left_joint', 'wheel_right_joint', 'joint1', 'joint2', 'joint3', 'joint4', 'gripper']",0.010737867094576359,0.016873791813850403,0.061359234154224396,-0.7025632262229919,0.11198060214519501,0.5276893973350525,0.0,0.0,0.0,0.07194247096776962,0.16786576807498932,-0.14388494193553925,-0.11990412324666977,0.0,0.0,0.0,8.069999694824219,-18.829999923706055,-293.2099914550781,-78.01000213623047,0.0
1781051326.2707064,606314,1781051326,255670755,base_link,"['wheel_left_joint', 'wheel_right_joint', 'joint1', 'joint2', 'joint3', 'joint4', 'gripper']",0.010737867094576359,0.016873791813850403,0.06289321184158325,-0.6979612708091736,0.1089126393198967,0.5246214270591736,0.0,0.0,0.0,0.07194247096776962,0.14388494193553925,-0.11990412324666977,-0.11990412324666977,0.0,0.0,0.0,0.0,-43.040000915527344,-287.83001708984375,-94.1500015258789,0.0
1781051326.2979429,606315,1781051326,304670755,base_link,"['wheel_left_joint', 'wheel_right_joint', 'joint1', 'joint2', 'joint3', 'joint4', 'gripper']",0.010737867094576359,0.016873791813850403,0.06749515980482101,-0.6902913451194763,0.10124273598194122,0.52001953125,0.0,0.0,0.0,0.07194247096776962,0.11990412324666977,-0.11990412324666977,-0.0959232971072197,0.0,0.0,0.0,0.0,-59.18000030517578,-271.69000244140625,-86.08000183105469,0.0
1781051326.3492606,606316,1781051326,338670755,base_link,"['wheel_left_joint', 'wheel_right_joint', 'joint1', 'joint2', 'joint3', 'joint4', 'gripper']",0.010737867094576359,0.016873791813850403,0.06902913749217987,-0.6856894493103027,0.09664079546928406,0.5154175758361816,0.0,0.0,0.0,0.07194247096776962,0.11990412324666977,-0.11990412324666977,-0.0959232971072197,0.0,0.0,0.0,5.380000114440918,-56.4900016784668,-271.69000244140625,-88.77000427246094,0.0
1781051326.3869154,606317,1781051326,397670755,base_link,"['wheel_left_joint', 'wheel_right_joint', 'joint1', 'joint2', 'joint3', 'joint4', 'gripper']",0.010737867094576359,0.016873791813850403,0.07516506314277649,-0.6780195236206055,0.08743690699338913,0.5092816352844238,0.0,0.0,0.0,0.07194247096776962,0.11990412324666977,-0.14388494193553925,-0.0959232971072197,0.0,0.0,0.0,5.380000114440918,-24.21000099182129,-260.92999267578125,-91.45999908447266,0.0
1781051326.441481,606318,1781051326,431670755,base_link,"['wheel_left_joint', 'wheel_right_joint', 'joint1', 'joint2', 'joint3', 'joint4', 'gripper']",0.010737867094576359,0.016873791813850403,0.07669904083013535,-0.6734175682067871,0.08283496648073196,0.5062136650085449,0.0,0.0,0.0,0.07194247096776962,0.11990412324666977,-0.14388494193553925,-0.0959232971072197,0.0,0.0,0.0,0.0,-29.59000015258789,-285.1400146484375,-88.77000427246094,0.0
1781051326.4865825,606319,1781051326,465670755,base_link,"['wheel_left_joint', 'wheel_right_joint', 'joint1', 'joint2', 'joint3', 'joint4', 'gripper']",0.010737867094576359,0.016873791813850403,0.08283496648073196,-0.6611457467079163,0.07363107800483704,0.49854376912117004,0.0,0.0,0.0,0.07194247096776962,0.11990412324666977,-0.11990412324666977,-0.0959232971072197,0.0,0.0,0.0,0.0,-26.900001525878906,-293.2099914550781,-80.70000457763672,0.0
1781051326.5032518,606320,1781051326,506670755,base_link,"['wheel_left_joint', 'wheel_right_joint', 'joint1', 'joint2', 'joint3', 'joint4', 'gripper']",0.010737867094576359,0.016873791813850403,0.08283496648073196,-0.6611457467079163,0.07363107800483704,0.4970097839832306,0.0,0.0,0.0,0.07194247096776962,0.11990412324666977,-0.11990412324666977,-0.0959232971072197,0.0,0.0,0.0,0.0,-64.55999755859375,-285.1400146484375,-80.70000457763672,0.0
1781051326.5505056,606321,1781051326,540670755,base_link,"['wheel_left_joint', 'wheel_right_joint', 'joint1', 'joint2', 'joint3', 'joint4', 'gripper']",0.010737867094576359,0.016873791813850403,0.08590292930603027,-0.6565437912940979,0.06902913749217987,0.4939418137073517,0.0,0.0,0.0,0.07194247096776962,0.11990412324666977,-0.0959232971072197,-0.0959232971072197,0.0,0.0,0.0,0.0,-59.18000030517578,-298.5899963378906,-96.84000396728516,0.0
1781051326.5775805,606322,1781051326,584670755,base_link,"['wheel_left_joint', 'wheel_right_joint', 'joint1', 'joint2', 'joint3', 'joint4', 'gripper']",0.010737867094576359,0.016873791813850403,0.08897088468074799,-0.6504078507423401,0.0644271969795227,0.4893398880958557,0.0,0.0,0.0,0.07194247096776962,0.11990412324666977,-0.0959232971072197,-0.0959232971072197,0.0,0.0,0.0,0.0,-56.4900016784668,-295.8999938964844,-78.01000213623047,0.0
1781051326.6302786,606323,1781051326,618670755,base_link,"['wheel_left_joint', 'wheel_right_joint', 'joint1', 'joint2', 'joint3', 'joint4', 'gripper']",0.010737867094576359,0.016873791813850403,0.0920388475060463,-0.6458059549331665,0.05982525274157524,0.48473793268203735,0.0,0.0,0.0,0.07194247096776962,0.11990412324666977,-0.11990412324666977,-0.0959232971072197,0.0,0.0,0.0,0.0,-51.11000061035156,-295.8999938964844,-86.08000183105469,0.0
1781051326.6710553,606324,1781051326,676670755,base_link,"['wheel_left_joint', 'wheel_right_joint', 'joint1', 'joint2', 'joint3', 'joint4', 'gripper']",0.010737867094576359,0.016873791813850403,0.09664079546928406,-0.6381360292434692,0.05062136799097061,0.4801360070705414,0.0,0.0,0.0,0.07194247096776962,0.11990412324666977,-0.14388494193553925,-0.0959232971072197,0.0,0.0,0.0,8.069999694824219,-26.900001525878906,-260.92999267578125,-75.31999969482422,0.0
1781051326.7228632,606325,1781051326,710670755,base_link,"['wheel_left_joint', 'wheel_right_joint', 'joint1', 'joint2', 'joint3', 'joint4', 'gripper']",0.010737867094576359,0.016873791813850403,0.09817477315664291,-0.6320000886917114,0.04448544234037399,0.475534051656723,0.0,0.0,0.0,0.07194247096776962,0.11990412324666977,-0.14388494193553925,-0.0959232971072197,0.0,0.0,0.0,-2.690000057220459,-34.970001220703125,-282.45001220703125,-80.70000457763672,0.0
1781051326.7654524,606326,1781051326,754041362,base_link,"['wheel_left_joint', 'wheel_right_joint', 'joint1', 'joint2', 'joint3', 'joint4', 'gripper']",0.010737867094576359,0.016873791813850403,0.10431069880723953,-0.6243302226066589,0.03681553900241852,0.46786415576934814,0.0,0.0,0.0,0.07194247096776962,0.11990412324666977,-0.11990412324666977,-0.0959232971072197,0.0,0.0,0.0,5.380000114440918,-45.72999954223633,-279.760009765625,-80.70000457763672,0.0
1781051326.8178558,606327,1781051326,788041362,base_link,"['wheel_left_joint', 'wheel_right_joint', 'joint1', 'joint2', 'joint3', 'joint4', 'gripper']",0.010737867094576359,0.016873791813850403,0.10737866163253784,-0.6197282671928406,0.03221359848976135,0.46479618549346924,0.0,0.0,0.0,0.07194247096776962,0.11990412324666977,-0.11990412324666977,-0.0959232971072197,0.0,0.0,0.0,-8.069999694824219,-26.900001525878906,-282.45001220703125,-75.31999969482422,0.0
1781051326.8604147,606328,1781051326,821041362,base_link,"['wheel_left_joint', 'wheel_right_joint', 'joint1', 'joint2', 'joint3', 'joint4', 'gripper']",0.010737867094576359,0.016873791813850403,0.11351457983255386,-0.6059224009513855,0.02147573232650757,0.45405831933021545,0.0,0.0,0.0,0.07194247096776962,0.14388494193553925,-0.14388494193553925,-0.11990412324666977,0.0,0.0,0.0,5.380000114440918,-48.42000198364258,-320.1100158691406,-88.77000427246094,0.0
1781051326.8813767,606329,1781051326,855041362,base_link,"['wheel_left_joint', 'wheel_right_joint', 'joint1', 'joint2', 'joint3', 'joint4', 'gripper']",0.010737867094576359,0.016873791813850403,0.11351457983255386,-0.6043884754180908,0.019941750913858414,0.45405831933021545,0.0,0.0,0.0,0.07194247096776962,0.16786576807498932,-0.14388494193553925,-0.14388494193553925,0.0,0.0,0.0,8.069999694824219,-51.11000061035156,-303.9700012207031,-91.45999908447266,0.0
1781051326.9343653,606330,1781051326,889041362,base_link,"['wheel_left_joint', 'wheel_right_joint', 'joint1', 'joint2', 'joint3', 'joint4', 'gripper']",0.010737867094576359,0.016873791813850403,0.11811652034521103,-0.5936505794525146,0.00920388475060463,0.4463884234428406,0.0,0.0,0.0,0.11990412324666977,0.23980824649333954,-0.21582742035388947,-0.16786576807498932,0.0,0.0,0.0,0.0,-61.87000274658203,-258.239990234375,-83.38999938964844,0.0
1781051326.9517076,606331,1781051326,935041362,base_link,"['wheel_left_joint', 'wheel_right_joint', 'joint1', 'joint2', 'joint3', 'joint4', 'gripper']",0.010737867094576359,0.016873791813850403,0.1257864236831665,-0.5798447728157043,-0.006135923322290182,0.4356505572795868,0.0,0.0,0.0,0.14388494193553925,0.2877698838710785,-0.31175071001052856,-0.21582742035388947,0.0,0.0,0.0,0.0,-67.25,-244.79000854492188,-88.77000427246094,0.0
1781051327.0038142,606332,1781051326,969041362,base_link,"['wheel_left_joint', 'wheel_right_joint', 'joint1', 'joint2', 'joint3', 'joint4', 'gripper']",0.010737867094576359,0.016873791813850403,0.13192234933376312,-0.5706408619880676,-0.016873789951205254,0.42644667625427246,0.0,0.0,0.0,0.14388494193553925,0.2877698838710785,-0.31175071001052856,-0.21582742035388947,0.0,0.0,0.0,2.690000057220459,-59.18000030517578,-258.239990234375,-83.38999938964844,0.0
1781051327.0290189,606333,1781051327,15041362,base_link,"['wheel_left_joint', 'wheel_right_joint', 'joint1', 'joint2', 'joint3', 'joint4', 'gripper']",0.010737867094576359,0.016873791813850403,0.1395922601222992,-0.5553010702133179,-0.030679617077112198,0.4157088100910187,0.0,0.0,0.0,0.14388494193553925,0.2877698838710785,-0.2877698838710785,-0.21582742035388947,0.0,0.0,0.0,0.0,-59.18000030517578,-242.10000610351562,-80.70000457763672,0.0
1781051327.0874574,606334,1781051327,49041362,base_link,"['wheel_left_joint', 'wheel_right_joint', 'joint1', 'joint2', 'joint3', 'joint4', 'gripper']",0.010737867094576359,0.016873791813850403,0.14419420063495636,-0.5445631742477417,-0.04295146465301514,0.4080389142036438,0.0,0.0,0.0,0.14388494193553925,0.2877698838710785,-0.2877698838710785,-0.23980824649333954,0.0,0.0,0.0,-2.690000057220459,-61.87000274658203,-244.79000854492188,-78.01000213623047,0.0
1781051327.120228,606335,1781051327,110041362,base_link,"['wheel_left_joint', 'wheel_right_joint', 'joint1', 'joint2', 'joint3', 'joint4', 'gripper']",0.010737867094576359,0.016873791813850403,0.1564660519361496,-0.526155412197113,-0.058291271328926086,0.3942330777645111,0.0,0.0,0.0,0.14388494193553925,0.2877698838710785,-0.2877698838710785,-0.23980824649333954,0.0,0.0,0.0,0.0,-53.80000305175781,-260.92999267578125,-86.08000183105469,0.0
1781051327.167431,606336,1781051327,143041362,base_link,"['wheel_left_joint', 'wheel_right_joint', 'joint1', 'joint2', 'joint3', 'joint4', 'gripper']",0.010737867094576359,0.016873791813850403,0.16106799244880676,-0.5169515609741211,-0.06749515980482101,0.3850291967391968,0.0,0.0,0.0,0.14388494193553925,0.2877698838710785,-0.2877698838710785,-0.23980824649333954,0.0,0.0,0.0,5.380000114440918,-67.25,-279.760009765625,-91.45999908447266,0.0
1781051327.21606,606337,1781051327,177041362,base_link,"['wheel_left_joint', 'wheel_right_joint', 'joint1', 'joint2', 'joint3', 'joint4', 'gripper']",0.010737867094576359,0.016873791813850403,0.16566993296146393,-0.5062136650085449,-0.0782330259680748,0.3773592710494995,0.0,0.0,0.0,0.14388494193553925,0.2877698838710785,-0.2877698838710785,-0.23980824649333954,0.0,0.0,0.0,0.0,-83.38999938964844,-263.6199951171875,-78.01000213623047,0.0
1781051327.2370114,606338,1781051327,214041362,base_link,"['wheel_left_joint', 'wheel_right_joint', 'joint1', 'joint2', 'joint3', 'joint4', 'gripper']",0.010737867094576359,0.016873791813850403,0.17180585861206055,-0.49547579884529114,-0.09050486981868744,0.3681553900241852,0.0,0.0,0.0,0.14388494193553925,0.2877698838710785,-0.2877698838710785,-0.23980824649333954,0.0,0.0,0.0,5.380000114440918,-78.01000213623047,-266.30999755859375,-83.38999938964844,0.0
1781051327.2907145,606339,1781051327,248041362,base_link,"['wheel_left_joint', 'wheel_right_joint', 'joint1', 'joint2', 'joint3', 'joint4', 'gripper']",0.010737867094576359,0.016873791813850403,0.17794176936149597,-0.48473793268203735,-0.09970875084400177,0.3604854941368103,0.0,0.0,0.0,0.14388494193553925,0.2877698838710785,-0.2877698838710785,-0.23980824649333954,0.0,0.0,0.0,0.0,-61.87000274658203,-260.92999267578125,-88.77000427246094,0.0
1781051327.3075066,606340,1781051327,293041362,base_link,"['wheel_left_joint', 'wheel_right_joint', 'joint1', 'joint2', 'joint3', 'joint4', 'gripper']",0.010737867094576359,0.016873791813850403,0.1840776950120926,-0.47400006651878357,-0.11198060214519501,0.3497476279735565,0.0,0.0,0.0,0.14388494193553925,0.2637890577316284,-0.2637890577316284,-0.21582742035388947,0.0,0.0,0.0,0.0,-59.18000030517578,-258.239990234375,-72.6300048828125,0.0
1781051327.3611875,606341,1781051327,327041362,base_link,"['wheel_left_joint', 'wheel_right_joint', 'joint1', 'joint2', 'joint3', 'joint4', 'gripper']",0.010737867094576359,0.016873791813850403,0.18867963552474976,-0.4632622003555298,-0.12118448317050934,0.34207773208618164,0.0,0.0,0.0,0.14388494193553925,0.2637890577316284,-0.2637890577316284,-0.21582742035388947,0.0,0.0,0.0,2.690000057220459,-83.38999938964844,-252.86000061035156,-75.31999969482422,0.0
1781051327.3984044,606342,1781051327,378041362,base_link,"['wheel_left_joint', 'wheel_right_joint', 'joint1', 'joint2', 'joint3', 'joint4', 'gripper']",0.010737867094576359,0.016873791813850403,0.19634954631328583,-0.4494563937187195,-0.1365242898464203,0.33133986592292786,0.0,0.0,0.0,0.14388494193553925,0.2877698838710785,-0.2877698838710785,-0.21582742035388947,0.0,0.0,0.0,0.0,-86.08000183105469,-255.5500030517578,-75.31999969482422,0.0
1781051327.4488997,606343,1781051327,412041362,base_link,"['wheel_left_joint', 'wheel_right_joint', 'joint1', 'joint2', 'joint3', 'joint4', 'gripper']",0.010737867094576359,0.016873791813850403,0.20248547196388245,-0.43718454241752625,-0.1457281857728958,0.323669970035553,0.0,0.0,0.0,0.14388494193553925,0.2877698838710785,-0.2637890577316284,-0.21582742035388947,0.0,0.0,0.0,0.0,-72.6300048828125,-266.30999755859375,-75.31999969482422,0.0
1781051327.4701965,606344,1781051327,454041362,base_link,"['wheel_left_joint', 'wheel_right_joint', 'joint1', 'joint2', 'joint3', 'joint4', 'gripper']",0.010737867094576359,0.016873791813850403,0.2070874124765396,-0.42644667625427246,-0.15800002217292786,0.31446605920791626,0.0,0.0,0.0,0.14388494193553925,0.2637890577316284,-0.2637890577316284,-0.21582742035388947,0.0,0.0,0.0,0.0,-78.01000213623047,-255.5500030517578,-88.77000427246094,0.0
1781051327.523667,606345,1781051327,488041362,base_link,"['wheel_left_joint', 'wheel_right_joint', 'joint1', 'joint2', 'joint3', 'joint4', 'gripper']",0.010737867094576359,0.016873791813850403,0.21168935298919678,-0.41724279522895813,-0.16873788833618164,0.3067961633205414,0.0,0.0,0.0,0.14388494193553925,0.2637890577316284,-0.2637890577316284,-0.21582742035388947,0.0,0.0,0.0,0.0,-69.94000244140625,-266.30999755859375,-78.01000213623047,0.0
1781051327.5448294,606346,1781051327,531041362,base_link,"['wheel_left_joint', 'wheel_right_joint', 'joint1', 'joint2', 'joint3', 'joint4', 'gripper']",0.010737867094576359,0.016873791813850403,0.2178252786397934,-0.4049709439277649,-0.18100973963737488,0.2960582971572876,0.0,0.0,0.0,0.11990412324666977,0.2637890577316284,-0.2877698838710785,-0.21582742035388947,0.0,0.0,0.0,5.380000114440918,-69.94000244140625,-247.48001098632812,-69.94000244140625,0.0
1781051327.598752,606347,1781051327,565041362,base_link,"['wheel_left_joint', 'wheel_right_joint', 'joint1', 'joint2', 'joint3', 'joint4', 'gripper']",0.010737867094576359,0.016873791813850403,0.22242721915245056,-0.39576706290245056,-0.1902136206626892,0.2883884012699127,0.0,0.0,0.0,0.11990412324666977,0.2637890577316284,-0.2877698838710785,-0.21582742035388947,0.0,0.0,0.0,0.0,-67.25,-250.1699981689453,-72.6300048828125,0.0
1781051327.6236708,606348,1781051327,609041362,base_link,"['wheel_left_joint', 'wheel_right_joint', 'joint1', 'joint2', 'joint3', 'joint4', 'gripper']",0.010737867094576359,0.016873791813850403,0.22856314480304718,-0.38196122646331787,-0.20248547196388245,0.2791845202445984,0.0,0.0,0.0,0.11990412324666977,0.2637890577316284,-0.2637890577316284,-0.21582742035388947,0.0,0.0,0.0,5.380000114440918,-91.45999908447266,-252.86000061035156,-80.70000457763672,0.0
1781051327.6763263,606349,1781051327,643041362,base_link,"['wheel_left_joint', 'wheel_right_joint', 'joint1', 'joint2', 'joint3', 'joint4', 'gripper']",0.010737867094576359,0.016873791813850403,0.2346990704536438,-0.3712233603000641,-0.21168935298919678,0.2730485796928406,0.0,0.0,0.0,0.11990412324666977,0.2877698838710785,-0.2637890577316284,-0.21582742035388947,0.0,0.0,0.0,10.760000228881836,-99.52999877929688,-266.30999755859375,-88.77000427246094,0.0
1781051327.7135384,606350,1781051327,702041362,base_link,"['wheel_left_joint', 'wheel_right_joint', 'joint1', 'joint2', 'joint3', 'joint4', 'gripper']",0.010737867094576359,0.016873791813850403,0.24236896634101868,-0.3528155982494354,-0.22856314480304718,0.2592427730560303,0.0,0.0,0.0,0.11990412324666977,0.2877698838710785,-0.2637890577316284,-0.1918465942144394,0.0,0.0,0.0,2.690000057220459,-94.1500015258789,-287.83001708984375,-83.38999938964844,0.0
1781051327.7637398,606351,1781051327,735041362,base_link,"['wheel_left_joint', 'wheel_right_joint', 'joint1', 'joint2', 'joint3', 'joint4', 'gripper']",0.010737867094576359,0.016873791813850403,0.25003886222839355,-0.3436117172241211,-0.2377670258283615,0.25310683250427246,0.0,0.0,0.0,0.11990412324666977,0.2877698838710785,-0.2637890577316284,-0.1918465942144394,0.0,0.0,0.0,8.069999694824219,-96.84000396728516,-274.3800048828125,-86.08000183105469,0.0
1781051327.8089273,606352,1781051327,769041362,base_link,"['wheel_left_joint', 'wheel_right_joint', 'joint1', 'joint2', 'joint3', 'joint4', 'gripper']",0.010737867094576359,0.016873791813850403,0.25310683250427246,-0.3344078063964844,-0.2485048919916153,0.24236896634101868,0.0,0.0,0.0,0.14388494193553925,0.2877698838710785,-0.2877698838710785,-0.21582742035388947,0.0,0.0,0.0,8.069999694824219,-96.84000396728516,-271.69000244140625,-72.6300048828125,0.0
1781051327.8314483,606353,1781051327,808041362,base_link,"['wheel_left_joint', 'wheel_right_joint', 'joint1', 'joint2', 'joint3', 'joint4', 'gripper']",0.010737867094576359,0.016873791813850403,0.26077672839164734,-0.3206019997596741,-0.2623107135295868,0.23316508531570435,0.0,0.0,0.0,0.14388494193553925,0.2877698838710785,-0.31175071001052856,-0.23980824649333954,0.0,0.0,0.0,0.0,-99.52999877929688,-258.239990234375,-75.31999969482422,0.0
1781051327.8829632,606354,1781051327,842041362,base_link,"['wheel_left_joint', 'wheel_right_joint', 'joint1', 'joint2', 'joint3', 'joint4', 'gripper']",0.010737867094576359,0.016873791813850403,0.26691266894340515,-0.31139811873435974,-0.2730485796928406,0.22396120429039001,0.0,0.0,0.0,0.14388494193553925,0.2877698838710785,-0.31175071001052856,-0.23980824649333954,0.0,0.0,0.0,0.0,-96.84000396728516,-247.48001098632812,-78.01000213623047,0.0
1781051327.8997588,606355,1781051327,886041362,base_link,"['wheel_left_joint', 'wheel_right_joint', 'joint1', 'joint2', 'joint3', 'joint4', 'gripper']",0.010737867094576359,0.016873791813850403,0.27458256483078003,-0.29759228229522705,-0.28685441613197327,0.21322333812713623,0.0,0.0,0.0,0.14388494193553925,0.2877698838710785,-0.31175071001052856,-0.23980824649333954,0.0,0.0,0.0,0.0,-96.84000396728516,-234.02999877929688,-72.6300048828125,0.0
1781051327.9515126,606356,1781051327,920041362,base_link,"['wheel_left_joint', 'wheel_right_joint', 'joint1', 'joint2', 'joint3', 'joint4', 'gripper']",0.010737867094576359,0.016873791813850403,0.2791845202445984,-0.28685441613197327,-0.2991262674331665,0.2040194571018219,0.0,0.0,0.0,0.16786576807498932,0.31175071001052856,-0.33573153614997864,-0.23980824649333954,0.0,0.0,0.0,0.0,-94.1500015258789,-258.239990234375,-67.25,0.0
1781051327.9884696,606357,1781051327,971041362,base_link,"['wheel_left_joint', 'wheel_right_joint', 'joint1', 'joint2', 'joint3', 'joint4', 'gripper']",0.010737867094576359,0.016873791813850403,0.2883884012699127,-0.2684466540813446,-0.31446605920791626,0.19174760580062866,0.0,0.0,0.0,0.16786576807498932,0.31175071001052856,-0.31175071001052856,-0.23980824649333954,0.0,0.0,0.0,2.690000057220459,-99.52999877929688,-258.239990234375,-67.25,0.0
1781051328.0413797,606358,1781051328,5041362,base_link,"['wheel_left_joint', 'wheel_right_joint', 'joint1', 'joint2', 'joint3', 'joint4', 'gripper']",0.010737867094576359,0.016873791813850403,0.29452431201934814,-0.25617480278015137,-0.3267379105091095,0.1840776950120926,0.0,0.0,0.0,0.16786576807498932,0.31175071001052856,-0.2877698838710785,-0.23980824649333954,0.0,0.0,0.0,8.069999694824219,-102.22000122070312,-252.86000061035156,-78.01000213623047,0.0
1781051328.067618,606359,1781051328,50041362,base_link,"['wheel_left_joint', 'wheel_right_joint', 'joint1', 'joint2', 'joint3', 'joint4', 'gripper']",0.010737867094576359,0.016873791813850403,0.30066025257110596,-0.24236896634101868,-0.3405437469482422,0.1733398288488388,0.0,0.0,0.0,0.14388494193553925,0.31175071001052856,-0.31175071001052856,-0.23980824649333954,0.0,0.0,0.0,10.760000228881836,-107.60000610351562,-247.48001098632812,-72.6300048828125,0.0
1781051328.1231601,606360,1781051328,84041362,base_link,"['wheel_left_joint', 'wheel_right_joint', 'joint1', 'joint2', 'joint3', 'joint4', 'gripper']",0.010737867094576359,0.016873791813850403,0.3067961633205414,-0.2316311001777649,-0.35128161311149597,0.16413594782352448,0.0,0.0,0.0,0.14388494193553925,0.31175071001052856,-0.31175071001052856,-0.23980824649333954,0.0,0.0,0.0,13.450000762939453,-112.9800033569336,-263.6199951171875,-72.6300048828125,0.0
1781051328.1450546,606361,1781051328,126041362,base_link,"['wheel_left_joint', 'wheel_right_joint', 'joint1', 'joint2', 'joint3', 'joint4', 'gripper']",0.010737867094576359,0.016873791813850403,0.31446605920791626,-0.21629129350185394,-0.3635534644126892,0.1533980816602707,0.0,0.0,0.0,0.14388494193553925,0.31175071001052856,-0.2877698838710785,-0.23980824649333954,0.0,0.0,0.0,13.450000762939453,-104.91000366210938,-279.760009765625,-75.31999969482422,0.0
1781051328.1978066,606362,1781051328,160041362,base_link,"['wheel_left_joint', 'wheel_right_joint', 'joint1', 'joint2', 'joint3', 'joint4', 'gripper']",0.010737867094576359,0.016873791813850403,0.3190680146217346,-0.20555342733860016,-0.37582531571388245,0.14419420063495636,0.0,0.0,0.0,0.14388494193553925,0.31175071001052856,-0.2877698838710785,-0.23980824649333954,0.0,0.0,0.0,2.690000057220459,-118.36000061035156,-274.3800048828125,-67.25,0.0
1781051328.2196567,606363,1781051328,206041362,base_link,"['wheel_left_joint', 'wheel_right_joint', 'joint1', 'joint2', 'joint3', 'joint4', 'gripper']",0.010737867094576359,0.016873791813850403,0.3267379105091095,-0.1902136206626892,-0.38963112235069275,0.13345633447170258,0.0,0.0,0.0,0.14388494193553925,0.31175071001052856,-0.31175071001052856,-0.23980824649333954,0.0,0.0,0.0,16.139999389648438,-107.60000610351562,-266.30999755859375,-75.31999969482422,0.0
1781051328.2734027,606364,1781051328,240041362,base_link,"['wheel_left_joint', 'wheel_right_joint', 'joint1', 'joint2', 'joint3', 'joint4', 'gripper']",0.010737867094576359,0.016873791813850403,0.3328738510608673,-0.18100973963737488,-0.3988350033760071,0.12425244599580765,0.0,0.0,0.0,0.16786576807498932,0.31175071001052856,-0.2877698838710785,-0.23980824649333954,0.0,0.0,0.0,2.690000057220459,-115.67000579833984,-290.52001953125,-67.25,0.0
1781051328.3003254,606365,1781051328,283041362,base_link,"['wheel_left_joint', 'wheel_right_joint', 'joint1', 'joint2', 'joint3', 'joint4', 'gripper']",0.010737867094576359,0.016873791813850403,0.3405437469482422,-0.1672039031982422,-0.4141748249530792,0.11504856497049332,0.0,0.0,0.0,0.16786576807498932,0.31175071001052856,-0.2877698838710785,-0.23980824649333954,0.0,0.0,0.0,0.0,-121.05000305175781,-244.79000854492188,-75.31999969482422,0.0
1781051328.3482502,606366,1781051328,316041362,base_link,"['wheel_left_joint', 'wheel_right_joint', 'joint1', 'joint2', 'joint3', 'joint4', 'gripper']",0.010737867094576359,0.016873791813850403,0.3466796576976776,-0.15800002217292786,-0.424912691116333,0.10737866163253784,0.0,0.0,0.0,0.16786576807498932,0.31175071001052856,-0.31175071001052856,-0.23980824649333954,0.0,0.0,0.0,0.0,-137.19000244140625,-258.239990234375,-80.70000457763672,0.0
1781051328.3738256,606367,1781051328,358041362,base_link,"['wheel_left_joint', 'wheel_right_joint', 'joint1', 'joint2', 'joint3', 'joint4', 'gripper']",0.010737867094576359,0.016873791813850403,0.3528155982494354,-0.1457281857728958,-0.43718454241752625,0.0951068103313446,0.0,0.0,0.0,0.14388494193553925,0.2877698838710785,-0.31175071001052856,-0.23980824649333954,0.0,0.0,0.0,2.690000057220459,-110.29000091552734,-255.5500030517578,-75.31999969482422,0.0
1781051328.426547,606368,1781051328,392041362,base_link,"['wheel_left_joint', 'wheel_right_joint', 'joint1', 'joint2', 'joint3', 'joint4', 'gripper']",0.010737867094576359,0.016873791813850403,0.35895150899887085,-0.1365242898464203,-0.4463884234428406,0.08743690699338913,0.0,0.0,0.0,0.14388494193553925,0.2637890577316284,-0.31175071001052856,-0.23980824649333954,0.0,0.0,0.0,5.380000114440918,-104.91000366210938,-242.10000610351562,-72.6300048828125,0.0
1781051328.4479325,606369,1781051328,435041362,base_link,"['wheel_left_joint', 'wheel_right_joint', 'joint1', 'joint2', 'joint3', 'joint4', 'gripper']",0.010737867094576359,0.016873791813850403,0.36508744955062866,-0.12271846830844879,-0.46019425988197327,0.07669904083013535,0.0,0.0,0.0,0.14388494193553925,0.2877698838710785,-0.31175071001052856,-0.23980824649333954,0.0,0.0,0.0,8.069999694824219,-131.80999755859375,-234.02999877929688,-56.4900016784668,0.0
1781051328.5009856,606370,1781051328,469041362,base_link,"['wheel_left_joint', 'wheel_right_joint', 'joint1', 'joint2', 'joint3', 'joint4', 'gripper']",0.010737867094576359,0.016873791813850403,0.3712233603000641,-0.11198060214519501,-0.47093212604522705,0.06902913749217987,0.0,0.0,0.0,0.14388494193553925,0.31175071001052856,-0.31175071001052856,-0.23980824649333954,0.0,0.0,0.0,8.069999694824219,-118.36000061035156,-260.92999267578125,-67.25,0.0
1781051328.5274155,606371,1781051328,512041362,base_link,"['wheel_left_joint', 'wheel_right_joint', 'joint1', 'joint2', 'joint3', 'joint4', 'gripper']",0.010737867094576359,0.016873791813850403,0.3773592710494995,-0.09817477315664291,-0.4832039475440979,0.058291271328926086,0.0,0.0,0.0,0.14388494193553925,0.31175071001052856,-0.2877698838710785,-0.21582742035388947,0.0,0.0,0.0,16.139999389648438,-126.43000030517578,-263.6199951171875,-64.55999755859375,0.0
1781051328.5822117,606372,1781051328,546041362,base_link,"['wheel_left_joint', 'wheel_right_joint', 'joint1', 'joint2', 'joint3', 'joint4', 'gripper']",0.010737867094576359,0.016873791813850403,0.38196122646331787,-0.08743690699338913,-0.4939418137073517,0.05062136799097061,0.0,0.0,0.0,0.14388494193553925,0.31175071001052856,-0.2877698838710785,-0.21582742035388947,0.0,0.0,0.0,13.450000762939453,-147.9499969482422,-252.86000061035156,-64.55999755859375,0.0
1781051328.6019866,606373,1781051328,584041362,base_link,"['wheel_left_joint', 'wheel_right_joint', 'joint1', 'joint2', 'joint3', 'joint4', 'gripper']",0.010737867094576359,0.016873791813850403,0.3880971372127533,-0.07516506314277649,-0.5046796798706055,0.04141748324036598,0.0,0.0,0.0,0.14388494193553925,0.31175071001052856,-0.2877698838710785,-0.21582742035388947,0.0,0.0,0.0,2.690000057220459,-147.9499969482422,-279.760009765625,-61.87000274658203,0.0
1781051328.6505582,606374,1781051328,617041362,base_link,"['wheel_left_joint', 'wheel_right_joint', 'joint1', 'joint2', 'joint3', 'joint4', 'gripper']",0.010737867094576359,0.016873791813850403,0.3942330777645111,-0.0644271969795227,-0.5138835906982422,0.03374757990241051,0.0,0.0,0.0,0.14388494193553925,0.31175071001052856,-0.2877698838710785,-0.21582742035388947,0.0,0.0,0.0,13.450000762939453,-145.260009765625,-271.69000244140625,-69.94000244140625,0.0
1781051328.6777651,606375,1781051328,663041362,base_link,"['wheel_left_joint', 'wheel_right_joint', 'joint1', 'joint2', 'joint3', 'joint4', 'gripper']",0.010737867094576359,0.016873791813850403,0.40036898851394653,-0.05062136799097061,-0.5292233824729919,0.02147573232650757,0.0,0.0,0.0,0.14388494193553925,0.2877698838710785,-0.2877698838710785,-0.23980824649333954,0.0,0.0,0.0,10.760000228881836,-131.80999755859375,-258.239990234375,-67.25,0.0
1781051328.7302306,606376,1781051328,697041362,base_link,"['wheel_left_joint', 'wheel_right_joint', 'joint1', 'joint2', 'joint3', 'joint4', 'gripper']",0.010737867094576359,0.016873791813850403,0.4049709439277649,-0.03834952041506767,-0.5414952039718628,0.012271846644580364,0.0,0.0,0.0,0.14388494193553925,0.2877698838710785,-0.31175071001052856,-0.23980824649333954,0.0,0.0,0.0,10.760000228881836,-142.57000732421875,-244.79000854492188,-67.25,0.0
1781051328.7683089,606377,1781051328,750041362,base_link,"['wheel_left_joint', 'wheel_right_joint', 'joint1', 'joint2', 'joint3', 'joint4', 'gripper']",0.010737867094576359,0.016873791813850403,0.4141748249530792,-0.023009711876511574,-0.5583690404891968,0.0015339808305725455,0.0,0.0,0.0,0.14388494193553925,0.31175071001052856,-0.31175071001052856,-0.23980824649333954,0.0,0.0,0.0,24.21000099182129,-126.43000030517578,-255.5500030517578,-67.25,0.0
1781051328.8205326,606378,1781051328,784041362,base_link,"['wheel_left_joint', 'wheel_right_joint', 'joint1', 'joint2', 'joint3', 'joint4', 'gripper']",0.010737867094576359,0.016873791813850403,0.4218447208404541,-0.012271846644580364,-0.5691068768501282,-0.0076699042692780495,0.0,0.0,0.0,0.14388494193553925,0.2877698838710785,-0.31175071001052856,-0.23980824649333954,0.0,0.0,0.0,5.380000114440918,-139.8800048828125,-247.48001098632812,-59.18000030517578,0.0
1781051328.8422682,606379,1781051328,828041362,base_link,"['wheel_left_joint', 'wheel_right_joint', 'joint1', 'joint2', 'joint3', 'joint4', 'gripper']",0.010737867094576359,0.016873791813850403,0.42951464653015137,0.0015339808305725455,-0.5829127430915833,-0.01840776950120926,0.0,0.0,0.0,0.14388494193553925,0.2877698838710785,-0.2877698838710785,-0.23980824649333954,0.0,0.0,0.0,2.690000057220459,-156.02000427246094,-231.3400115966797,-72.6300048828125,0.0
1781051328.8952777,606380,1781051328,862041362,base_link,"['wheel_left_joint', 'wheel_right_joint', 'joint1', 'joint2', 'joint3', 'joint4', 'gripper']",0.010737867094576359,0.016873791813850403,0.4356505572795868,0.012271846644580364,-0.5936505794525146,-0.02761165425181389,0.0,0.0,0.0,0.14388494193553925,0.31175071001052856,-0.31175071001052856,-0.23980824649333954,0.0,0.0,0.0,10.760000228881836,-145.260009765625,-242.10000610351562,-64.55999755859375,0.0
1781051328.9236686,606381,1781051328,908041362,base_link,"['wheel_left_joint', 'wheel_right_joint', 'joint1', 'joint2', 'joint3', 'joint4', 'gripper']",0.010737867094576359,0.016873791813850403,0.44332045316696167,0.026077674701809883,-0.607456386089325,-0.03834952041506767,0.0,0.0,0.0,0.14388494193553925,0.31175071001052856,-0.31175071001052856,-0.23980824649333954,0.0,0.0,0.0,8.069999694824219,-134.5,-252.86000061035156,-53.80000305175781,0.0
1781051328.968769,606382,1781051328,941041362,base_link,"['wheel_left_joint', 'wheel_right_joint', 'joint1', 'joint2', 'joint3', 'joint4', 'gripper']",0.010737867094576359,0.016873791813850403,0.44792240858078003,0.03681553900241852,-0.6166602969169617,-0.04601942375302315,0.0,0.0,0.0,0.14388494193553925,0.2877698838710785,-0.2877698838710785,-0.23980824649333954,0.0,0.0,0.0,18.829999923706055,-147.9499969482422,-239.41000366210938,-64.55999755859375,0.0
1781051329.0174077,606383,1781051328,975041362,base_link,"['wheel_left_joint', 'wheel_right_joint', 'joint1', 'joint2', 'joint3', 'joint4', 'gripper']",0.010737867094576359,0.016873791813850403,0.45712628960609436,0.05675728991627693,-0.6366020441055298,-0.05982525274157524,0.0,0.0,0.0,0.14388494193553925,0.2877698838710785,-0.2877698838710785,-0.23980824649333954,0.0,0.0,0.0,13.450000762939453,-150.63999938964844,-255.5500030517578,-64.55999755859375,0.0
1781051329.038517,606384,1781051329,11041362,base_link,"['wheel_left_joint', 'wheel_right_joint', 'joint1', 'joint2', 'joint3', 'joint4', 'gripper']",0.010737867094576359,0.016873791813850403,0.4586602747440338,0.058291271328926086,-0.6381360292434692,-0.06289321184158325,0.0,0.0,0.0,0.14388494193553925,0.2877698838710785,-0.2877698838710785,-0.23980824649333954,0.0,0.0,0.0,18.829999923706055,-153.3300018310547,-277.07000732421875,-53.80000305175781,0.0
1781051329.0866563,606385,1781051329,45041362,base_link,"['wheel_left_joint', 'wheel_right_joint', 'joint1', 'joint2', 'joint3', 'joint4', 'gripper']",0.010737867094576359,0.016873791813850403,0.4632622003555298,0.06749515980482101,-0.6458059549331665,-0.06902913749217987,0.0,0.0,0.0,0.14388494193553925,0.2877698838710785,-0.2877698838710785,-0.21582742035388947,0.0,0.0,0.0,13.450000762939453,-153.3300018310547,-269.0,-64.55999755859375,0.0
1781051329.10757,606386,1781051329,89041362,base_link,"['wheel_left_joint', 'wheel_right_joint', 'joint1', 'joint2', 'joint3', 'joint4', 'gripper']",0.010737867094576359,0.016873791813850403,0.47093212604522705,0.08130098134279251,-0.6596117615699768,-0.07976700365543365,0.0,0.0,0.0,0.11990412324666977,0.2877698838710785,-0.2637890577316284,-0.21582742035388947,0.0,0.0,0.0,21.520000457763672,-156.02000427246094,-242.10000610351562,-59.18000030517578,0.0
1781051329.1635683,606387,1781051329,123041362,base_link,"['wheel_left_joint', 'wheel_right_joint', 'joint1', 'joint2', 'joint3', 'joint4', 'gripper']",0.010737867094576359,0.016873791813850403,0.4770680367946625,0.0920388475060463,-0.6703495979309082,-0.08743690699338913,0.0,0.0,0.0,0.11990412324666977,0.2877698838710785,-0.2877698838710785,-0.21582742035388947,0.0,0.0,0.0,18.829999923706055,-174.85000610351562,-239.41000366210938,-53.80000305175781,0.0
1781051329.1867266,606388,1781051329,171041362,base_link,"['wheel_left_joint', 'wheel_right_joint', 'joint1', 'joint2', 'joint3', 'joint4', 'gripper']",0.010737867094576359,0.016873791813850403,0.4832039475440979,0.10584467649459839,-0.6841554641723633,-0.09817477315664291,0.0,0.0,0.0,0.14388494193553925,0.31175071001052856,-0.2877698838710785,-0.21582742035388947,0.0,0.0,0.0,16.139999389648438,-153.3300018310547,-247.48001098632812,-56.4900016784668,0.0
1781051329.239146,606389,1781051329,206222116,base_link,"['wheel_left_joint', 'wheel_right_joint', 'joint1', 'joint2', 'joint3', 'joint4', 'gripper']",0.010737867094576359,0.016873791813850403,0.48780590295791626,0.11658254265785217,-0.6948933005332947,-0.10584467649459839,0.0,0.0,0.0,0.14388494193553925,0.2877698838710785,-0.2877698838710785,-0.21582742035388947,0.0,0.0,0.0,29.59000015258789,-153.3300018310547,-260.92999267578125,-61.87000274658203,0.0
1781051329.2655842,606390,1781051329,252222116,base_link,"['wheel_left_joint', 'wheel_right_joint', 'joint1', 'joint2', 'joint3', 'joint4', 'gripper']",0.010737867094576359,0.016873791813850403,0.4924078583717346,0.1257864236831665,-0.7056311964988708,-0.11351457983255386,0.0,0.0,0.0,0.11990412324666977,0.23980824649333954,-0.2637890577316284,-0.1918465942144394,0.0,0.0,0.0,0.0,-180.23001098632812,-228.65000915527344,-53.80000305175781,0.0
1781051329.318419,606391,1781051329,286222116,base_link,"['wheel_left_joint', 'wheel_right_joint', 'joint1', 'joint2', 'joint3', 'joint4', 'gripper']",0.010737867094576359,0.016873791813850403,0.4939418137073517,0.1257864236831665,-0.7071651816368103,-0.11504856497049332,0.0,0.0,0.0,0.07194247096776962,0.14388494193553925,-0.1918465942144394,-0.14388494193553925,0.0,0.0,0.0,2.690000057220459,-142.57000732421875,-266.30999755859375,-59.18000030517578,0.0
1781051329.3397632,606392,1781051329,327222116,base_link,"['wheel_left_joint', 'wheel_right_joint', 'joint1', 'joint2', 'joint3', 'joint4', 'gripper']",0.010737867094576359,0.016873791813850403,0.4939418137073517,0.1257864236831665,-0.7071651816368103,-0.11504856497049332,0.0,0.0,0.0,0.0,0.023980824276804924,-0.04796164855360985,-0.04796164855360985,0.0,0.0,0.0,2.690000057220459,-158.7100067138672,-260.92999267578125,-24.21000099182129,0.0
1781051329.3921845,606393,1781051329,361222116,base_link,"['wheel_left_joint', 'wheel_right_joint', 'joint1', 'joint2', 'joint3', 'joint4', 'gripper']",0.010737867094576359,0.016873791813850403,0.4924078583717346,0.1257864236831665,-0.7071651816368103,-0.11658254265785217,0.0,0.0,0.0,0.0,0.0,0.0,0.0,0.0,0.0,0.0,0.0,-158.7100067138672,-244.79000854492188,-37.65999984741211,0.0
1781051329.4189367,606394,1781051329,405222116,base_link,"['wheel_left_joint', 'wheel_right_joint', 'joint1', 'joint2', 'joint3', 'joint4', 'gripper']",0.010737867094576359,0.016873791813850403,0.4939418137073517,0.1257864236831665,-0.7071651816368103,-0.11504856497049332,0.0,0.0,0.0,0.0,0.0,0.0,0.0,0.0,0.0,0.0,0.0,-177.54000854492188,-228.65000915527344,-32.279998779296875,0.0
1781051329.4720016,606395,1781051329,439222116,base_link,"['wheel_left_joint', 'wheel_right_joint', 'joint1', 'joint2', 'joint3', 'joint4', 'gripper']",0.010737867094576359,0.016873791813850403,0.4939418137073517,0.1257864236831665,-0.7071651816368103,-0.11504856497049332,0.0,0.0,0.0,0.0,0.0,0.0,0.0,0.0,0.0,0.0,0.0,-188.3000030517578,-220.5800018310547,-8.069999694824219,0.0
1781051329.4926665,606396,1781051329,480222116,base_link,"['wheel_left_joint', 'wheel_right_joint', 'joint1', 'joint2', 'joint3', 'joint4', 'gripper']",0.010737867094576359,0.016873791813850403,0.4939418137073517,0.1257864236831665,-0.7071651816368103,-0.11504856497049332,0.0,0.0,0.0,0.0,0.0,0.0,0.0,0.0,0.0,0.0,0.0,-193.6800079345703,-215.20001220703125,-18.829999923706055,0.0
1781051329.5456347,606397,1781051329,514222116,base_link,"['wheel_left_joint', 'wheel_right_joint', 'joint1', 'joint2', 'joint3', 'joint4', 'gripper']",0.010737867094576359,0.016873791813850403,0.4939418137073517,0.1257864236831665,-0.7071651816368103,-0.11504856497049332,0.0,0.0,0.0,0.0,0.0,0.0,0.0,0.0,0.0,0.0,0.0,-215.20001220703125,-196.37001037597656,-5.380000114440918,0.0
1781051329.5731087,606398,1781051329,560222116,base_link,"['wheel_left_joint', 'wheel_right_joint', 'joint1', 'joint2', 'joint3', 'joint4', 'gripper']",0.010737867094576359,0.016873791813850403,0.4924078583717346,0.1257864236831665,-0.7071651816368103,-0.11504856497049332,0.0,0.0,0.0,0.0,0.0,0.0,0.0,0.0,0.0,0.0,-2.690000057220459,-223.27000427246094,-185.61000061035156,-8.069999694824219,0.0
1781051329.6246414,606399,1781051329,594222116,base_link,"['wheel_left_joint', 'wheel_right_joint', 'joint1', 'joint2', 'joint3', 'joint4', 'gripper']",0.010737867094576359,0.016873791813850403,0.4924078583717346,0.1257864236831665,-0.7071651816368103,-0.11351457983255386,0.0,0.0,0.0,0.0,0.0,0.0,0.0,0.0,0.0,0.0,-2.690000057220459,-228.65000915527344,-166.77999877929688,-2.690000057220459,0.0
1781051329.662851,606400,1781051329,645222116,base_link,"['wheel_left_joint', 'wheel_right_joint', 'joint1', 'joint2', 'joint3', 'joint4', 'gripper']",0.010737867094576359,0.016873791813850403,0.4924078583717346,0.1257864236831665,-0.7071651816368103,-0.11351457983255386,0.0,0.0,0.0,0.0,0.0,0.0,0.0,0.0,0.0,0.0,5.380000114440918,-250.1699981689453,-150.63999938964844,-10.760000228881836,0.0
1781051329.7154677,606401,1781051329,679222116,base_link,"['wheel_left_joint', 'wheel_right_joint', 'joint1', 'joint2', 'joint3', 'joint4', 'gripper']",0.010737867094576359,0.016873791813850403,0.4924078583717346,0.1257864236831665,-0.7071651816368103,-0.11198060214519501,0.0,0.0,0.0,0.0,0.0,0.0,0.0,0.0,0.0,0.0,2.690000057220459,-250.1699981689453,-150.63999938964844,-8.069999694824219,0.0
1781051329.7360804,606402,1781051329,724222116,base_link,"['wheel_left_joint', 'wheel_right_joint', 'joint1', 'joint2', 'joint3', 'joint4', 'gripper']",0.010737867094576359,0.016873791813850403,0.4924078583717346,0.1257864236831665,-0.7071651816368103,-0.11198060214519501,0.0,0.0,0.0,0.0,0.0,0.0,0.0,0.0,0.0,0.0,0.0,-263.6199951171875,-137.19000244140625,-2.690000057220459,0.0
1781051329.7892313,606403,1781051329,758222116,base_link,"['wheel_left_joint', 'wheel_right_joint', 'joint1', 'joint2', 'joint3', 'joint4', 'gripper']",0.010737867094576359,0.016873791813850403,0.4924078583717346,0.1257864236831665,-0.7071651816368103,-0.11044661700725555,0.0,0.0,0.0,0.0,0.0,0.0,0.0,0.0,0.0,0.0,2.690000057220459,-277.07000732421875,-110.29000091552734,-2.690000057220459,0.0
1781051329.815813,606404,1781051329,803222116,base_link,"['wheel_left_joint', 'wheel_right_joint', 'joint1', 'joint2', 'joint3', 'joint4', 'gripper']",0.010737867094576359,0.016873791813850403,0.4924078583717346,0.1257864236831665,-0.7071651816368103,-0.1089126393198967,0.0,0.0,0.0,0.0,0.0,0.0,0.0,0.0,0.0,0.0,0.0,-282.45001220703125,-99.52999877929688,-13.450000762939453,0.0
1781051329.8687098,606405,1781051329,837222116,base_link,"['wheel_left_joint', 'wheel_right_joint', 'joint1', 'joint2', 'joint3', 'joint4', 'gripper']",0.010737867094576359,0.016873791813850403,0.4924078583717346,0.1257864236831665,-0.7071651816368103,-0.1089126393198967,0.0,0.0,0.0,0.0,0.0,0.0,0.0,0.0,0.0,0.0,-2.690000057220459,-298.5899963378906,-99.52999877929688,-2.690000057220459,0.0
1781051329.9104507,606406,1781051329,896222116,base_link,"['wheel_left_joint', 'wheel_right_joint', 'joint1', 'joint2', 'joint3', 'joint4', 'gripper']",0.010737867094576359,0.016873791813850403,0.49087387323379517,0.1257864236831665,-0.7071651816368103,-0.1089126393198967,0.0,0.0,0.0,0.0,0.0,0.0,0.0,0.0,0.0,0.0,0.0,-317.4200134277344,-96.84000396728516,-10.760000228881836,0.0
1781051329.963091,606407,1781051329,930222116,base_link,"['wheel_left_joint', 'wheel_right_joint', 'joint1', 'joint2', 'joint3', 'joint4', 'gripper']",0.010737867094576359,0.016873791813850403,0.4893398880958557,0.1257864236831665,-0.7056311964988708,-0.10737866163253784,0.0,0.0,0.0,0.0,0.0,0.0,0.0,0.0,0.0,0.0,-5.380000114440918,-320.1100158691406,-67.25,-2.690000057220459,0.0
1781051329.9846816,606408,1781051329,973222116,base_link,"['wheel_left_joint', 'wheel_right_joint', 'joint1', 'joint2', 'joint3', 'joint4', 'gripper']",0.010737867094576359,0.016873791813850403,0.4893398880958557,0.1257864236831665,-0.7040972113609314,-0.10737866163253784,0.0,0.0,0.0,0.0,0.0,0.0,0.0,0.0,0.0,0.0,-5.380000114440918,-336.25,-88.77000427246094,-13.450000762939453,0.0
1781051330.0373514,606409,1781051330,7222116,base_link,"['wheel_left_joint', 'wheel_right_joint', 'joint1', 'joint2', 'joint3', 'joint4', 'gripper']",0.010737867094576359,0.016873791813850403,0.4893398880958557,0.1257864236831665,-0.7025632262229919,-0.10737866163253784,0.0,0.0,0.0,0.0,0.0,0.023980824276804924,0.0,0.0,0.0,0.0,-13.450000762939453,-338.94000244140625,-64.55999755859375,0.0,0.0
1781051330.0641706,606410,1781051330,52222116,base_link,"['wheel_left_joint', 'wheel_right_joint', 'joint1', 'joint2', 'joint3', 'joint4', 'gripper']",0.009203885681927204,0.016873791813850403,0.48780590295791626,0.1257864236831665,-0.7025632262229919,-0.10584467649459839,0.0,-0.03408846631646156,0.0,0.0,0.0,0.023980824276804924,0.0,0.0,0.0,0.0,-2.690000057220459,-349.70001220703125,-91.45999908447266,-5.380000114440918,0.0
1781051330.1192415,606411,1781051330,86222116,base_link,"['wheel_left_joint', 'wheel_right_joint', 'joint1', 'joint2', 'joint3', 'joint4', 'gripper']",0.010737867094576359,0.016873791813850403,0.48780590295791626,0.1257864236831665,-0.7010292410850525,-0.10584467649459839,0.0,0.04511708766222,0.0,0.0,0.0,0.023980824276804924,0.0,0.0,0.0,0.0,-2.690000057220459,-363.1499938964844,-72.6300048828125,-2.690000057220459,0.0
1781051330.1565726,606412,1781051330,143222116,base_link,"['wheel_left_joint', 'wheel_right_joint', 'joint1', 'joint2', 'joint3', 'joint4', 'gripper']",0.010737867094576359,0.016873791813850403,0.4862719178199768,0.1257864236831665,-0.699495255947113,-0.10431069880723953,0.0,0.0,0.0,0.0,0.0,0.023980824276804924,0.0,0.0,0.0,0.0,0.0,-381.9800109863281,-80.70000457763672,-16.139999389648438,0.0
1781051330.2089767,606413,1781051330,177222116,base_link,"['wheel_left_joint', 'wheel_right_joint', 'joint1', 'joint2', 'joint3', 'joint4', 'gripper']",0.010737867094576359,0.016873791813850403,0.4862719178199768,0.1257864236831665,-0.699495255947113,-0.10431069880723953,2.3009712094790302e-05,0.0,0.0,0.0,0.0,0.0,0.0,0.0,0.0,0.0,-5.380000114440918,-384.6700134277344,-72.6300048828125,-5.380000114440918,0.0
1781051330.235738,606414,1781051330,224222116,base_link,"['wheel_left_joint', 'wheel_right_joint', 'joint1', 'joint2', 'joint3', 'joint4', 'gripper']",0.010737867094576359,0.016873791813850403,0.4862719178199768,0.12425244599580765,-0.6964272856712341,-0.10124273598194122,0.0,0.0,0.0,0.0,0.0,0.023980824276804924,0.0,0.0,0.0,0.0,-2.690000057220459,-347.010009765625,-83.38999938964844,-10.760000228881836,0.0
1781051330.289368,606415,1781051330,258222116,base_link,"['wheel_left_joint', 'wheel_right_joint', 'joint1', 'joint2', 'joint3', 'joint4', 'gripper']",0.010737867094576359,0.016873791813850403,0.4862719178199768,0.12425244599580765,-0.6964272856712341,-0.10124273598194122,0.0,0.0,0.0,0.0,0.0,0.023980824276804924,0.0,0.0,0.0,0.0,-2.690000057220459,-387.3600158691406,-78.01000213623047,-13.450000762939453,0.0
1781051330.3111255,606416,1781051330,298222116,base_link,"['wheel_left_joint', 'wheel_right_joint', 'joint1', 'joint2', 'joint3', 'joint4', 'gripper']",0.010737867094576359,0.016873791813850403,0.48473793268203735,0.12425244599580765,-0.6948933005332947,-0.10124273598194122,0.0,0.0,0.0,0.0,0.0,0.023980824276804924,0.0,0.0,0.0,0.0,-5.380000114440918,-398.1199951171875,-72.6300048828125,-10.760000228881836,0.0
1781051330.3641922,606417,1781051330,332222116,base_link,"['wheel_left_joint', 'wheel_right_joint', 'joint1', 'joint2', 'joint3', 'joint4', 'gripper']",0.010737867094576359,0.016873791813850403,0.48473793268203735,0.12425244599580765,-0.6933593153953552,-0.09970875084400177,0.0,0.0,0.0,0.0,0.0,0.023980824276804924,0.0,0.0,0.0,0.0,-8.069999694824219,-414.260009765625,-72.6300048828125,-8.069999694824219,0.0
1781051330.3914962,606418,1781051330,379222116,base_link,"['wheel_left_joint', 'wheel_right_joint', 'joint1', 'joint2', 'joint3', 'joint4', 'gripper']",0.010737867094576359,0.016873791813850403,0.48473793268203735,0.12425244599580765,-0.6933593153953552,-0.09970875084400177,0.0,0.0,0.0,0.0,0.0,0.023980824276804924,0.0,0.0,0.0,0.0,-5.380000114440918,-414.260009765625,-67.25,-13.450000762939453,0.0
1781051330.4445465,606419,1781051330,413222116,base_link,"['wheel_left_joint', 'wheel_right_joint', 'joint1', 'joint2', 'joint3', 'joint4', 'gripper']",0.010737867094576359,0.016873791813850403,0.48473793268203735,0.12425244599580765,-0.6933593153953552,-0.09817477315664291,0.0,0.0,0.0,0.0,0.0,0.0,0.0,0.0,0.0,0.0,-5.380000114440918,-430.4000244140625,-37.65999984741211,-13.450000762939453,0.0
1781051330.481227,606420,1781051330,471222116,base_link,"['wheel_left_joint', 'wheel_right_joint', 'joint1', 'joint2', 'joint3', 'joint4', 'gripper']",0.010737867094576359,0.016873791813850403,0.4832039475440979,0.12425244599580765,-0.6902913451194763,-0.09817477315664291,0.0,0.0,0.0,0.0,0.0,0.023980824276804924,0.0,0.0,0.0,0.0,-8.069999694824219,-400.80999755859375,-99.52999877929688,-8.069999694824219,0.0
1781051330.5350003,606421,1781051330,505222116,base_link,"['wheel_left_joint', 'wheel_right_joint', 'joint1', 'joint2', 'joint3', 'joint4', 'gripper']",0.010737867094576359,0.016873791813850403,0.4832039475440979,0.12271846830844879,-0.6887574195861816,-0.09664079546928406,0.0,0.0,0.0,0.0,0.0,0.023980824276804924,0.0,0.0,0.0,0.0,-5.380000114440918,-425.02001953125,-83.38999938964844,-10.760000228881836,0.0
1781051330.5806265,606422,1781051330,566222116,base_link,"['wheel_left_joint', 'wheel_right_joint', 'joint1', 'joint2', 'joint3', 'joint4', 'gripper']",0.010737867094576359,0.016873791813850403,0.48166999220848083,0.12118448317050934,-0.6872234344482422,-0.0951068103313446,0.0,0.0,0.0,0.0,0.0,0.023980824276804924,0.0,0.0,0.0,0.0,-5.380000114440918,-441.1600036621094,-94.1500015258789,-8.069999694824219,0.0
1781051330.6333246,606423,1781051330,600222116,base_link,"['wheel_left_joint', 'wheel_right_joint', 'joint1', 'joint2', 'joint3', 'joint4', 'gripper']",0.010737867094576359,0.016873791813850403,0.48166999220848083,0.12118448317050934,-0.6856894493103027,-0.0951068103313446,0.0,0.0,0.0,0.0,0.0,0.023980824276804924,0.0,0.0,0.0,0.0,0.0,-451.9200134277344,-88.77000427246094,-8.069999694824219,0.0
1781051330.6596806,606424,1781051330,647222116,base_link,"['wheel_left_joint', 'wheel_right_joint', 'joint1', 'joint2', 'joint3', 'joint4', 'gripper']",0.010737867094576359,0.016873791813850403,0.48166999220848083,0.12118448317050934,-0.6841554641723633,-0.0951068103313446,0.0,0.0,0.0,0.0,0.0,0.023980824276804924,0.0,0.0,0.0,0.0,-13.450000762939453,-459.9900207519531,-61.87000274658203,-8.069999694824219,0.0
1781051330.7119856,606425,1781051330,681222116,base_link,"['wheel_left_joint', 'wheel_right_joint', 'joint1', 'joint2', 'joint3', 'joint4', 'gripper']",0.010737867094576359,0.016873791813850403,0.4801360070705414,0.12118448317050934,-0.6841554641723633,-0.09357283264398575,0.0,0.0,0.0,0.0,0.0,0.0,0.0,0.0,0.0,0.0,-8.069999694824219,-465.3699951171875,-64.55999755859375,-16.139999389648438,0.0
1781051330.7496781,606426,1781051330,732222116,base_link,"['wheel_left_joint', 'wheel_right_joint', 'joint1', 'joint2', 'joint3', 'joint4', 'gripper']",0.010737867094576359,0.016873791813850403,0.4801360070705414,0.12118448317050934,-0.6841554641723633,-0.09357283264398575,0.0,0.0,0.0,0.0,0.0,0.0,0.0,0.0,0.0,0.0,-5.380000114440918,-446.5400085449219,-53.80000305175781,-8.069999694824219,0.0
1781051330.8014386,606427,1781051330,766222116,base_link,"['wheel_left_joint', 'wheel_right_joint', 'joint1', 'joint2', 'joint3', 'joint4', 'gripper']",0.010737867094576359,0.016873791813850403,0.4801360070705414,0.11811652034521103,-0.6810874938964844,-0.0920388475060463,0.0,0.0,0.0,0.0,-0.023980824276804924,0.0,0.0,0.0,0.0,0.0,-2.690000057220459,-443.8500061035156,-86.08000183105469,-5.380000114440918,0.0
1781051330.823181,606428,1781051330,811222116,base_link,"['wheel_left_joint', 'wheel_right_joint', 'joint1', 'joint2', 'joint3', 'joint4', 'gripper']",0.010737867094576359,0.016873791813850403,0.47860202193260193,0.11658254265785217,-0.6795535087585449,-0.0920388475060463,0.0,0.0,0.0,0.0,-0.023980824276804924,0.04796164855360985,0.0,0.0,0.0,0.0,0.0,-416.95001220703125,-78.01000213623047,-8.069999694824219,0.0
1781051330.8759575,606429,1781051330,845222116,base_link,"['wheel_left_joint', 'wheel_right_joint', 'joint1', 'joint2', 'joint3', 'joint4', 'gripper']",0.010737867094576359,0.016873791813850403,0.47860202193260193,0.11504856497049332,-0.6780195236206055,-0.09050486981868744,0.0,0.0,0.0,0.0,-0.023980824276804924,0.023980824276804924,0.0,0.0,0.0,0.0,-8.069999694824219,-449.2300109863281,-86.08000183105469,-13.450000762939453,0.0
1781051330.9024158,606430,1781051330,888222116,base_link,"['wheel_left_joint', 'wheel_right_joint', 'joint1', 'joint2', 'joint3', 'joint4', 'gripper']",0.010737867094576359,0.016873791813850403,0.47860202193260193,0.11504856497049332,-0.676485538482666,-0.09050486981868744,0.0,0.0,0.0,0.0,0.0,0.023980824276804924,0.0,0.0,0.0,0.0,0.0,-454.6100158691406,-67.25,-5.380000114440918,0.0
1781051330.9552693,606431,1781051330,922222116,base_link,"['wheel_left_joint', 'wheel_right_joint', 'joint1', 'joint2', 'joint3', 'joint4', 'gripper']",0.010737867094576359,0.016873791813850403,0.4770680367946625,0.11504856497049332,-0.676485538482666,-0.09050486981868744,0.0,0.0,0.0,0.0,0.0,0.023980824276804924,0.0,0.0,0.0,0.0,-5.380000114440918,-462.6800231933594,-78.01000213623047,-8.069999694824219,0.0
1781051330.9765916,606432,1781051330,960222116,base_link,"['wheel_left_joint', 'wheel_right_joint', 'joint1', 'joint2', 'joint3', 'joint4', 'gripper']",0.010737867094576359,0.016873791813850403,0.4770680367946625,0.11504856497049332,-0.676485538482666,-0.08897088468074799,0.0,0.0,0.0,0.0,0.0,0.0,0.0,0.0,0.0,0.0,-10.760000228881836,-462.6800231933594,-69.94000244140625,-10.760000228881836,0.0
1781051331.0302558,606433,1781051330,994222116,base_link,"['wheel_left_joint', 'wheel_right_joint', 'joint1', 'joint2', 'joint3', 'joint4', 'gripper']",0.010737867094576359,0.016873791813850403,0.4770680367946625,0.11504856497049332,-0.6749515533447266,-0.08897088468074799,0.0,0.0,0.0,0.0,0.0,0.0,0.0,0.0,0.0,0.0,-5.380000114440918,-481.510009765625,-94.1500015258789,-10.760000228881836,0.0
1781051331.051127,606434,1781051331,38222116,base_link,"['wheel_left_joint', 'wheel_right_joint', 'joint1', 'joint2', 'joint3', 'joint4', 'gripper']",0.010737867094576359,0.016873791813850403,0.4770680367946625,0.11504856497049332,-0.6734175682067871,-0.08743690699338913,0.0,0.0,0.0,0.0,0.0,0.023980824276804924,0.0,0.0,0.0,0.0,0.0,-492.27001953125,-75.31999969482422,-5.380000114440918,0.0
1781051331.1031373,606435,1781051331,72222116,base_link,"['wheel_left_joint', 'wheel_right_joint', 'joint1', 'joint2', 'joint3', 'joint4', 'gripper']",0.010737867094576359,0.016873791813850403,0.4770680367946625,0.11351457983255386,-0.6718835830688477,-0.08743690699338913,0.0,0.0,0.0,0.0,0.0,0.023980824276804924,0.0,0.0,0.0,0.0,-8.069999694824219,-430.4000244140625,-83.38999938964844,-16.139999389648438,0.0
1781051331.1304202,606436,1781051331,113222116,base_link,"['wheel_left_joint', 'wheel_right_joint', 'joint1', 'joint2', 'joint3', 'joint4', 'gripper']",0.010737867094576359,0.016873791813850403,0.475534051656723,0.11044661700725555,-0.6688156127929688,-0.08590292930603027,0.0,0.0,0.0,0.0,-0.04796164855360985,0.04796164855360985,0.0,0.0,0.0,0.0,-8.069999694824219,-438.4700012207031,-121.05000305175781,-13.450000762939453,0.0
1781051331.1875205,606437,1781051331,147222116,base_link,"['wheel_left_joint', 'wheel_right_joint', 'joint1', 'joint2', 'joint3', 'joint4', 'gripper']",0.010737867094576359,0.016873791813850403,0.475534051656723,0.11044661700725555,-0.6688156127929688,-0.08590292930603027,0.0,0.0,0.0,0.0,-0.023980824276804924,0.04796164855360985,0.0,0.0,0.0,0.0,-8.069999694824219,-465.3699951171875,-69.94000244140625,-10.760000228881836,0.0
1781051331.2084987,606438,1781051331,191222116,base_link,"['wheel_left_joint', 'wheel_right_joint', 'joint1', 'joint2', 'joint3', 'joint4', 'gripper']",0.010737867094576359,0.016873791813850403,0.47400006651878357,0.10737866163253784,-0.6688156127929688,-0.08436894416809082,0.0,0.0,0.0,0.0,-0.023980824276804924,0.0,0.0,0.0,0.0,0.0,-2.690000057220459,-400.80999755859375,-72.6300048828125,-5.380000114440918,0.0
1781051331.2582943,606439,1781051331,225222116,base_link,"['wheel_left_joint', 'wheel_right_joint', 'joint1', 'joint2', 'joint3', 'joint4', 'gripper']",0.010737867094576359,0.016873791813850403,0.47400006651878357,0.10584467649459839,-0.6672816872596741,-0.08436894416809082,0.0,0.0,0.0,0.0,-0.04796164855360985,0.0,0.0,0.0,0.0,0.0,-5.380000114440918,-435.7799987792969,-59.18000030517578,-13.450000762939453,0.0
1781051331.2845316,606440,1781051331,271222116,base_link,"['wheel_left_joint', 'wheel_right_joint', 'joint1', 'joint2', 'joint3', 'joint4', 'gripper']",0.010737867094576359,0.016873791813850403,0.47400006651878357,0.10431069880723953,-0.6672816872596741,-0.08283496648073196,0.0,0.0,0.0,0.0,-0.023980824276804924,0.0,0.0,0.0,0.0,0.0,-2.690000057220459,-408.8800048828125,-64.55999755859375,-21.520000457763672,0.0
1781051331.3368824,606441,1781051331,305222116,base_link,"['wheel_left_joint', 'wheel_right_joint', 'joint1', 'joint2', 'joint3', 'joint4', 'gripper']",0.010737867094576359,0.016873791813850403,0.4724660813808441,0.10431069880723953,-0.6657477021217346,-0.08283496648073196,0.0,0.0,0.0,0.0,-0.023980824276804924,0.0,0.0,0.0,0.0,0.0,0.0,-441.1600036621094,-102.22000122070312,-8.069999694824219,0.0
1781051331.358321,606442,1781051331,344222116,base_link,"['wheel_left_joint', 'wheel_right_joint', 'joint1', 'joint2', 'joint3', 'joint4', 'gripper']",0.010737867094576359,0.016873791813850403,0.4724660813808441,0.10277671366930008,-0.6642137169837952,-0.08130098134279251,0.0,0.0,0.0,0.0,0.0,0.023980824276804924,0.0,0.0,0.0,0.0,-8.069999694824219,-441.1600036621094,-91.45999908447266,-13.450000762939453,0.0
1781051331.4114916,606443,1781051331,378222116,base_link,"['wheel_left_joint', 'wheel_right_joint', 'joint1', 'joint2', 'joint3', 'joint4', 'gripper']",0.010737867094576359,0.016873791813850403,0.4724660813808441,0.10277671366930008,-0.6611457467079163,-0.08130098134279251,0.0,0.0,0.0,0.0,0.0,0.04796164855360985,0.0,0.0,0.0,0.0,-8.069999694824219,-408.8800048828125,-91.45999908447266,-5.380000114440918,0.0
1781051331.4380984,606444,1781051331,421222116,base_link,"['wheel_left_joint', 'wheel_right_joint', 'joint1', 'joint2', 'joint3', 'joint4', 'gripper']",0.010737867094576359,0.016873791813850403,0.4724660813808441,0.10277671366930008,-0.6596117615699768,-0.08130098134279251,0.0,0.0,0.0,0.0,-0.023980824276804924,0.04796164855360985,0.0,0.0,0.0,0.0,-2.690000057220459,-454.6100158691406,-72.6300048828125,-10.760000228881836,0.0
1781051331.493469,606445,1781051331,455222116,base_link,"['wheel_left_joint', 'wheel_right_joint', 'joint1', 'joint2', 'joint3', 'joint4', 'gripper']",0.010737867094576359,0.016873791813850403,0.47093212604522705,0.10124273598194122,-0.6596117615699768,-0.07976700365543365,0.0,0.0,0.0,0.0,0.0,0.023980824276804924,0.0,0.0,0.0,0.0,-8.069999694824219,-457.3000183105469,-61.87000274658203,-5.380000114440918,0.0
1781051331.513659,606446,1781051331,499222116,base_link,"['wheel_left_joint', 'wheel_right_joint', 'joint1', 'joint2', 'joint3', 'joint4', 'gripper']",0.010737867094576359,0.016873791813850403,0.47093212604522705,0.10124273598194122,-0.6596117615699768,-0.07976700365543365,0.0,0.0,0.0,0.0,0.0,0.0,0.0,0.0,0.0,0.0,-10.760000228881836,-468.05999755859375,-64.55999755859375,-8.069999694824219,0.0
1781051331.5663466,606447,1781051331,533222116,base_link,"['wheel_left_joint', 'wheel_right_joint', 'joint1', 'joint2', 'joint3', 'joint4', 'gripper']",0.010737867094576359,0.016873791813850403,0.47093212604522705,0.09970875084400177,-0.6596117615699768,-0.07976700365543365,0.0,0.0,0.0,0.0,0.0,0.0,0.0,0.0,0.0,0.0,-5.380000114440918,-411.57000732421875,-56.4900016784668,-13.450000762939453,0.0
1781051331.5933306,606448,1781051331,579222116,base_link,"['wheel_left_joint', 'wheel_right_joint', 'joint1', 'joint2', 'joint3', 'joint4', 'gripper']",0.010737867094576359,0.016873791813850403,0.4693981409072876,0.09664079546928406,-0.6596117615699768,-0.0782330259680748,0.0,0.0,0.0,0.0,-0.04796164855360985,0.0,0.0,0.0,0.0,0.0,-5.380000114440918,-408.8800048828125,-56.4900016784668,-13.450000762939453,0.0
1781051331.6445284,606449,1781051331,613222116,base_link,"['wheel_left_joint', 'wheel_right_joint', 'joint1', 'joint2', 'joint3', 'joint4', 'gripper']",0.010737867094576359,0.016873791813850403,0.4693981409072876,0.0951068103313446,-0.6596117615699768,-0.07669904083013535,0.0,0.0,0.0,0.0,-0.04796164855360985,0.0,0.0,0.0,0.0,0.0,-5.380000114440918,-430.4000244140625,-59.18000030517578,-10.760000228881836,0.0
1781051331.6824298,606450,1781051331,666222116,base_link,"['wheel_left_joint', 'wheel_right_joint', 'joint1', 'joint2', 'joint3', 'joint4', 'gripper']",0.010737867094576359,0.016873791813850403,0.4693981409072876,0.09357283264398575,-0.6596117615699768,-0.07669904083013535,0.0,0.0,0.0,0.0,-0.023980824276804924,0.0,0.0,0.0,0.0,0.0,-5.380000114440918,-371.2200012207031,-59.18000030517578,-16.139999389648438,0.0
1781051331.7372303,606451,1781051331,700222116,base_link,"['wheel_left_joint', 'wheel_right_joint', 'joint1', 'joint2', 'joint3', 'joint4', 'gripper']",0.010737867094576359,0.016873791813850403,0.46786415576934814,0.0920388475060463,-0.6596117615699768,-0.07669904083013535,0.0,0.0,0.0,0.0,-0.023980824276804924,0.0,0.0,0.0,0.0,0.0,-2.690000057220459,-416.95001220703125,-59.18000030517578,-8.069999694824219,0.0
1781051331.7633398,606452,1781051331,769921451,base_link,"['wheel_left_joint', 'wheel_right_joint', 'joint1', 'joint2', 'joint3', 'joint4', 'gripper']",0.010737867094576359,0.016873791813850403,0.46786415576934814,0.0920388475060463,-0.6596117615699768,-0.07516506314277649,0.0,0.0,0.0,0.0,0.0,0.0,0.0,0.0,0.0,0.0,-5.380000114440918,-425.02001953125,-59.18000030517578,-8.069999694824219,0.0
1781051331.816559,606453,1781051331,803921451,base_link,"['wheel_left_joint', 'wheel_right_joint', 'joint1', 'joint2', 'joint3', 'joint4', 'gripper']",0.010737867094576359,0.016873791813850403,0.46786415576934814,0.0920388475060463,-0.6596117615699768,-0.07363107800483704,0.0,0.0,0.0,0.0,0.0,0.0,0.0,0.0,0.0,0.0,-5.380000114440918,-427.71002197265625,-59.18000030517578,-8.069999694824219,0.0
1781051331.837642,606454,1781051331,843921451,base_link,"['wheel_left_joint', 'wheel_right_joint', 'joint1', 'joint2', 'joint3', 'joint4', 'gripper']",0.010737867094576359,0.016873791813850403,0.46786415576934814,0.0920388475060463,-0.6596117615699768,-0.07363107800483704,0.0,0.0,0.0,0.0,0.0,0.0,0.0,0.0,0.0,0.0,-8.069999694824219,-446.5400085449219,-59.18000030517578,-5.380000114440918,0.0
1781051331.8904212,606455,1781051331,877921451,base_link,"['wheel_left_joint', 'wheel_right_joint', 'joint1', 'joint2', 'joint3', 'joint4', 'gripper']",0.010737867094576359,0.016873791813850403,0.46786415576934814,0.0920388475060463,-0.6596117615699768,-0.07363107800483704,0.0,0.0,0.0,0.0,0.0,0.0,0.0,0.0,0.0,0.0,-8.069999694824219,-446.5400085449219,-56.4900016784668,-13.450000762939453,0.0
1781051331.9181075,606456,1781051331,923921451,base_link,"['wheel_left_joint', 'wheel_right_joint', 'joint1', 'joint2', 'joint3', 'joint4', 'gripper']",0.010737867094576359,0.016873791813850403,0.46479618549346924,0.09050486981868744,-0.6596117615699768,-0.07209710031747818,0.0,0.0,0.0,0.0,0.0,0.0,0.0,0.0,0.0,0.0,-8.069999694824219,-381.9800109863281,-59.18000030517578,-8.069999694824219,0.0
1781051331.9701285,606457,1781051331,957921451,base_link,"['wheel_left_joint', 'wheel_right_joint', 'joint1', 'joint2', 'joint3', 'joint4', 'gripper']",0.010737867094576359,0.016873791813850403,0.46786415576934814,0.08743690699338913,-0.6596117615699768,-0.07056311517953873,0.0,0.0,0.0,0.0,-0.04796164855360985,0.0,0.0,0.0,0.0,0.0,-5.380000114440918,-406.19000244140625,-59.18000030517578,-10.760000228881836,0.0
1781051332.011949,606458,1781051332,20921451,base_link,"['wheel_left_joint', 'wheel_right_joint', 'joint1', 'joint2', 'joint3', 'joint4', 'gripper']",0.010737867094576359,0.016873791813850403,0.46786415576934814,0.08590292930603027,-0.6596117615699768,-0.07056311517953873,0.0,0.0,0.0,0.0,-0.023980824276804924,0.0,0.0,0.0,0.0,0.0,-5.380000114440918,-352.3900146484375,-59.18000030517578,-8.069999694824219,0.0
1781051332.064803,606459,1781051332,54921451,base_link,"['wheel_left_joint', 'wheel_right_joint', 'joint1', 'joint2', 'joint3', 'joint4', 'gripper']",0.010737867094576359,0.016873791813850403,0.46479618549346924,0.08283496648073196,-0.6596117615699768,-0.06902913749217987,0.0,0.0,0.0,0.0,-0.04796164855360985,0.0,0.0,0.0,0.0,0.0,-2.690000057220459,-344.32000732421875,-59.18000030517578,-5.380000114440918,0.0
1781051332.1112838,606460,1781051332,116921451,base_link,"['wheel_left_joint', 'wheel_right_joint', 'joint1', 'joint2', 'joint3', 'joint4', 'gripper']",0.010737867094576359,0.016873791813850403,0.46786415576934814,0.08283496648073196,-0.6596117615699768,-0.06902913749217987,0.0,0.0,0.0,0.0,0.0,0.0,0.0,0.0,0.0,0.0,-5.380000114440918,-363.1499938964844,-59.18000030517578,-2.690000057220459,0.0
1781051332.1676476,606461,1781051332,150921451,base_link,"['wheel_left_joint', 'wheel_right_joint', 'joint1', 'joint2', 'joint3', 'joint4', 'gripper']",0.010737867094576359,0.016873791813850403,0.46479618549346924,0.08283496648073196,-0.6596117615699768,-0.06902913749217987,0.0,0.0,0.0,0.0,0.0,0.0,0.0,0.0,0.0,0.0,-5.380000114440918,-365.8399963378906,-59.18000030517578,-10.760000228881836,0.0
1781051332.1933696,606462,1781051332,197921451,base_link,"['wheel_left_joint', 'wheel_right_joint', 'joint1', 'joint2', 'joint3', 'joint4', 'gripper']",0.010737867094576359,0.016873791813850403,0.46786415576934814,0.08283496648073196,-0.6596117615699768,-0.06902913749217987,0.0,0.0,0.0,0.0,0.0,0.0,0.0,0.0,0.0,0.0,-8.069999694824219,-363.1499938964844,-69.94000244140625,-18.829999923706055,0.0
1781051332.2449486,606463,1781051332,231921451,base_link,"['wheel_left_joint', 'wheel_right_joint', 'joint1', 'joint2', 'joint3', 'joint4', 'gripper']",0.010737867094576359,0.016873791813850403,0.46479618549346924,0.08283496648073196,-0.6596117615699768,-0.06749515980482101,0.0,0.0,0.0,0.0,0.0,0.0,0.0,0.0,0.0,0.0,-5.380000114440918,-365.8399963378906,-59.18000030517578,-10.760000228881836,0.0
1781051332.2825534,606464,1781051332,284921451,base_link,"['wheel_left_joint', 'wheel_right_joint', 'joint1', 'joint2', 'joint3', 'joint4', 'gripper']",0.010737867094576359,0.016873791813850403,0.46479618549346924,0.08283496648073196,-0.6596117615699768,-0.06749515980482101,0.0,0.0,0.0,0.0,0.0,0.0,0.0,0.0,0.0,0.0,-5.380000114440918,-365.8399963378906,-59.18000030517578,-13.450000762939453,0.0
1781051332.3355474,606465,1781051332,318921451,base_link,"['wheel_left_joint', 'wheel_right_joint', 'joint1', 'joint2', 'joint3', 'joint4', 'gripper']",0.010737867094576359,0.016873791813850403,0.46786415576934814,0.08283496648073196,-0.6596117615699768,-0.06749515980482101,0.0,0.0,0.0,0.0,0.0,0.0,0.0,0.0,0.0,0.0,-5.380000114440918,-363.1499938964844,-59.18000030517578,-10.760000228881836,0.0
1781051332.3557146,606466,1781051332,362921451,base_link,"['wheel_left_joint', 'wheel_right_joint', 'joint1', 'joint2', 'joint3', 'joint4', 'gripper']",0.010737867094576359,0.016873791813850403,0.46786415576934814,0.08283496648073196,-0.6596117615699768,-0.06902913749217987,0.0,0.0,0.0,0.0,0.0,0.0,0.0,0.0,0.0,0.0,-5.380000114440918,-363.1499938964844,-59.18000030517578,-10.760000228881836,0.0
1781051332.4087877,606467,1781051332,396921451,base_link,"['wheel_left_joint', 'wheel_right_joint', 'joint1', 'joint2', 'joint3', 'joint4', 'gripper']",0.010737867094576359,0.016873791813850403,0.46479618549346924,0.08283496648073196,-0.6596117615699768,-0.06749515980482101,0.0,0.0,0.0,0.0,0.0,0.0,0.0,0.0,0.0,0.0,-8.069999694824219,-363.1499938964844,-59.18000030517578,-5.380000114440918,0.0
1781051332.4353373,606468,1781051332,441921451,base_link,"['wheel_left_joint', 'wheel_right_joint', 'joint1', 'joint2', 'joint3', 'joint4', 'gripper']",0.010737867094576359,0.016873791813850403,0.46479618549346924,0.08283496648073196,-0.6596117615699768,-0.06749515980482101,0.0,0.0,0.0,0.0,0.0,0.0,0.0,0.0,0.0,0.0,-5.380000114440918,-363.1499938964844,-59.18000030517578,-13.450000762939453,0.0
1781051332.4881563,606469,1781051332,475921451,base_link,"['wheel_left_joint', 'wheel_right_joint', 'joint1', 'joint2', 'joint3', 'joint4', 'gripper']",0.010737867094576359,0.016873791813850403,0.46786415576934814,0.08283496648073196,-0.6596117615699768,-0.06749515980482101,0.0,0.0,0.0,0.0,0.0,0.0,0.0,0.0,0.0,0.0,-5.380000114440918,-363.1499938964844,-59.18000030517578,-8.069999694824219,0.0
1781051332.5097759,606470,1781051332,513921451,base_link,"['wheel_left_joint', 'wheel_right_joint', 'joint1', 'joint2', 'joint3', 'joint4', 'gripper']",0.010737867094576359,0.016873791813850403,0.46479618549346924,0.08283496648073196,-0.6596117615699768,-0.06902913749217987,0.0,0.0,0.0,0.0,0.0,0.0,0.0,0.0,0.0,0.0,-5.380000114440918,-363.1499938964844,-59.18000030517578,-16.139999389648438,0.0
1781051332.5625973,606471,1781051332,547921451,base_link,"['wheel_left_joint', 'wheel_right_joint', 'joint1', 'joint2', 'joint3', 'joint4', 'gripper']",0.010737867094576359,0.016873791813850403,0.46479618549346924,0.08283496648073196,-0.6596117615699768,-0.06749515980482101,0.0,0.0,0.0,0.0,0.0,0.0,0.0,0.0,0.0,0.0,-5.380000114440918,-363.1499938964844,-59.18000030517578,-18.829999923706055,0.0
1781051332.5890288,606472,1781051332,593921451,base_link,"['wheel_left_joint', 'wheel_right_joint', 'joint1', 'joint2', 'joint3', 'joint4', 'gripper']",0.010737867094576359,0.016873791813850403,0.46786415576934814,0.08283496648073196,-0.6596117615699768,-0.06749515980482101,0.0,0.0,0.0,0.0,0.0,0.0,0.0,0.0,0.0,0.0,-5.380000114440918,-363.1499938964844,-59.18000030517578,-16.139999389648438,0.0
1781051332.6416926,606473,1781051332,627921451,base_link,"['wheel_left_joint', 'wheel_right_joint', 'joint1', 'joint2', 'joint3', 'joint4', 'gripper']",0.010737867094576359,0.016873791813850403,0.46786415576934814,0.08283496648073196,-0.6596117615699768,-0.06749515980482101,0.0,0.0,0.0,0.0,0.0,0.0,0.0,0.0,0.0,0.0,-5.380000114440918,-363.1499938964844,-59.18000030517578,-16.139999389648438,0.0
1781051332.6630633,606474,1781051332,667921451,base_link,"['wheel_left_joint', 'wheel_right_joint', 'joint1', 'joint2', 'joint3', 'joint4', 'gripper']",0.010737867094576359,0.016873791813850403,0.46479618549346924,0.08283496648073196,-0.6596117615699768,-0.06749515980482101,0.0,0.0,0.0,0.0,0.0,0.0,0.0,0.0,0.0,0.0,-5.380000114440918,-363.1499938964844,-59.18000030517578,-13.450000762939453,0.0
1781051332.71607,606475,1781051332,701921451,base_link,"['wheel_left_joint', 'wheel_right_joint', 'joint1', 'joint2', 'joint3', 'joint4', 'gripper']",0.010737867094576359,0.016873791813850403,0.46786415576934814,0.08283496648073196,-0.6596117615699768,-0.06902913749217987,0.0,0.0,0.0,0.0,0.0,0.0,0.0,0.0,0.0,0.0,-2.690000057220459,-363.1499938964844,-59.18000030517578,-16.139999389648438,0.0
1781051332.7427719,606476,1781051332,743921451,base_link,"['wheel_left_joint', 'wheel_right_joint', 'joint1', 'joint2', 'joint3', 'joint4', 'gripper']",0.010737867094576359,0.016873791813850403,0.46479618549346924,0.08283496648073196,-0.6596117615699768,-0.06749515980482101,0.0,0.0,0.0,0.0,0.0,0.0,0.0,0.0,0.0,0.0,-5.380000114440918,-363.1499938964844,-59.18000030517578,-10.760000228881836,0.0
1781051332.795564,606477,1781051332,777921451,base_link,"['wheel_left_joint', 'wheel_right_joint', 'joint1', 'joint2', 'joint3', 'joint4', 'gripper']",0.010737867094576359,0.016873791813850403,0.46479618549346924,0.08283496648073196,-0.6596117615699768,-0.06749515980482101,0.0,0.0,0.0,0.0,0.0,0.0,0.0,0.0,0.0,0.0,-8.069999694824219,-363.1499938964844,-59.18000030517578,-16.139999389648438,0.0
1781051332.8172352,606478,1781051332,822921451,base_link,"['wheel_left_joint', 'wheel_right_joint', 'joint1', 'joint2', 'joint3', 'joint4', 'gripper']",0.010737867094576359,0.016873791813850403,0.46479618549346924,0.08283496648073196,-0.6596117615699768,-0.06749515980482101,0.0,0.0,0.0,0.0,0.0,0.0,0.0,0.0,0.0,0.0,-5.380000114440918,-363.1499938964844,-59.18000030517578,-18.829999923706055,0.0
1781051332.8715827,606479,1781051332,856921451,base_link,"['wheel_left_joint', 'wheel_right_joint', 'joint1', 'joint2', 'joint3', 'joint4', 'gripper']",0.010737867094576359,0.016873791813850403,0.46479618549346924,0.08283496648073196,-0.6596117615699768,-0.06902913749217987,0.0,0.0,0.0,0.0,0.0,0.0,0.0,0.0,0.0,0.0,-5.380000114440918,-365.8399963378906,-59.18000030517578,-13.450000762939453,0.0
1781051332.8984652,606480,1781051332,902921451,base_link,"['wheel_left_joint', 'wheel_right_joint', 'joint1', 'joint2', 'joint3', 'joint4', 'gripper']",0.010737867094576359,0.016873791813850403,0.46786415576934814,0.08283496648073196,-0.6596117615699768,-0.06749515980482101,0.0,0.0,0.0,0.0,0.0,0.0,0.0,0.0,0.0,0.0,-2.690000057220459,-363.1499938964844,-59.18000030517578,-16.139999389648438,0.0
1781051332.951852,606481,1781051332,936921451,base_link,"['wheel_left_joint', 'wheel_right_joint', 'joint1', 'joint2', 'joint3', 'joint4', 'gripper']",0.010737867094576359,0.016873791813850403,0.46479618549346924,0.08283496648073196,-0.6596117615699768,-0.06902913749217987,0.0,0.0,0.0,0.0,0.0,0.0,0.0,0.0,0.0,0.0,-5.380000114440918,-363.1499938964844,-56.4900016784668,-16.139999389648438,0.0
1781051332.9726956,606482,1781051332,978921451,base_link,"['wheel_left_joint', 'wheel_right_joint', 'joint1', 'joint2', 'joint3', 'joint4', 'gripper']",0.010737867094576359,0.016873791813850403,0.46786415576934814,0.08283496648073196,-0.6596117615699768,-0.06902913749217987,0.0,0.0,0.0,0.0,0.0,0.0,0.0,0.0,0.0,0.0,-8.069999694824219,-363.1499938964844,-59.18000030517578,-13.450000762939453,0.0
1781051333.0269103,606483,1781051333,12921451,base_link,"['wheel_left_joint', 'wheel_right_joint', 'joint1', 'joint2', 'joint3', 'joint4', 'gripper']",0.010737867094576359,0.016873791813850403,0.46479618549346924,0.08283496648073196,-0.6596117615699768,-0.06902913749217987,0.0,0.0,0.0,0.0,0.0,0.0,0.0,0.0,0.0,0.0,-5.380000114440918,-363.1499938964844,-56.4900016784668,-18.829999923706055,0.0
1781051333.0525517,606484,1781051333,53921451,base_link,"['wheel_left_joint', 'wheel_right_joint', 'joint1', 'joint2', 'joint3', 'joint4', 'gripper']",0.010737867094576359,0.016873791813850403,0.46786415576934814,0.08283496648073196,-0.6596117615699768,-0.06749515980482101,0.0,0.0,0.0,0.0,0.0,0.0,0.0,0.0,0.0,0.0,-5.380000114440918,-363.1499938964844,-56.4900016784668,-13.450000762939453,0.0
1781051333.1057918,606485,1781051333,87921451,base_link,"['wheel_left_joint', 'wheel_right_joint', 'joint1', 'joint2', 'joint3', 'joint4', 'gripper']",0.010737867094576359,0.016873791813850403,0.46479618549346924,0.08283496648073196,-0.6596117615699768,-0.06749515980482101,0.0,0.0,0.0,0.0,0.0,0.0,0.0,0.0,0.0,0.0,-5.380000114440918,-363.1499938964844,-56.4900016784668,-16.139999389648438,0.0
1781051333.1272721,606486,1781051333,130921451,base_link,"['wheel_left_joint', 'wheel_right_joint', 'joint1', 'joint2', 'joint3', 'joint4', 'gripper']",0.010737867094576359,0.016873791813850403,0.46786415576934814,0.08283496648073196,-0.6596117615699768,-0.06749515980482101,0.0,0.0,0.0,0.0,0.0,0.0,0.0,0.0,0.0,0.0,-5.380000114440918,-363.1499938964844,-64.55999755859375,-16.139999389648438,0.0
1781051333.1827223,606487,1781051333,164921451,base_link,"['wheel_left_joint', 'wheel_right_joint', 'joint1', 'joint2', 'joint3', 'joint4', 'gripper']",0.010737867094576359,0.016873791813850403,0.46479618549346924,0.08283496648073196,-0.6596117615699768,-0.06749515980482101,0.0,0.0,0.0,0.0,0.0,0.0,0.0,0.0,0.0,0.0,-5.380000114440918,-363.1499938964844,-59.18000030517578,-10.760000228881836,0.0
1781051333.2035496,606488,1781051333,209921451,base_link,"['wheel_left_joint', 'wheel_right_joint', 'joint1', 'joint2', 'joint3', 'joint4', 'gripper']",0.010737867094576359,0.016873791813850403,0.46479618549346924,0.08283496648073196,-0.6596117615699768,-0.06749515980482101,0.0,0.0,0.0,0.0,0.0,0.0,0.0,0.0,0.0,0.0,-5.380000114440918,-363.1499938964844,-59.18000030517578,-18.829999923706055,0.0
1781051333.2564812,606489,1781051333,243921451,base_link,"['wheel_left_joint', 'wheel_right_joint', 'joint1', 'joint2', 'joint3', 'joint4', 'gripper']",0.010737867094576359,0.016873791813850403,0.46786415576934814,0.08283496648073196,-0.6596117615699768,-0.06749515980482101,0.0,0.0,0.0,0.0,0.0,0.0,0.0,0.0,0.0,0.0,-5.380000114440918,-363.1499938964844,-59.18000030517578,-18.829999923706055,0.0
1781051333.283411,606490,1781051333,287921451,base_link,"['wheel_left_joint', 'wheel_right_joint', 'joint1', 'joint2', 'joint3', 'joint4', 'gripper']",0.010737867094576359,0.016873791813850403,0.46479618549346924,0.08283496648073196,-0.6596117615699768,-0.06749515980482101,0.0,0.0,0.0,0.0,0.0,0.0,0.0,0.0,0.0,0.0,-5.380000114440918,-360.46002197265625,-59.18000030517578,-13.450000762939453,0.0
1781051333.3349416,606491,1781051333,321921451,base_link,"['wheel_left_joint', 'wheel_right_joint', 'joint1', 'joint2', 'joint3', 'joint4', 'gripper']",0.010737867094576359,0.016873791813850403,0.46479618549346924,0.08283496648073196,-0.6596117615699768,-0.06749515980482101,0.0,0.0,0.0,0.0,0.0,0.0,0.0,0.0,0.0,0.0,-5.380000114440918,-360.46002197265625,-59.18000030517578,-13.450000762939453,0.0
1781051333.3563893,606492,1781051333,361921451,base_link,"['wheel_left_joint', 'wheel_right_joint', 'joint1', 'joint2', 'joint3', 'joint4', 'gripper']",0.010737867094576359,0.016873791813850403,0.46479618549346924,0.08283496648073196,-0.6596117615699768,-0.06749515980482101,0.0,0.0,0.0,0.0,0.0,0.0,0.0,0.0,0.0,0.0,-5.380000114440918,-360.46002197265625,-59.18000030517578,-16.139999389648438,0.0
1781051333.4082992,606493,1781051333,395921451,base_link,"['wheel_left_joint', 'wheel_right_joint', 'joint1', 'joint2', 'joint3', 'joint4', 'gripper']",0.010737867094576359,0.016873791813850403,0.46786415576934814,0.08283496648073196,-0.6596117615699768,-0.06749515980482101,0.0,0.0,0.0,0.0,0.0,0.0,0.0,0.0,0.0,0.0,-8.069999694824219,-360.46002197265625,-59.18000030517578,-10.760000228881836,0.0
1781051333.43535,606494,1781051333,439921451,base_link,"['wheel_left_joint', 'wheel_right_joint', 'joint1', 'joint2', 'joint3', 'joint4', 'gripper']",0.010737867094576359,0.016873791813850403,0.46479618549346924,0.08283496648073196,-0.6596117615699768,-0.06749515980482101,0.0,0.0,0.0,0.0,0.0,0.0,0.0,0.0,0.0,0.0,-5.380000114440918,-363.1499938964844,-59.18000030517578,-10.760000228881836,0.0
1781051333.4880548,606495,1781051333,473921451,base_link,"['wheel_left_joint', 'wheel_right_joint', 'joint1', 'joint2', 'joint3', 'joint4', 'gripper']",0.010737867094576359,0.016873791813850403,0.46479618549346924,0.08283496648073196,-0.6596117615699768,-0.06902913749217987,0.0,0.0,0.0,0.0,0.0,0.0,0.0,0.0,0.0,0.0,-2.690000057220459,-363.1499938964844,-64.55999755859375,-16.139999389648438,0.0
1781051333.5107093,606496,1781051333,513921451,base_link,"['wheel_left_joint', 'wheel_right_joint', 'joint1', 'joint2', 'joint3', 'joint4', 'gripper']",0.010737867094576359,0.016873791813850403,0.46479618549346924,0.08283496648073196,-0.6596117615699768,-0.06749515980482101,0.0,0.0,0.0,0.0,0.0,0.0,0.0,0.0,0.0,0.0,-5.380000114440918,-363.1499938964844,-59.18000030517578,-16.139999389648438,0.0
1781051333.562223,606497,1781051333,547921451,base_link,"['wheel_left_joint', 'wheel_right_joint', 'joint1', 'joint2', 'joint3', 'joint4', 'gripper']",0.010737867094576359,0.016873791813850403,0.46479618549346924,0.08283496648073196,-0.6596117615699768,-0.06749515980482101,0.0,0.0,0.0,0.0,0.0,0.0,0.0,0.0,0.0,0.0,-5.380000114440918,-360.46002197265625,-59.18000030517578,-16.139999389648438,0.0
1781051333.5888796,606498,1781051333,593921451,base_link,"['wheel_left_joint', 'wheel_right_joint', 'joint1', 'joint2', 'joint3', 'joint4', 'gripper']",0.010737867094576359,0.016873791813850403,0.46786415576934814,0.08283496648073196,-0.6596117615699768,-0.06749515980482101,0.0,0.0,0.0,0.0,0.0,0.0,0.0,0.0,0.0,0.0,-5.380000114440918,-360.46002197265625,-56.4900016784668,-13.450000762939453,0.0
1781051333.6418483,606499,1781051333,627921451,base_link,"['wheel_left_joint', 'wheel_right_joint', 'joint1', 'joint2', 'joint3', 'joint4', 'gripper']",0.010737867094576359,0.016873791813850403,0.46786415576934814,0.08283496648073196,-0.6596117615699768,-0.06749515980482101,0.0,0.0,0.0,0.0,0.0,0.0,0.0,0.0,0.0,0.0,-2.690000057220459,-363.1499938964844,-61.87000274658203,-13.450000762939453,0.0
1781051333.682891,606500,1781051333,682921451,base_link,"['wheel_left_joint', 'wheel_right_joint', 'joint1', 'joint2', 'joint3', 'joint4', 'gripper']",0.010737867094576359,0.016873791813850403,0.46479618549346924,0.08283496648073196,-0.6596117615699768,-0.06749515980482101,0.0,0.0,0.0,0.0,0.0,0.0,0.0,0.0,0.0,0.0,-5.380000114440918,-363.1499938964844,-59.18000030517578,-18.829999923706055,0.0
1781051333.736851,606501,1781051333,716921451,base_link,"['wheel_left_joint', 'wheel_right_joint', 'joint1', 'joint2', 'joint3', 'joint4', 'gripper']",0.010737867094576359,0.016873791813850403,0.46479618549346924,0.08283496648073196,-0.6596117615699768,-0.06902913749217987,0.0,0.0,0.0,0.0,0.0,0.0,0.0,0.0,0.0,0.0,-5.380000114440918,-363.1499938964844,-59.18000030517578,-10.760000228881836,0.0
1781051333.7531986,606502,1781051333,758921451,base_link,"['wheel_left_joint', 'wheel_right_joint', 'joint1', 'joint2', 'joint3', 'joint4', 'gripper']",0.010737867094576359,0.016873791813850403,0.46786415576934814,0.08283496648073196,-0.6596117615699768,-0.06902913749217987,0.0,0.0,0.0,0.0,0.0,0.0,0.0,0.0,0.0,0.0,-5.380000114440918,-363.1499938964844,-59.18000030517578,-18.829999923706055,0.0
1781051333.8055625,606503,1781051333,792921451,base_link,"['wheel_left_joint', 'wheel_right_joint', 'joint1', 'joint2', 'joint3', 'joint4', 'gripper']",0.010737867094576359,0.016873791813850403,0.46479618549346924,0.08283496648073196,-0.6596117615699768,-0.06902913749217987,0.0,0.0,0.0,0.0,0.0,0.0,0.0,0.0,0.0,0.0,-5.380000114440918,-360.46002197265625,-59.18000030517578,-16.139999389648438,0.0
1781051333.8320084,606504,1781051333,838921451,base_link,"['wheel_left_joint', 'wheel_right_joint', 'joint1', 'joint2', 'joint3', 'joint4', 'gripper']",0.010737867094576359,0.016873791813850403,0.46479618549346924,0.08283496648073196,-0.6596117615699768,-0.06749515980482101,0.0,0.0,0.0,0.0,0.0,0.0,0.0,0.0,0.0,0.0,-5.380000114440918,-360.46002197265625,-59.18000030517578,-13.450000762939453,0.0
1781051333.8845773,606505,1781051333,872921451,base_link,"['wheel_left_joint', 'wheel_right_joint', 'joint1', 'joint2', 'joint3', 'joint4', 'gripper']",0.010737867094576359,0.016873791813850403,0.46479618549346924,0.08283496648073196,-0.6596117615699768,-0.06902913749217987,0.0,0.0,0.0,0.0,0.0,0.0,0.0,0.0,0.0,0.0,-5.380000114440918,-363.1499938964844,-59.18000030517578,-16.139999389648438,0.0
1781051333.9217432,606506,1781051333,928921451,base_link,"['wheel_left_joint', 'wheel_right_joint', 'joint1', 'joint2', 'joint3', 'joint4', 'gripper']",0.010737867094576359,0.016873791813850403,0.46786415576934814,0.08283496648073196,-0.6596117615699768,-0.06749515980482101,0.0,0.0,0.0,0.0,0.0,0.0,0.0,0.0,0.0,0.0,-5.380000114440918,-363.1499938964844,-59.18000030517578,-16.139999389648438,0.0
1781051333.9735417,606507,1781051333,962921451,base_link,"['wheel_left_joint', 'wheel_right_joint', 'joint1', 'joint2', 'joint3', 'joint4', 'gripper']",0.010737867094576359,0.016873791813850403,0.46479618549346924,0.08283496648073196,-0.6596117615699768,-0.06902913749217987,0.0,0.0,0.0,0.0,0.0,0.0,0.0,0.0,0.0,0.0,-5.380000114440918,-363.1499938964844,-59.18000030517578,-18.829999923706055,0.0
1781051334.021876,606508,1781051334,25921451,base_link,"['wheel_left_joint', 'wheel_right_joint', 'joint1', 'joint2', 'joint3', 'joint4', 'gripper']",0.010737867094576359,0.016873791813850403,0.46786415576934814,0.08283496648073196,-0.6596117615699768,-0.06749515980482101,0.0,0.0,0.0,0.0,0.0,0.0,0.0,0.0,0.0,0.0,-5.380000114440918,-363.1499938964844,-59.18000030517578,-16.139999389648438,0.0
1781051334.0744762,606509,1781051334,59921451,base_link,"['wheel_left_joint', 'wheel_right_joint', 'joint1', 'joint2', 'joint3', 'joint4', 'gripper']",0.010737867094576359,0.016873791813850403,0.46786415576934814,0.08283496648073196,-0.6596117615699768,-0.06902913749217987,0.0,0.0,0.0,0.0,0.0,0.0,0.0,0.0,0.0,0.0,-5.380000114440918,-360.46002197265625,-59.18000030517578,-16.139999389648438,0.0
1781051334.10162,606510,1781051334,109921451,base_link,"['wheel_left_joint', 'wheel_right_joint', 'joint1', 'joint2', 'joint3', 'joint4', 'gripper']",0.010737867094576359,0.016873791813850403,0.46479618549346924,0.08283496648073196,-0.6596117615699768,-0.06749515980482101,0.0,0.0,0.0,0.0,0.0,0.0,0.0,0.0,0.0,0.0,-5.380000114440918,-363.1499938964844,-59.18000030517578,-16.139999389648438,0.0
1781051334.1564217,606511,1781051334,143921451,base_link,"['wheel_left_joint', 'wheel_right_joint', 'joint1', 'joint2', 'joint3', 'joint4', 'gripper']",0.010737867094576359,0.016873791813850403,0.46479618549346924,0.08283496648073196,-0.6596117615699768,-0.06749515980482101,0.0,0.0,0.0,0.0,0.0,0.0,0.0,0.0,0.0,0.0,-5.380000114440918,-363.1499938964844,-59.18000030517578,-16.139999389648438,0.0
1781051334.2024062,606512,1781051334,208921451,base_link,"['wheel_left_joint', 'wheel_right_joint', 'joint1', 'joint2', 'joint3', 'joint4', 'gripper']",0.010737867094576359,0.016873791813850403,0.46786415576934814,0.08283496648073196,-0.6596117615699768,-0.06749515980482101,0.0,0.0,0.0,0.0,0.0,0.0,0.0,0.0,0.0,0.0,-8.069999694824219,-363.1499938964844,-59.18000030517578,-10.760000228881836,0.0
1781051334.2553043,606513,1781051334,221771299,base_link,"['wheel_left_joint', 'wheel_right_joint', 'joint1', 'joint2', 'joint3', 'joint4', 'gripper']",0.010737867094576359,0.016873791813850403,0.46786415576934814,0.08283496648073196,-0.6596117615699768,-0.06749515980482101,0.0,0.0,0.0,0.0,0.0,0.0,0.0,0.0,0.0,0.0,-5.380000114440918,-363.1499938964844,-59.18000030517578,-18.829999923706055,0.0
1781051334.2975888,606514,1781051334,285771299,base_link,"['wheel_left_joint', 'wheel_right_joint', 'joint1', 'joint2', 'joint3', 'joint4', 'gripper']",0.010737867094576359,0.016873791813850403,0.46786415576934814,0.08283496648073196,-0.6596117615699768,-0.06749515980482101,0.0,0.0,0.0,0.0,0.0,0.0,0.0,0.0,0.0,0.0,-5.380000114440918,-363.1499938964844,-59.18000030517578,-18.829999923706055,0.0
1781051334.3510592,606515,1781051334,319771299,base_link,"['wheel_left_joint', 'wheel_right_joint', 'joint1', 'joint2', 'joint3', 'joint4', 'gripper']",0.010737867094576359,0.016873791813850403,0.46479618549346924,0.08283496648073196,-0.6596117615699768,-0.06749515980482101,0.0,0.0,0.0,0.0,0.0,0.0,0.0,0.0,0.0,0.0,-5.380000114440918,-363.1499938964844,-59.18000030517578,-10.760000228881836,0.0
1781051334.3995087,606516,1781051334,353771299,base_link,"['wheel_left_joint', 'wheel_right_joint', 'joint1', 'joint2', 'joint3', 'joint4', 'gripper']",0.010737867094576359,0.016873791813850403,0.46479618549346924,0.08283496648073196,-0.6596117615699768,-0.06749515980482101,0.0,0.0,0.0,0.0,0.0,0.0,0.0,0.0,0.0,0.0,-5.380000114440918,-363.1499938964844,-59.18000030517578,-13.450000762939453,0.0
1781051334.4149604,606517,1781051334,396771299,base_link,"['wheel_left_joint', 'wheel_right_joint', 'joint1', 'joint2', 'joint3', 'joint4', 'gripper']",0.010737867094576359,0.016873791813850403,0.46786415576934814,0.08283496648073196,-0.6596117615699768,-0.06749515980482101,0.0,0.0,0.0,0.0,0.0,0.0,0.0,0.0,0.0,0.0,-5.380000114440918,-357.77001953125,-59.18000030517578,-18.829999923706055,0.0
1781051334.461941,606518,1781051334,429771299,base_link,"['wheel_left_joint', 'wheel_right_joint', 'joint1', 'joint2', 'joint3', 'joint4', 'gripper']",0.010737867094576359,0.016873791813850403,0.46479618549346924,0.08283496648073196,-0.6596117615699768,-0.06749515980482101,0.0,0.0,0.0,0.0,0.0,0.0,0.0,0.0,0.0,0.0,-5.380000114440918,-360.46002197265625,-59.18000030517578,-16.139999389648438,0.0
1781051334.4883955,606519,1781051334,473771299,base_link,"['wheel_left_joint', 'wheel_right_joint', 'joint1', 'joint2', 'joint3', 'joint4', 'gripper']",0.010737867094576359,0.016873791813850403,0.46479618549346924,0.08283496648073196,-0.6596117615699768,-0.06749515980482101,0.0,0.0,0.0,0.0,0.0,0.0,0.0,0.0,0.0,0.0,-5.380000114440918,-360.46002197265625,-59.18000030517578,-13.450000762939453,0.0
1781051334.5402386,606520,1781051334,507771299,base_link,"['wheel_left_joint', 'wheel_right_joint', 'joint1', 'joint2', 'joint3', 'joint4', 'gripper']",0.010737867094576359,0.016873791813850403,0.46479618549346924,0.08283496648073196,-0.6596117615699768,-0.06749515980482101,0.0,0.0,0.0,0.0,0.0,0.0,0.0,0.0,0.0,0.0,-5.380000114440918,-360.46002197265625,-59.18000030517578,-16.139999389648438,0.0
1781051334.5828903,606521,1781051334,567771299,base_link,"['wheel_left_joint', 'wheel_right_joint', 'joint1', 'joint2', 'joint3', 'joint4', 'gripper']",0.010737867094576359,0.016873791813850403,0.46479618549346924,0.08283496648073196,-0.6596117615699768,-0.06749515980482101,0.0,0.0,0.0,0.0,0.0,0.0,0.0,0.0,0.0,0.0,-5.380000114440918,-360.46002197265625,-59.18000030517578,-16.139999389648438,0.0
1781051334.6349087,606522,1781051334,601771299,base_link,"['wheel_left_joint', 'wheel_right_joint', 'joint1', 'joint2', 'joint3', 'joint4', 'gripper']",0.010737867094576359,0.016873791813850403,0.46479618549346924,0.08283496648073196,-0.6596117615699768,-0.06902913749217987,0.0,0.0,0.0,0.0,0.0,0.0,0.0,0.0,0.0,0.0,-5.380000114440918,-363.1499938964844,-59.18000030517578,-16.139999389648438,0.0
1781051334.6719368,606523,1781051334,658771299,base_link,"['wheel_left_joint', 'wheel_right_joint', 'joint1', 'joint2', 'joint3', 'joint4', 'gripper']",0.010737867094576359,0.016873791813850403,0.46479618549346924,0.08283496648073196,-0.6596117615699768,-0.06749515980482101,0.0,0.0,0.0,0.0,0.0,0.0,0.0,0.0,0.0,0.0,-5.380000114440918,-363.1499938964844,-59.18000030517578,-13.450000762939453,0.0
1781051334.7239015,606524,1781051334,692771299,base_link,"['wheel_left_joint', 'wheel_right_joint', 'joint1', 'joint2', 'joint3', 'joint4', 'gripper']",0.010737867094576359,0.016873791813850403,0.46479618549346924,0.08283496648073196,-0.6596117615699768,-0.06749515980482101,0.0,0.0,0.0,0.0,0.0,0.0,0.0,0.0,0.0,0.0,-5.380000114440918,-360.46002197265625,-59.18000030517578,-16.139999389648438,0.0
1781051334.770496,606525,1781051334,754771299,base_link,"['wheel_left_joint', 'wheel_right_joint', 'joint1', 'joint2', 'joint3', 'joint4', 'gripper']",0.010737867094576359,0.016873791813850403,0.46479618549346924,0.08283496648073196,-0.6596117615699768,-0.06749515980482101,0.0,0.0,0.0,0.0,0.0,0.0,0.0,0.0,0.0,0.0,-5.380000114440918,-363.1499938964844,-59.18000030517578,-16.139999389648438,0.0
1781051334.8237076,606526,1781051334,788771299,base_link,"['wheel_left_joint', 'wheel_right_joint', 'joint1', 'joint2', 'joint3', 'joint4', 'gripper']",0.010737867094576359,0.016873791813850403,0.46479618549346924,0.08283496648073196,-0.6596117615699768,-0.06749515980482101,0.0,0.0,0.0,0.0,0.0,0.0,0.0,0.0,0.0,0.0,-5.380000114440918,-360.46002197265625,-59.18000030517578,-18.829999923706055,0.0
1781051334.8513968,606527,1781051334,836771299,base_link,"['wheel_left_joint', 'wheel_right_joint', 'joint1', 'joint2', 'joint3', 'joint4', 'gripper']",0.010737867094576359,0.016873791813850403,0.46479618549346924,0.08283496648073196,-0.6596117615699768,-0.06749515980482101,0.0,0.0,0.0,0.0,0.0,0.0,0.0,0.0,0.0,0.0,-5.380000114440918,-360.46002197265625,-56.4900016784668,-16.139999389648438,0.0
1781051334.9023852,606528,1781051334,870771299,base_link,"['wheel_left_joint', 'wheel_right_joint', 'joint1', 'joint2', 'joint3', 'joint4', 'gripper']",0.010737867094576359,0.016873791813850403,0.46479618549346924,0.08436894416809082,-0.6596117615699768,-0.06749515980482101,0.0,0.0,0.0,0.0,0.0,0.0,0.0,0.0,0.0,0.0,-5.380000114440918,-363.1499938964844,-59.18000030517578,-13.450000762939453,0.0
1781051334.944886,606529,1781051334,932771299,base_link,"['wheel_left_joint', 'wheel_right_joint', 'joint1', 'joint2', 'joint3', 'joint4', 'gripper']",0.010737867094576359,0.016873791813850403,0.46479618549346924,0.08283496648073196,-0.6596117615699768,-0.06749515980482101,0.0,0.0,0.0,0.0,0.0,0.0,0.0,0.0,0.0,0.0,-2.690000057220459,-360.46002197265625,-56.4900016784668,-18.829999923706055,0.0
1781051334.9965131,606530,1781051334,966771299,base_link,"['wheel_left_joint', 'wheel_right_joint', 'joint1', 'joint2', 'joint3', 'joint4', 'gripper']",0.010737867094576359,0.016873791813850403,0.46786415576934814,0.08283496648073196,-0.6596117615699768,-0.06749515980482101,0.0,0.0,0.0,0.0,0.0,0.0,0.0,0.0,0.0,0.0,-2.690000057220459,-360.46002197265625,-59.18000030517578,-18.829999923706055,0.0
1781051335.0398219,606531,1781051335,26771299,base_link,"['wheel_left_joint', 'wheel_right_joint', 'joint1', 'joint2', 'joint3', 'joint4', 'gripper']",0.010737867094576359,0.016873791813850403,0.46479618549346924,0.08283496648073196,-0.6596117615699768,-0.06749515980482101,0.0,0.0,0.0,0.0,0.0,0.0,0.0,0.0,0.0,0.0,-5.380000114440918,-357.77001953125,-59.18000030517578,-18.829999923706055,0.0
1781051335.0922055,606532,1781051335,60771299,base_link,"['wheel_left_joint', 'wheel_right_joint', 'joint1', 'joint2', 'joint3', 'joint4', 'gripper']",0.010737867094576359,0.016873791813850403,0.46479618549346924,0.08283496648073196,-0.6596117615699768,-0.06749515980482101,0.0,0.0,0.0,0.0,0.0,0.0,0.0,0.0,0.0,0.0,-5.380000114440918,-357.77001953125,-59.18000030517578,-10.760000228881836,0.0
1781051335.141322,606533,1781051335,122771299,base_link,"['wheel_left_joint', 'wheel_right_joint', 'joint1', 'joint2', 'joint3', 'joint4', 'gripper']",0.010737867094576359,0.016873791813850403,0.46786415576934814,0.08283496648073196,-0.6596117615699768,-0.06749515980482101,0.0,0.0,0.0,0.0,0.0,0.0,0.0,0.0,0.0,0.0,-5.380000114440918,-363.1499938964844,-59.18000030517578,-18.829999923706055,2.690000057220459
1781051335.1955004,606534,1781051335,156771299,base_link,"['wheel_left_joint', 'wheel_right_joint', 'joint1', 'joint2', 'joint3', 'joint4', 'gripper']",0.010737867094576359,0.016873791813850403,0.46786415576934814,0.08283496648073196,-0.6596117615699768,-0.06749515980482101,0.0,0.0,0.0,0.0,0.0,0.0,0.0,0.0,0.0,0.0,-2.690000057220459,-360.46002197265625,-59.18000030517578,-16.139999389648438,0.0
1781051335.2232175,606535,1781051335,206771299,base_link,"['wheel_left_joint', 'wheel_right_joint', 'joint1', 'joint2', 'joint3', 'joint4', 'gripper']",0.010737867094576359,0.016873791813850403,0.46479618549346924,0.08283496648073196,-0.6596117615699768,-0.06749515980482101,0.0,0.0,0.0,0.0,0.0,0.0,0.0,0.0,0.0,0.0,-5.380000114440918,-360.46002197265625,-59.18000030517578,-18.829999923706055,0.0
1781051335.2742136,606536,1781051335,240771299,base_link,"['wheel_left_joint', 'wheel_right_joint', 'joint1', 'joint2', 'joint3', 'joint4', 'gripper']",0.010737867094576359,0.016873791813850403,0.46479618549346924,0.08283496648073196,-0.6596117615699768,-0.06749515980482101,0.0,0.0,0.0,0.0,0.0,0.0,0.0,0.0,0.0,0.0,-5.380000114440918,-360.46002197265625,-59.18000030517578,-16.139999389648438,0.0
1781051335.2953928,606537,1781051335,276771299,base_link,"['wheel_left_joint', 'wheel_right_joint', 'joint1', 'joint2', 'joint3', 'joint4', 'gripper']",0.010737867094576359,0.016873791813850403,0.46479618549346924,0.08283496648073196,-0.6596117615699768,-0.06749515980482101,0.0,0.0,0.0,0.0,0.0,0.0,0.0,0.0,0.0,0.0,-5.380000114440918,-360.46002197265625,-59.18000030517578,-18.829999923706055,0.0
1781051335.3487813,606538,1781051335,310771299,base_link,"['wheel_left_joint', 'wheel_right_joint', 'joint1', 'joint2', 'joint3', 'joint4', 'gripper']",0.010737867094576359,0.016873791813850403,0.46786415576934814,0.08283496648073196,-0.6596117615699768,-0.06749515980482101,0.0,0.0,0.0,0.0,0.0,0.0,0.0,0.0,0.0,0.0,-2.690000057220459,-360.46002197265625,-59.18000030517578,-18.829999923706055,0.0
1781051335.3701122,606539,1781051335,355771299,base_link,"['wheel_left_joint', 'wheel_right_joint', 'joint1', 'joint2', 'joint3', 'joint4', 'gripper']",0.010737867094576359,0.016873791813850403,0.46479618549346924,0.08283496648073196,-0.6596117615699768,-0.06749515980482101,0.0,0.0,0.0,0.0,0.0,0.0,0.0,0.0,0.0,0.0,-5.380000114440918,-363.1499938964844,-59.18000030517578,-21.520000457763672,0.0
1781051335.4236188,606540,1781051335,389771299,base_link,"['wheel_left_joint', 'wheel_right_joint', 'joint1', 'joint2', 'joint3', 'joint4', 'gripper']",0.010737867094576359,0.016873791813850403,0.46479618549346924,0.08283496648073196,-0.6596117615699768,-0.06749515980482101,0.0,0.0,0.0,0.0,0.0,0.0,0.0,0.0,0.0,0.0,-5.380000114440918,-360.46002197265625,-59.18000030517578,-18.829999923706055,0.0
1781051335.4497507,606541,1781051335,432771299,base_link,"['wheel_left_joint', 'wheel_right_joint', 'joint1', 'joint2', 'joint3', 'joint4', 'gripper']",0.010737867094576359,0.016873791813850403,0.46479618549346924,0.08283496648073196,-0.6596117615699768,-0.06749515980482101,0.0,0.0,0.0,0.0,0.0,0.0,0.0,0.0,0.0,0.0,-5.380000114440918,-360.46002197265625,-59.18000030517578,-21.520000457763672,0.0
1781051335.5033424,606542,1781051335,466771299,base_link,"['wheel_left_joint', 'wheel_right_joint', 'joint1', 'joint2', 'joint3', 'joint4', 'gripper']",0.010737867094576359,0.016873791813850403,0.46479618549346924,0.08283496648073196,-0.6596117615699768,-0.06749515980482101,0.0,0.0,0.0,0.0,0.0,0.0,0.0,0.0,0.0,0.0,-2.690000057220459,-360.46002197265625,-59.18000030517578,-21.520000457763672,0.0
1781051335.528392,606543,1781051335,513771299,base_link,"['wheel_left_joint', 'wheel_right_joint', 'joint1', 'joint2', 'joint3', 'joint4', 'gripper']",0.010737867094576359,0.016873791813850403,0.46479618549346924,0.08283496648073196,-0.6596117615699768,-0.06749515980482101,0.0,0.0,0.0,0.0,0.0,0.0,0.0,0.0,0.0,0.0,-2.690000057220459,-360.46002197265625,-59.18000030517578,-16.139999389648438,0.0
1781051335.5807707,606544,1781051335,547771299,base_link,"['wheel_left_joint', 'wheel_right_joint', 'joint1', 'joint2', 'joint3', 'joint4', 'gripper']",0.010737867094576359,0.016873791813850403,0.46479618549346924,0.08283496648073196,-0.6596117615699768,-0.06749515980482101,0.0,0.0,0.0,0.0,0.0,0.0,0.0,0.0,0.0,0.0,-5.380000114440918,-360.46002197265625,-59.18000030517578,-18.829999923706055,0.0
1781051335.6184447,606545,1781051335,605771299,base_link,"['wheel_left_joint', 'wheel_right_joint', 'joint1', 'joint2', 'joint3', 'joint4', 'gripper']",0.010737867094576359,0.016873791813850403,0.46479618549346924,0.08283496648073196,-0.6596117615699768,-0.06749515980482101,0.0,0.0,0.0,0.0,0.0,0.0,0.0,0.0,0.0,0.0,-5.380000114440918,-360.46002197265625,-59.18000030517578,-21.520000457763672,0.0
1781051335.670664,606546,1781051335,639771299,base_link,"['wheel_left_joint', 'wheel_right_joint', 'joint1', 'joint2', 'joint3', 'joint4', 'gripper']",0.010737867094576359,0.016873791813850403,0.46479618549346924,0.08283496648073196,-0.6596117615699768,-0.06749515980482101,0.0,0.0,0.0,0.0,0.0,0.0,0.0,0.0,0.0,0.0,-2.690000057220459,-360.46002197265625,-59.18000030517578,-18.829999923706055,0.0
1781051335.7180939,606547,1781051335,701771299,base_link,"['wheel_left_joint', 'wheel_right_joint', 'joint1', 'joint2', 'joint3', 'joint4', 'gripper']",0.010737867094576359,0.016873791813850403,0.46479618549346924,0.08283496648073196,-0.6596117615699768,-0.06749515980482101,0.0,0.0,0.0,0.0,0.0,0.0,0.0,0.0,0.0,0.0,-2.690000057220459,-360.46002197265625,-59.18000030517578,-16.139999389648438,0.0
1781051335.7702968,606548,1781051335,735771299,base_link,"['wheel_left_joint', 'wheel_right_joint', 'joint1', 'joint2', 'joint3', 'joint4', 'gripper']",0.010737867094576359,0.016873791813850403,0.46479618549346924,0.08283496648073196,-0.6596117615699768,-0.06749515980482101,0.0,0.0,0.0,0.0,0.0,0.0,0.0,0.0,0.0,0.0,-5.380000114440918,-360.46002197265625,-59.18000030517578,-18.829999923706055,0.0
1781051335.7968717,606549,1781051335,782771299,base_link,"['wheel_left_joint', 'wheel_right_joint', 'joint1', 'joint2', 'joint3', 'joint4', 'gripper']",0.010737867094576359,0.016873791813850403,0.46786415576934814,0.08283496648073196,-0.6596117615699768,-0.06749515980482101,0.0,0.0,0.0,0.0,0.0,0.0,0.0,0.0,0.0,0.0,-2.690000057220459,-360.46002197265625,-56.4900016784668,-21.520000457763672,0.0
1781051335.8487234,606550,1781051335,816771299,base_link,"['wheel_left_joint', 'wheel_right_joint', 'joint1', 'joint2', 'joint3', 'joint4', 'gripper']",0.010737867094576359,0.016873791813850403,0.46479618549346924,0.08283496648073196,-0.6596117615699768,-0.06749515980482101,0.0,0.0,0.0,0.0,0.0,0.0,0.0,0.0,0.0,0.0,-2.690000057220459,-360.46002197265625,-59.18000030517578,-18.829999923706055,0.0
1781051335.8964875,606551,1781051335,879771299,base_link,"['wheel_left_joint', 'wheel_right_joint', 'joint1', 'joint2', 'joint3', 'joint4', 'gripper']",0.010737867094576359,0.016873791813850403,0.46479618549346924,0.08283496648073196,-0.6596117615699768,-0.06749515980482101,0.0,0.0,0.0,0.0,0.0,0.0,0.0,0.0,0.0,0.0,-2.690000057220459,-360.46002197265625,-59.18000030517578,-16.139999389648438,0.0
1781051335.9501636,606552,1781051335,913771299,base_link,"['wheel_left_joint', 'wheel_right_joint', 'joint1', 'joint2', 'joint3', 'joint4', 'gripper']",0.010737867094576359,0.016873791813850403,0.46786415576934814,0.08283496648073196,-0.6596117615699768,-0.06749515980482101,0.0,0.0,0.0,0.0,0.0,0.0,0.0,0.0,0.0,0.0,-5.380000114440918,-360.46002197265625,-59.18000030517578,-21.520000457763672,0.0
1781051335.9770007,606553,1781051335,961771299,base_link,"['wheel_left_joint', 'wheel_right_joint', 'joint1', 'joint2', 'joint3', 'joint4', 'gripper']",0.010737867094576359,0.016873791813850403,0.46479618549346924,0.08283496648073196,-0.6596117615699768,-0.06749515980482101,0.0,0.0,0.0,0.0,0.0,0.0,0.0,0.0,0.0,0.0,-2.690000057220459,-360.46002197265625,-59.18000030517578,-18.829999923706055,0.0
1781051336.0302083,606554,1781051335,995771299,base_link,"['wheel_left_joint', 'wheel_right_joint', 'joint1', 'joint2', 'joint3', 'joint4', 'gripper']",0.010737867094576359,0.016873791813850403,0.46479618549346924,0.08283496648073196,-0.6596117615699768,-0.06749515980482101,0.0,0.0,0.0,0.0,0.0,0.0,0.0,0.0,0.0,0.0,-5.380000114440918,-360.46002197265625,-59.18000030517578,-18.829999923706055,0.0
1781051336.0681694,606555,1781051336,54771299,base_link,"['wheel_left_joint', 'wheel_right_joint', 'joint1', 'joint2', 'joint3', 'joint4', 'gripper']",0.010737867094576359,0.016873791813850403,0.46479618549346924,0.08283496648073196,-0.6596117615699768,-0.06749515980482101,0.0,0.0,0.0,0.0,0.0,0.0,0.0,0.0,0.0,0.0,-2.690000057220459,-360.46002197265625,-59.18000030517578,-16.139999389648438,0.0
1781051336.1201894,606556,1781051336,88771299,base_link,"['wheel_left_joint', 'wheel_right_joint', 'joint1', 'joint2', 'joint3', 'joint4', 'gripper']",0.010737867094576359,0.016873791813850403,0.46786415576934814,0.08283496648073196,-0.6596117615699768,-0.06749515980482101,0.0,0.0,0.0,0.0,0.0,0.0,0.0,0.0,0.0,0.0,-2.690000057220459,-360.46002197265625,-59.18000030517578,-13.450000762939453,0.0
1781051336.1687257,606557,1781051336,151771299,base_link,"['wheel_left_joint', 'wheel_right_joint', 'joint1', 'joint2', 'joint3', 'joint4', 'gripper']",0.010737867094576359,0.016873791813850403,0.46479618549346924,0.08283496648073196,-0.6596117615699768,-0.06749515980482101,0.0,0.0,0.0,0.0,0.0,0.0,0.0,0.0,0.0,0.0,-2.690000057220459,-363.1499938964844,-59.18000030517578,-21.520000457763672,0.0
1781051336.2251523,606558,1781051336,185771299,base_link,"['wheel_left_joint', 'wheel_right_joint', 'joint1', 'joint2', 'joint3', 'joint4', 'gripper']",0.010737867094576359,0.016873791813850403,0.46479618549346924,0.08283496648073196,-0.6596117615699768,-0.06749515980482101,0.0,0.0,0.0,0.0,0.0,0.0,0.0,0.0,0.0,0.0,-5.380000114440918,-360.46002197265625,-61.87000274658203,-24.21000099182129,0.0
1781051336.2644546,606559,1781051336,248771299,base_link,"['wheel_left_joint', 'wheel_right_joint', 'joint1', 'joint2', 'joint3', 'joint4', 'gripper']",0.010737867094576359,0.016873791813850403,0.46479618549346924,0.08283496648073196,-0.6596117615699768,-0.06749515980482101,0.0,0.0,0.0,0.0,0.0,0.0,0.0,0.0,0.0,0.0,-2.690000057220459,-360.46002197265625,-59.18000030517578,-18.829999923706055,0.0
1781051336.3149,606560,1781051336,282771299,base_link,"['wheel_left_joint', 'wheel_right_joint', 'joint1', 'joint2', 'joint3', 'joint4', 'gripper']",0.010737867094576359,0.016873791813850403,0.46479618549346924,0.08283496648073196,-0.6596117615699768,-0.06902913749217987,0.0,0.0,0.0,0.0,0.0,0.0,0.0,0.0,0.0,0.0,-5.380000114440918,-360.46002197265625,-59.18000030517578,-16.139999389648438,0.0
1781051336.3654273,606561,1781051336,345771299,base_link,"['wheel_left_joint', 'wheel_right_joint', 'joint1', 'joint2', 'joint3', 'joint4', 'gripper']",0.010737867094576359,0.016873791813850403,0.46786415576934814,0.08283496648073196,-0.6596117615699768,-0.06749515980482101,0.0,0.0,0.0,0.0,0.0,0.0,0.0,0.0,0.0,0.0,-5.380000114440918,-360.46002197265625,-59.18000030517578,-18.829999923706055,0.0
1781051336.41608,606562,1781051336,379771299,base_link,"['wheel_left_joint', 'wheel_right_joint', 'joint1', 'joint2', 'joint3', 'joint4', 'gripper']",0.010737867094576359,0.016873791813850403,0.46479618549346924,0.08283496648073196,-0.6596117615699768,-0.06749515980482101,0.0,0.0,0.0,0.0,0.0,0.0,0.0,0.0,0.0,0.0,-2.690000057220459,-360.46002197265625,-59.18000030517578,-18.829999923706055,0.0
1781051336.4376621,606563,1781051336,422771299,base_link,"['wheel_left_joint', 'wheel_right_joint', 'joint1', 'joint2', 'joint3', 'joint4', 'gripper']",0.010737867094576359,0.016873791813850403,0.46479618549346924,0.08283496648073196,-0.6596117615699768,-0.06902913749217987,0.0,0.0,0.0,0.0,0.0,0.0,0.0,0.0,0.0,0.0,-2.690000057220459,-360.46002197265625,-56.4900016784668,-16.139999389648438,0.0
1781051336.49066,606564,1781051336,456771299,base_link,"['wheel_left_joint', 'wheel_right_joint', 'joint1', 'joint2', 'joint3', 'joint4', 'gripper']",0.010737867094576359,0.016873791813850403,0.46479618549346924,0.08283496648073196,-0.6596117615699768,-0.06749515980482101,0.0,0.0,0.0,0.0,0.0,0.0,0.0,0.0,0.0,0.0,-5.380000114440918,-360.46002197265625,-59.18000030517578,-18.829999923706055,0.0
1781051336.5164175,606565,1781051336,499771299,base_link,"['wheel_left_joint', 'wheel_right_joint', 'joint1', 'joint2', 'joint3', 'joint4', 'gripper']",0.010737867094576359,0.016873791813850403,0.46786415576934814,0.08283496648073196,-0.6596117615699768,-0.06749515980482101,0.0,0.0,0.0,0.0,0.0,0.0,0.0,0.0,0.0,0.0,-5.380000114440918,-360.46002197265625,-59.18000030517578,-10.760000228881836,0.0
1781051336.5706897,606566,1781051336,533771299,base_link,"['wheel_left_joint', 'wheel_right_joint', 'joint1', 'joint2', 'joint3', 'joint4', 'gripper']",0.010737867094576359,0.016873791813850403,0.46479618549346924,0.08283496648073196,-0.6596117615699768,-0.06749515980482101,0.0,0.0,0.0,0.0,0.0,0.0,0.0,0.0,0.0,0.0,-5.380000114440918,-360.46002197265625,-61.87000274658203,-18.829999923706055,0.0
1781051336.5912793,606567,1781051336,575771299,base_link,"['wheel_left_joint', 'wheel_right_joint', 'joint1', 'joint2', 'joint3', 'joint4', 'gripper']",0.010737867094576359,0.016873791813850403,0.46786415576934814,0.08283496648073196,-0.6596117615699768,-0.06749515980482101,0.0,0.0,0.0,0.0,0.0,0.0,0.0,0.0,0.0,0.0,-2.690000057220459,-360.46002197265625,-56.4900016784668,-21.520000457763672,0.0
1781051336.644737,606568,1781051336,609771299,base_link,"['wheel_left_joint', 'wheel_right_joint', 'joint1', 'joint2', 'joint3', 'joint4', 'gripper']",0.010737867094576359,0.016873791813850403,0.46479618549346924,0.08283496648073196,-0.6596117615699768,-0.06749515980482101,0.0,0.0,0.0,0.0,0.0,0.0,0.0,0.0,0.0,0.0,-2.690000057220459,-360.46002197265625,-59.18000030517578,-16.139999389648438,0.0
1781051336.6733818,606569,1781051336,653771299,base_link,"['wheel_left_joint', 'wheel_right_joint', 'joint1', 'joint2', 'joint3', 'joint4', 'gripper']",0.010737867094576359,0.016873791813850403,0.46479618549346924,0.08283496648073196,-0.6596117615699768,-0.06749515980482101,0.0,0.0,0.0,0.0,0.0,0.0,0.0,0.0,0.0,0.0,-5.380000114440918,-360.46002197265625,-59.18000030517578,-10.760000228881836,0.0
1781051336.7231207,606570,1781051336,687771299,base_link,"['wheel_left_joint', 'wheel_right_joint', 'joint1', 'joint2', 'joint3', 'joint4', 'gripper']",0.010737867094576359,0.016873791813850403,0.46479618549346924,0.08283496648073196,-0.6596117615699768,-0.06749515980482101,0.0,0.0,0.0,0.0,0.0,0.0,0.0,0.0,0.0,0.0,-2.690000057220459,-360.46002197265625,-59.18000030517578,-16.139999389648438,0.0
1781051336.7467396,606571,1781051336,725771299,base_link,"['wheel_left_joint', 'wheel_right_joint', 'joint1', 'joint2', 'joint3', 'joint4', 'gripper']",0.010737867094576359,0.016873791813850403,0.46786415576934814,0.08283496648073196,-0.6596117615699768,-0.06749515980482101,0.0,0.0,0.0,0.0,0.0,0.0,0.0,0.0,0.0,0.0,-2.690000057220459,-363.1499938964844,-59.18000030517578,-21.520000457763672,0.0
1781051336.8008347,606572,1781051336,791935604,base_link,"['wheel_left_joint', 'wheel_right_joint', 'joint1', 'joint2', 'joint3', 'joint4', 'gripper']",0.010737867094576359,0.016873791813850403,0.46479618549346924,0.08283496648073196,-0.6596117615699768,-0.06749515980482101,0.0,0.0,0.0,0.0,0.0,0.0,0.0,0.0,0.0,0.0,-5.380000114440918,-360.46002197265625,-59.18000030517578,-21.520000457763672,0.0
1781051336.826694,606573,1781051336,838935604,base_link,"['wheel_left_joint', 'wheel_right_joint', 'joint1', 'joint2', 'joint3', 'joint4', 'gripper']",0.010737867094576359,0.016873791813850403,0.46479618549346924,0.08283496648073196,-0.6596117615699768,-0.06749515980482101,0.0,0.0,0.0,0.0,0.0,0.0,0.0,0.0,0.0,0.0,-2.690000057220459,-360.46002197265625,-59.18000030517578,-18.829999923706055,0.0
1781051336.882024,606574,1781051336,872935604,base_link,"['wheel_left_joint', 'wheel_right_joint', 'joint1', 'joint2', 'joint3', 'joint4', 'gripper']",0.010737867094576359,0.016873791813850403,0.46479618549346924,0.08283496648073196,-0.6596117615699768,-0.06749515980482101,0.0,0.0,0.0,0.0,0.0,0.0,0.0,0.0,0.0,0.0,-2.690000057220459,-360.46002197265625,-59.18000030517578,-21.520000457763672,0.0
1781051336.8996234,606575,1781051336,915935604,base_link,"['wheel_left_joint', 'wheel_right_joint', 'joint1', 'joint2', 'joint3', 'joint4', 'gripper']",0.010737867094576359,0.016873791813850403,0.46786415576934814,0.08283496648073196,-0.6596117615699768,-0.06749515980482101,0.0,0.0,0.0,0.0,0.0,0.0,0.0,0.0,0.0,0.0,-2.690000057220459,-363.1499938964844,-59.18000030517578,-18.829999923706055,0.0
1781051336.95249,606576,1781051336,949935604,base_link,"['wheel_left_joint', 'wheel_right_joint', 'joint1', 'joint2', 'joint3', 'joint4', 'gripper']",0.010737867094576359,0.016873791813850403,0.46479618549346924,0.08283496648073196,-0.6596117615699768,-0.06902913749217987,0.0,0.0,0.0,0.0,0.0,0.0,0.0,0.0,0.0,0.0,-5.380000114440918,-360.46002197265625,-59.18000030517578,-13.450000762939453,0.0
1781051336.9738605,606577,1781051336,993935604,base_link,"['wheel_left_joint', 'wheel_right_joint', 'joint1', 'joint2', 'joint3', 'joint4', 'gripper']",0.010737867094576359,0.016873791813850403,0.46479618549346924,0.08283496648073196,-0.6596117615699768,-0.06749515980482101,0.0,0.0,0.0,0.0,0.0,0.0,0.0,0.0,0.0,0.0,-2.690000057220459,-360.46002197265625,-59.18000030517578,-18.829999923706055,0.0
1781051337.0261865,606578,1781051337,27935604,base_link,"['wheel_left_joint', 'wheel_right_joint', 'joint1', 'joint2', 'joint3', 'joint4', 'gripper']",0.010737867094576359,0.016873791813850403,0.46479618549346924,0.08283496648073196,-0.6596117615699768,-0.06749515980482101,0.0,0.0,0.0,0.0,0.0,0.0,0.0,0.0,0.0,0.0,-2.690000057220459,-360.46002197265625,-59.18000030517578,-16.139999389648438,0.0
1781051337.0739303,606579,1781051337,88935604,base_link,"['wheel_left_joint', 'wheel_right_joint', 'joint1', 'joint2', 'joint3', 'joint4', 'gripper']",0.010737867094576359,0.016873791813850403,0.46479618549346924,0.08283496648073196,-0.6596117615699768,-0.06749515980482101,0.0,0.0,0.0,0.0,0.0,0.0,0.0,0.0,0.0,0.0,-5.380000114440918,-360.46002197265625,-59.18000030517578,-21.520000457763672,0.0
1781051337.1278658,606580,1781051337,122935604,base_link,"['wheel_left_joint', 'wheel_right_joint', 'joint1', 'joint2', 'joint3', 'joint4', 'gripper']",0.010737867094576359,0.016873791813850403,0.46479618549346924,0.08283496648073196,-0.6596117615699768,-0.06749515980482101,0.0,0.0,0.0,0.0,0.0,0.0,0.0,0.0,0.0,0.0,-5.380000114440918,-360.46002197265625,-59.18000030517578,-21.520000457763672,0.0
1781051337.1550362,606581,1781051337,170935604,base_link,"['wheel_left_joint', 'wheel_right_joint', 'joint1', 'joint2', 'joint3', 'joint4', 'gripper']",0.010737867094576359,0.016873791813850403,0.46786415576934814,0.08283496648073196,-0.6596117615699768,-0.06749515980482101,0.0,0.0,0.0,0.0,0.0,0.0,0.0,0.0,0.0,0.0,-5.380000114440918,-360.46002197265625,-59.18000030517578,-21.520000457763672,0.0
1781051337.2093062,606582,1781051337,204935604,base_link,"['wheel_left_joint', 'wheel_right_joint', 'joint1', 'joint2', 'joint3', 'joint4', 'gripper']",0.010737867094576359,0.016873791813850403,0.46479618549346924,0.08283496648073196,-0.6596117615699768,-0.06749515980482101,0.0,0.0,0.0,0.0,0.0,0.0,0.0,0.0,0.0,0.0,-2.690000057220459,-363.1499938964844,-59.18000030517578,-18.829999923706055,0.0
1781051337.231114,606583,1781051337,243935604,base_link,"['wheel_left_joint', 'wheel_right_joint', 'joint1', 'joint2', 'joint3', 'joint4', 'gripper']",0.010737867094576359,0.016873791813850403,0.46479618549346924,0.08283496648073196,-0.6596117615699768,-0.06749515980482101,0.0,0.0,0.0,0.0,0.0,0.0,0.0,0.0,0.0,0.0,-2.690000057220459,-360.46002197265625,-59.18000030517578,-18.829999923706055,0.0
1781051337.2841542,606584,1781051337,277935604,base_link,"['wheel_left_joint', 'wheel_right_joint', 'joint1', 'joint2', 'joint3', 'joint4', 'gripper']",0.010737867094576359,0.016873791813850403,0.46786415576934814,0.08283496648073196,-0.6596117615699768,-0.06749515980482101,0.0,0.0,0.0,0.0,0.0,0.0,0.0,0.0,0.0,0.0,-5.380000114440918,-360.46002197265625,-59.18000030517578,-18.829999923706055,0.0
1781051337.3108397,606585,1781051337,323935604,base_link,"['wheel_left_joint', 'wheel_right_joint', 'joint1', 'joint2', 'joint3', 'joint4', 'gripper']",0.010737867094576359,0.016873791813850403,0.46479618549346924,0.08283496648073196,-0.6596117615699768,-0.06902913749217987,0.0,0.0,0.0,0.0,0.0,0.0,0.0,0.0,0.0,0.0,-5.380000114440918,-360.46002197265625,-59.18000030517578,-16.139999389648438,0.0
1781051337.3633401,606586,1781051337,357935604,base_link,"['wheel_left_joint', 'wheel_right_joint', 'joint1', 'joint2', 'joint3', 'joint4', 'gripper']",0.010737867094576359,0.016873791813850403,0.46786415576934814,0.08283496648073196,-0.6596117615699768,-0.06749515980482101,0.0,0.0,0.0,0.0,0.0,0.0,0.0,0.0,0.0,0.0,-5.380000114440918,-360.46002197265625,-59.18000030517578,-21.520000457763672,0.0
1781051337.3845572,606587,1781051337,401935604,base_link,"['wheel_left_joint', 'wheel_right_joint', 'joint1', 'joint2', 'joint3', 'joint4', 'gripper']",0.010737867094576359,0.016873791813850403,0.46479618549346924,0.08283496648073196,-0.6596117615699768,-0.06749515980482101,0.0,0.0,0.0,0.0,0.0,0.0,0.0,0.0,0.0,0.0,-5.380000114440918,-360.46002197265625,-59.18000030517578,-21.520000457763672,0.0
1781051337.4375548,606588,1781051337,435935604,base_link,"['wheel_left_joint', 'wheel_right_joint', 'joint1', 'joint2', 'joint3', 'joint4', 'gripper']",0.010737867094576359,0.016873791813850403,0.46479618549346924,0.08283496648073196,-0.6596117615699768,-0.06749515980482101,0.0,0.0,0.0,0.0,0.0,0.0,0.0,0.0,0.0,0.0,-2.690000057220459,-360.46002197265625,-59.18000030517578,-18.829999923706055,0.0
1781051337.4594417,606589,1781051337,478935604,base_link,"['wheel_left_joint', 'wheel_right_joint', 'joint1', 'joint2', 'joint3', 'joint4', 'gripper']",0.010737867094576359,0.016873791813850403,0.46479618549346924,0.08283496648073196,-0.6596117615699768,-0.06749515980482101,0.0,0.0,0.0,0.0,0.0,0.0,0.0,0.0,0.0,0.0,-2.690000057220459,-360.46002197265625,-59.18000030517578,-18.829999923706055,0.0
1781051337.5111935,606590,1781051337,512935604,base_link,"['wheel_left_joint', 'wheel_right_joint', 'joint1', 'joint2', 'joint3', 'joint4', 'gripper']",0.010737867094576359,0.016873791813850403,0.46479618549346924,0.08283496648073196,-0.6596117615699768,-0.06902913749217987,0.0,0.0,0.0,0.0,0.0,0.0,0.0,0.0,0.0,0.0,-2.690000057220459,-360.46002197265625,-59.18000030517578,-18.829999923706055,0.0
1781051337.5590131,606591,1781051337,573935604,base_link,"['wheel_left_joint', 'wheel_right_joint', 'joint1', 'joint2', 'joint3', 'joint4', 'gripper']",0.010737867094576359,0.016873791813850403,0.46786415576934814,0.08283496648073196,-0.6596117615699768,-0.06749515980482101,0.0,0.0,0.0,0.0,0.0,0.0,0.0,0.0,0.0,0.0,-2.690000057220459,-360.46002197265625,-61.87000274658203,-10.760000228881836,0.0
1781051337.6113799,606592,1781051337,607935604,base_link,"['wheel_left_joint', 'wheel_right_joint', 'joint1', 'joint2', 'joint3', 'joint4', 'gripper']",0.010737867094576359,0.016873791813850403,0.46786415576934814,0.08283496648073196,-0.6596117615699768,-0.06749515980482101,0.0,0.0,0.0,0.0,0.0,0.0,0.0,0.0,0.0,0.0,-5.380000114440918,-363.1499938964844,-59.18000030517578,-18.829999923706055,0.0
1781051337.6388657,606593,1781051337,654935604,base_link,"['wheel_left_joint', 'wheel_right_joint', 'joint1', 'joint2', 'joint3', 'joint4', 'gripper']",0.010737867094576359,0.016873791813850403,0.46479618549346924,0.08283496648073196,-0.6596117615699768,-0.06749515980482101,0.0,0.0,0.0,0.0,0.0,0.0,0.0,0.0,0.0,0.0,-5.380000114440918,-360.46002197265625,-59.18000030517578,-18.829999923706055,0.0
1781051337.6915944,606594,1781051337,688935604,base_link,"['wheel_left_joint', 'wheel_right_joint', 'joint1', 'joint2', 'joint3', 'joint4', 'gripper']",0.010737867094576359,0.016873791813850403,0.46479618549346924,0.08283496648073196,-0.6596117615699768,-0.06749515980482101,0.0,0.0,0.0,0.0,0.0,0.0,0.0,0.0,0.0,0.0,-5.380000114440918,-360.46002197265625,-59.18000030517578,-21.520000457763672,0.0
1781051337.7124946,606595,1781051337,725935604,base_link,"['wheel_left_joint', 'wheel_right_joint', 'joint1', 'joint2', 'joint3', 'joint4', 'gripper']",0.010737867094576359,0.016873791813850403,0.46479618549346924,0.08283496648073196,-0.6596117615699768,-0.06902913749217987,0.0,0.0,0.0,0.0,0.0,0.0,0.0,0.0,0.0,0.0,-5.380000114440918,-360.46002197265625,-59.18000030517578,-13.450000762939453,0.0
1781051337.7653449,606596,1781051337,759935604,base_link,"['wheel_left_joint', 'wheel_right_joint', 'joint1', 'joint2', 'joint3', 'joint4', 'gripper']",0.010737867094576359,0.016873791813850403,0.46479618549346924,0.08283496648073196,-0.6596117615699768,-0.06749515980482101,0.0,0.0,0.0,0.0,0.0,0.0,0.0,0.0,0.0,0.0,-2.690000057220459,-360.46002197265625,-59.18000030517578,-18.829999923706055,0.0
1781051337.7915225,606597,1781051337,804935604,base_link,"['wheel_left_joint', 'wheel_right_joint', 'joint1', 'joint2', 'joint3', 'joint4', 'gripper']",0.010737867094576359,0.016873791813850403,0.46479618549346924,0.08283496648073196,-0.6596117615699768,-0.06749515980482101,0.0,0.0,0.0,0.0,0.0,0.0,0.0,0.0,0.0,0.0,-5.380000114440918,-360.46002197265625,-59.18000030517578,-18.829999923706055,0.0
1781051337.8440804,606598,1781051337,838935604,base_link,"['wheel_left_joint', 'wheel_right_joint', 'joint1', 'joint2', 'joint3', 'joint4', 'gripper']",0.010737867094576359,0.016873791813850403,0.46479618549346924,0.08283496648073196,-0.6596117615699768,-0.06749515980482101,0.0,0.0,0.0,0.0,0.0,0.0,0.0,0.0,0.0,0.0,-5.380000114440918,-360.46002197265625,-67.25,-21.520000457763672,0.0
1781051337.8653452,606599,1781051337,880935604,base_link,"['wheel_left_joint', 'wheel_right_joint', 'joint1', 'joint2', 'joint3', 'joint4', 'gripper']",0.010737867094576359,0.016873791813850403,0.46479618549346924,0.08283496648073196,-0.6596117615699768,-0.06749515980482101,0.0,0.0,0.0,0.0,0.0,0.0,0.0,0.0,0.0,0.0,-2.690000057220459,-360.46002197265625,-59.18000030517578,-8.069999694824219,0.0
1781051337.9184716,606600,1781051337,914935604,base_link,"['wheel_left_joint', 'wheel_right_joint', 'joint1', 'joint2', 'joint3', 'joint4', 'gripper']",0.010737867094576359,0.016873791813850403,0.46479618549346924,0.08283496648073196,-0.6596117615699768,-0.06902913749217987,0.0,0.0,0.0,0.0,0.0,0.0,0.0,0.0,0.0,0.0,-2.690000057220459,-360.46002197265625,-59.18000030517578,-18.829999923706055,0.0
1781051337.940308,606601,1781051337,959935604,base_link,"['wheel_left_joint', 'wheel_right_joint', 'joint1', 'joint2', 'joint3', 'joint4', 'gripper']",0.010737867094576359,0.016873791813850403,0.46479618549346924,0.08283496648073196,-0.6596117615699768,-0.06749515980482101,0.0,0.0,0.0,0.0,0.0,0.0,0.0,0.0,0.0,0.0,-2.690000057220459,-360.46002197265625,-59.18000030517578,-16.139999389648438,0.0
1781051337.9923553,606602,1781051337,993935604,base_link,"['wheel_left_joint', 'wheel_right_joint', 'joint1', 'joint2', 'joint3', 'joint4', 'gripper']",0.010737867094576359,0.016873791813850403,0.46786415576934814,0.08283496648073196,-0.6596117615699768,-0.06749515980482101,0.0,0.0,0.0,0.0,0.0,0.0,0.0,0.0,0.0,0.0,-5.380000114440918,-360.46002197265625,-61.87000274658203,-18.829999923706055,0.0
1781051338.0402572,606603,1781051338,55935604,base_link,"['wheel_left_joint', 'wheel_right_joint', 'joint1', 'joint2', 'joint3', 'joint4', 'gripper']",0.010737867094576359,0.016873791813850403,0.46786415576934814,0.08283496648073196,-0.6596117615699768,-0.06749515980482101,0.0,0.0,0.0,0.0,0.0,0.0,0.0,0.0,0.0,0.0,-5.380000114440918,-360.46002197265625,-59.18000030517578,-18.829999923706055,0.0
1781051338.0931017,606604,1781051338,89935604,base_link,"['wheel_left_joint', 'wheel_right_joint', 'joint1', 'joint2', 'joint3', 'joint4', 'gripper']",0.010737867094576359,0.016873791813850403,0.46786415576934814,0.08283496648073196,-0.6596117615699768,-0.06749515980482101,0.0,0.0,0.0,0.0,0.0,0.0,0.0,0.0,0.0,0.0,-5.380000114440918,-360.46002197265625,-59.18000030517578,-18.829999923706055,0.0
1781051338.120183,606605,1781051338,136935604,base_link,"['wheel_left_joint', 'wheel_right_joint', 'joint1', 'joint2', 'joint3', 'joint4', 'gripper']",0.010737867094576359,0.016873791813850403,0.46786415576934814,0.08283496648073196,-0.6580777764320374,-0.06749515980482101,0.0,0.0,0.0,0.0,0.0,0.0,0.0,0.0,0.0,0.0,-2.690000057220459,-360.46002197265625,-61.87000274658203,-16.139999389648438,0.0
1781051338.1729152,606606,1781051338,170935604,base_link,"['wheel_left_joint', 'wheel_right_joint', 'joint1', 'joint2', 'joint3', 'joint4', 'gripper']",0.010737867094576359,0.016873791813850403,0.46786415576934814,0.08283496648073196,-0.6596117615699768,-0.06749515980482101,0.0,0.0,0.0,0.0,0.0,0.0,0.0,0.0,0.0,0.0,-2.690000057220459,-360.46002197265625,-61.87000274658203,-18.829999923706055,0.0
1781051338.2174673,606607,1781051338,229935604,base_link,"['wheel_left_joint', 'wheel_right_joint', 'joint1', 'joint2', 'joint3', 'joint4', 'gripper']",0.010737867094576359,0.016873791813850403,0.46479618549346924,0.08283496648073196,-0.6596117615699768,-0.06749515980482101,0.0,0.0,0.0,0.0,0.0,0.0,0.0,0.0,0.0,0.0,-5.380000114440918,-360.46002197265625,-59.18000030517578,-18.829999923706055,0.0
1781051338.2704532,606608,1781051338,263935604,base_link,"['wheel_left_joint', 'wheel_right_joint', 'joint1', 'joint2', 'joint3', 'joint4', 'gripper']",0.010737867094576359,0.016873791813850403,0.46479618549346924,0.08283496648073196,-0.6596117615699768,-0.06749515980482101,0.0,0.0,0.0,0.0,0.0,0.0,0.0,0.0,0.0,0.0,-5.380000114440918,-360.46002197265625,-59.18000030517578,-16.139999389648438,0.0
1781051338.2922497,606609,1781051338,307935604,base_link,"['wheel_left_joint', 'wheel_right_joint', 'joint1', 'joint2', 'joint3', 'joint4', 'gripper']",0.010737867094576359,0.016873791813850403,0.46479618549346924,0.08283496648073196,-0.6596117615699768,-0.06749515980482101,0.0,0.0,0.0,0.0,0.0,0.0,0.0,0.0,0.0,0.0,-2.690000057220459,-360.46002197265625,-59.18000030517578,-18.829999923706055,0.0
1781051338.3446476,606610,1781051338,341935604,base_link,"['wheel_left_joint', 'wheel_right_joint', 'joint1', 'joint2', 'joint3', 'joint4', 'gripper']",0.010737867094576359,0.016873791813850403,0.46479618549346924,0.08283496648073196,-0.6596117615699768,-0.06902913749217987,0.0,0.0,0.0,0.0,0.0,0.0,0.0,0.0,0.0,0.0,-2.690000057220459,-360.46002197265625,-59.18000030517578,-18.829999923706055,0.0
1781051338.370555,606611,1781051338,383935604,base_link,"['wheel_left_joint', 'wheel_right_joint', 'joint1', 'joint2', 'joint3', 'joint4', 'gripper']",0.010737867094576359,0.016873791813850403,0.46479618549346924,0.08283496648073196,-0.6596117615699768,-0.06749515980482101,0.0,0.0,0.0,0.0,0.0,0.0,0.0,0.0,0.0,0.0,-5.380000114440918,-355.08001708984375,-59.18000030517578,-21.520000457763672,0.0
1781051338.4226353,606612,1781051338,417935604,base_link,"['wheel_left_joint', 'wheel_right_joint', 'joint1', 'joint2', 'joint3', 'joint4', 'gripper']",0.010737867094576359,0.016873791813850403,0.46479618549346924,0.08283496648073196,-0.6596117615699768,-0.06749515980482101,0.0,0.0,0.0,0.0,0.0,0.0,0.0,0.0,0.0,0.0,-5.380000114440918,-357.77001953125,-59.18000030517578,-18.829999923706055,0.0
1781051338.444303,606613,1781051338,457935604,base_link,"['wheel_left_joint', 'wheel_right_joint', 'joint1', 'joint2', 'joint3', 'joint4', 'gripper']",0.010737867094576359,0.016873791813850403,0.46479618549346924,0.08283496648073196,-0.6596117615699768,-0.06749515980482101,0.0,0.0,0.0,0.0,0.0,0.0,0.0,0.0,0.0,0.0,0.0,-360.46002197265625,-59.18000030517578,-10.760000228881836,0.0
1781051338.4974263,606614,1781051338,491935604,base_link,"['wheel_left_joint', 'wheel_right_joint', 'joint1', 'joint2', 'joint3', 'joint4', 'gripper']",0.010737867094576359,0.016873791813850403,0.46786415576934814,0.08283496648073196,-0.6596117615699768,-0.06749515980482101,0.0,0.0,0.0,0.0,0.0,0.0,0.0,0.0,0.0,0.0,-5.380000114440918,-360.46002197265625,-61.87000274658203,-18.829999923706055,0.0
1781051338.5238867,606615,1781051338,536935604,base_link,"['wheel_left_joint', 'wheel_right_joint', 'joint1', 'joint2', 'joint3', 'joint4', 'gripper']",0.010737867094576359,0.016873791813850403,0.46479618549346924,0.08283496648073196,-0.6596117615699768,-0.06749515980482101,0.0,0.0,0.0,0.0,0.0,0.0,0.0,0.0,0.0,0.0,-5.380000114440918,-357.77001953125,-59.18000030517578,-18.829999923706055,0.0
1781051338.5767596,606616,1781051338,570935604,base_link,"['wheel_left_joint', 'wheel_right_joint', 'joint1', 'joint2', 'joint3', 'joint4', 'gripper']",0.010737867094576359,0.016873791813850403,0.46479618549346924,0.08283496648073196,-0.6596117615699768,-0.06749515980482101,0.0,0.0,0.0,0.0,0.0,0.0,0.0,0.0,0.0,0.0,-2.690000057220459,-360.46002197265625,-59.18000030517578,-18.829999923706055,0.0
1781051338.598336,606617,1781051338,613935604,base_link,"['wheel_left_joint', 'wheel_right_joint', 'joint1', 'joint2', 'joint3', 'joint4', 'gripper']",0.010737867094576359,0.016873791813850403,0.46479618549346924,0.08283496648073196,-0.6596117615699768,-0.06749515980482101,0.0,0.0,0.0,0.0,0.0,0.0,0.0,0.0,0.0,0.0,-2.690000057220459,-360.46002197265625,-59.18000030517578,-18.829999923706055,0.0
1781051338.652267,606618,1781051338,647935604,base_link,"['wheel_left_joint', 'wheel_right_joint', 'joint1', 'joint2', 'joint3', 'joint4', 'gripper']",0.010737867094576359,0.016873791813850403,0.46479618549346924,0.08283496648073196,-0.6596117615699768,-0.06749515980482101,0.0,0.0,0.0,0.0,0.0,0.0,0.0,0.0,0.0,0.0,-2.690000057220459,-360.46002197265625,-59.18000030517578,-13.450000762939453,0.0
1781051338.679559,606619,1781051338,690935604,base_link,"['wheel_left_joint', 'wheel_right_joint', 'joint1', 'joint2', 'joint3', 'joint4', 'gripper']",0.010737867094576359,0.016873791813850403,0.46479618549346924,0.08283496648073196,-0.6596117615699768,-0.06749515980482101,0.0,0.0,0.0,0.0,0.0,0.0,0.0,0.0,0.0,0.0,-5.380000114440918,-360.46002197265625,-59.18000030517578,-21.520000457763672,0.0
1781051338.7337222,606620,1781051338,724935604,base_link,"['wheel_left_joint', 'wheel_right_joint', 'joint1', 'joint2', 'joint3', 'joint4', 'gripper']",0.010737867094576359,0.016873791813850403,0.46479618549346924,0.08283496648073196,-0.6596117615699768,-0.06749515980482101,0.0,0.0,0.0,0.0,0.0,0.0,0.0,0.0,0.0,0.0,-5.380000114440918,-360.46002197265625,-59.18000030517578,-21.520000457763672,0.0
1781051338.7533796,606621,1781051338,765935604,base_link,"['wheel_left_joint', 'wheel_right_joint', 'joint1', 'joint2', 'joint3', 'joint4', 'gripper']",0.010737867094576359,0.016873791813850403,0.46479618549346924,0.08283496648073196,-0.6596117615699768,-0.06749515980482101,0.0,0.0,0.0,0.0,0.0,0.0,0.0,0.0,0.0,0.0,-2.690000057220459,-360.46002197265625,-59.18000030517578,-26.900001525878906,0.0
1781051338.804331,606622,1781051338,799935604,base_link,"['wheel_left_joint', 'wheel_right_joint', 'joint1', 'joint2', 'joint3', 'joint4', 'gripper']",0.010737867094576359,0.016873791813850403,0.46479618549346924,0.08283496648073196,-0.6596117615699768,-0.06749515980482101,0.0,0.0,0.0,0.0,0.0,0.0,0.0,0.0,0.0,0.0,-5.380000114440918,-360.46002197265625,-59.18000030517578,-18.829999923706055,0.0
1781051338.8324742,606623,1781051338,843935604,base_link,"['wheel_left_joint', 'wheel_right_joint', 'joint1', 'joint2', 'joint3', 'joint4', 'gripper']",0.010737867094576359,0.016873791813850403,0.46479618549346924,0.08283496648073196,-0.6596117615699768,-0.06749515980482101,0.0,0.0,0.0,0.0,0.0,0.0,0.0,0.0,0.0,0.0,-2.690000057220459,-360.46002197265625,-59.18000030517578,-18.829999923706055,0.0
1781051338.8844137,606624,1781051338,877935604,base_link,"['wheel_left_joint', 'wheel_right_joint', 'joint1', 'joint2', 'joint3', 'joint4', 'gripper']",0.010737867094576359,0.016873791813850403,0.46786415576934814,0.08283496648073196,-0.6596117615699768,-0.06749515980482101,0.0,0.0,0.0,0.0,0.0,0.0,0.0,0.0,0.0,0.0,-5.380000114440918,-360.46002197265625,-59.18000030517578,-16.139999389648438,0.0
1781051338.9062715,606625,1781051338,918935604,base_link,"['wheel_left_joint', 'wheel_right_joint', 'joint1', 'joint2', 'joint3', 'joint4', 'gripper']",0.010737867094576359,0.016873791813850403,0.46479618549346924,0.08283496648073196,-0.6596117615699768,-0.06749515980482101,0.0,0.0,0.0,0.0,0.0,0.0,0.0,0.0,0.0,0.0,-2.690000057220459,-360.46002197265625,-59.18000030517578,-18.829999923706055,0.0
1781051338.9584167,606626,1781051338,952935604,base_link,"['wheel_left_joint', 'wheel_right_joint', 'joint1', 'joint2', 'joint3', 'joint4', 'gripper']",0.010737867094576359,0.016873791813850403,0.46479618549346924,0.08283496648073196,-0.6596117615699768,-0.06749515980482101,0.0,0.0,0.0,0.0,0.0,0.0,0.0,0.0,0.0,0.0,-5.380000114440918,-360.46002197265625,-59.18000030517578,-18.829999923706055,0.0
1781051338.980107,606627,1781051338,997935604,base_link,"['wheel_left_joint', 'wheel_right_joint', 'joint1', 'joint2', 'joint3', 'joint4', 'gripper']",0.010737867094576359,0.016873791813850403,0.46479618549346924,0.08283496648073196,-0.6596117615699768,-0.06902913749217987,0.0,0.0,0.0,0.0,0.0,0.0,0.0,0.0,0.0,0.0,-2.690000057220459,-360.46002197265625,-59.18000030517578,-18.829999923706055,0.0
1781051339.0328288,606628,1781051339,31935604,base_link,"['wheel_left_joint', 'wheel_right_joint', 'joint1', 'joint2', 'joint3', 'joint4', 'gripper']",0.010737867094576359,0.016873791813850403,0.46479618549346924,0.08283496648073196,-0.6596117615699768,-0.06749515980482101,0.0,0.0,0.0,0.0,0.0,0.0,0.0,0.0,0.0,0.0,-2.690000057220459,-360.46002197265625,-67.25,-18.829999923706055,0.0
1781051339.0611346,606629,1781051339,76935604,base_link,"['wheel_left_joint', 'wheel_right_joint', 'joint1', 'joint2', 'joint3', 'joint4', 'gripper']",0.010737867094576359,0.016873791813850403,0.46479618549346924,0.08283496648073196,-0.6596117615699768,-0.06749515980482101,0.0,0.0,0.0,0.0,0.0,0.0,0.0,0.0,0.0,0.0,-2.690000057220459,-360.46002197265625,-59.18000030517578,-18.829999923706055,0.0
1781051339.1142323,606630,1781051339,110935604,base_link,"['wheel_left_joint', 'wheel_right_joint', 'joint1', 'joint2', 'joint3', 'joint4', 'gripper']",0.010737867094576359,0.016873791813850403,0.46479618549346924,0.08283496648073196,-0.6596117615699768,-0.06749515980482101,0.0,0.0,0.0,0.0,0.0,0.0,0.0,0.0,0.0,0.0,-5.380000114440918,-360.46002197265625,-61.87000274658203,-21.520000457763672,0.0
1781051339.1524746,606631,1781051339,168935604,base_link,"['wheel_left_joint', 'wheel_right_joint', 'joint1', 'joint2', 'joint3', 'joint4', 'gripper']",0.010737867094576359,0.016873791813850403,0.46479618549346924,0.08283496648073196,-0.6596117615699768,-0.06902913749217987,0.0,0.0,0.0,0.0,0.0,0.0,0.0,0.0,0.0,0.0,-5.380000114440918,-360.46002197265625,-61.87000274658203,-21.520000457763672,0.0
1781051339.20768,606632,1781051339,202935604,base_link,"['wheel_left_joint', 'wheel_right_joint', 'joint1', 'joint2', 'joint3', 'joint4', 'gripper']",0.010737867094576359,0.016873791813850403,0.46479618549346924,0.08283496648073196,-0.6596117615699768,-0.06749515980482101,0.0,0.0,0.0,0.0,0.0,0.0,0.0,0.0,0.0,0.0,-2.690000057220459,-360.46002197265625,-59.18000030517578,-18.829999923706055,0.0
1781051339.2488732,606633,1781051339,263935604,base_link,"['wheel_left_joint', 'wheel_right_joint', 'joint1', 'joint2', 'joint3', 'joint4', 'gripper']",0.010737867094576359,0.016873791813850403,0.46479618549346924,0.08283496648073196,-0.6596117615699768,-0.06749515980482101,0.0,0.0,0.0,0.0,0.0,0.0,0.0,0.0,0.0,0.0,-2.690000057220459,-357.77001953125,-59.18000030517578,-18.829999923706055,0.0
1781051339.3018284,606634,1781051339,267126857,base_link,"['wheel_left_joint', 'wheel_right_joint', 'joint1', 'joint2', 'joint3', 'joint4', 'gripper']",0.010737867094576359,0.016873791813850403,0.46479618549346924,0.08283496648073196,-0.6596117615699768,-0.06749515980482101,0.0,0.0,0.0,0.0,0.0,0.0,0.0,0.0,0.0,0.0,-2.690000057220459,-363.1499938964844,-59.18000030517578,-2.690000057220459,0.0
1781051339.3447826,606635,1781051339,333126857,base_link,"['wheel_left_joint', 'wheel_right_joint', 'joint1', 'joint2', 'joint3', 'joint4', 'gripper']",0.010737867094576359,0.016873791813850403,0.46786415576934814,0.08283496648073196,-0.6596117615699768,-0.06749515980482101,0.0,0.0,0.0,0.0,0.0,0.0,0.0,0.0,0.0,0.0,-5.380000114440918,-360.46002197265625,-61.87000274658203,-21.520000457763672,0.0
1781051339.3968716,606636,1781051339,367126857,base_link,"['wheel_left_joint', 'wheel_right_joint', 'joint1', 'joint2', 'joint3', 'joint4', 'gripper']",0.010737867094576359,0.016873791813850403,0.46479618549346924,0.08283496648073196,-0.6596117615699768,-0.06749515980482101,0.0,0.0,0.0,0.0,0.0,0.0,0.0,0.0,0.0,0.0,-2.690000057220459,-360.46002197265625,-59.18000030517578,-18.829999923706055,0.0
1781051339.4421756,606637,1781051339,429126857,base_link,"['wheel_left_joint', 'wheel_right_joint', 'joint1', 'joint2', 'joint3', 'joint4', 'gripper']",0.010737867094576359,0.016873791813850403,0.46786415576934814,0.08283496648073196,-0.6596117615699768,-0.06596117466688156,0.0,0.0,0.0,0.0,0.0,0.0,0.0,0.0,0.0,0.0,-2.690000057220459,-360.46002197265625,-59.18000030517578,-16.139999389648438,0.0
1781051339.49184,606638,1781051339,463126857,base_link,"['wheel_left_joint', 'wheel_right_joint', 'joint1', 'joint2', 'joint3', 'joint4', 'gripper']",0.010737867094576359,0.016873791813850403,0.46786415576934814,0.08283496648073196,-0.6596117615699768,-0.06749515980482101,0.0,0.0,0.0,0.0,0.0,0.0,0.0,0.0,0.0,0.0,-2.690000057220459,-360.46002197265625,-61.87000274658203,-18.829999923706055,0.0
1781051339.5358045,606639,1781051339,524126857,base_link,"['wheel_left_joint', 'wheel_right_joint', 'joint1', 'joint2', 'joint3', 'joint4', 'gripper']",0.010737867094576359,0.016873791813850403,0.46479618549346924,0.08283496648073196,-0.6596117615699768,-0.06749515980482101,0.0,0.0,0.0,0.0,0.0,0.0,0.0,0.0,0.0,0.0,-5.380000114440918,-360.46002197265625,-59.18000030517578,-21.520000457763672,0.0
1781051339.5875723,606640,1781051339,558126857,base_link,"['wheel_left_joint', 'wheel_right_joint', 'joint1', 'joint2', 'joint3', 'joint4', 'gripper']",0.010737867094576359,0.016873791813850403,0.46786415576934814,0.08283496648073196,-0.6596117615699768,-0.06749515980482101,0.0,0.0,0.0,0.0,0.0,0.0,0.0,0.0,0.0,0.0,-2.690000057220459,-360.46002197265625,-59.18000030517578,-16.139999389648438,0.0
1781051339.6353893,606641,1781051339,620126857,base_link,"['wheel_left_joint', 'wheel_right_joint', 'joint1', 'joint2', 'joint3', 'joint4', 'gripper']",0.010737867094576359,0.016873791813850403,0.46479618549346924,0.08283496648073196,-0.6596117615699768,-0.06749515980482101,0.0,0.0,0.0,0.0,0.0,0.0,0.0,0.0,0.0,0.0,-5.380000114440918,-360.46002197265625,-59.18000030517578,-21.520000457763672,0.0
1781051339.6881027,606642,1781051339,654126857,base_link,"['wheel_left_joint', 'wheel_right_joint', 'joint1', 'joint2', 'joint3', 'joint4', 'gripper']",0.010737867094576359,0.016873791813850403,0.46479618549346924,0.08283496648073196,-0.6596117615699768,-0.06749515980482101,0.0,0.0,0.0,0.0,0.0,0.0,0.0,0.0,0.0,0.0,-2.690000057220459,-360.46002197265625,-59.18000030517578,-18.829999923706055,0.0
1781051339.71344,606643,1781051339,701126857,base_link,"['wheel_left_joint', 'wheel_right_joint', 'joint1', 'joint2', 'joint3', 'joint4', 'gripper']",0.010737867094576359,0.016873791813850403,0.46479618549346924,0.08283496648073196,-0.6596117615699768,-0.06749515980482101,0.0,0.0,0.0,0.0,0.0,0.0,0.0,0.0,0.0,0.0,-5.380000114440918,-360.46002197265625,-59.18000030517578,-10.760000228881836,0.0
1781051339.7653134,606644,1781051339,735126857,base_link,"['wheel_left_joint', 'wheel_right_joint', 'joint1', 'joint2', 'joint3', 'joint4', 'gripper']",0.010737867094576359,0.016873791813850403,0.46479618549346924,0.08283496648073196,-0.6596117615699768,-0.06749515980482101,0.0,0.0,0.0,0.0,0.0,0.0,0.0,0.0,0.0,0.0,-5.380000114440918,-360.46002197265625,-59.18000030517578,-21.520000457763672,0.0
1781051339.817072,606645,1781051339,797126857,base_link,"['wheel_left_joint', 'wheel_right_joint', 'joint1', 'joint2', 'joint3', 'joint4', 'gripper']",0.010737867094576359,0.016873791813850403,0.46479618549346924,0.08283496648073196,-0.6596117615699768,-0.06749515980482101,0.0,0.0,0.0,0.0,0.0,0.0,0.0,0.0,0.0,0.0,-2.690000057220459,-360.46002197265625,-59.18000030517578,-18.829999923706055,0.0
1781051339.8659885,606646,1781051339,831126857,base_link,"['wheel_left_joint', 'wheel_right_joint', 'joint1', 'joint2', 'joint3', 'joint4', 'gripper']",0.010737867094576359,0.016873791813850403,0.46786415576934814,0.08283496648073196,-0.6596117615699768,-0.06749515980482101,0.0,0.0,0.0,0.0,0.0,0.0,0.0,0.0,0.0,0.0,-5.380000114440918,-360.46002197265625,-59.18000030517578,-18.829999923706055,0.0
1781051339.8934133,606647,1781051339,879126857,base_link,"['wheel_left_joint', 'wheel_right_joint', 'joint1', 'joint2', 'joint3', 'joint4', 'gripper']",0.010737867094576359,0.016873791813850403,0.46479618549346924,0.08283496648073196,-0.6596117615699768,-0.06749515980482101,0.0,0.0,0.0,0.0,0.0,0.0,0.0,0.0,0.0,0.0,-2.690000057220459,-360.46002197265625,-59.18000030517578,-21.520000457763672,0.0
1781051339.945739,606648,1781051339,913126857,base_link,"['wheel_left_joint', 'wheel_right_joint', 'joint1', 'joint2', 'joint3', 'joint4', 'gripper']",0.010737867094576359,0.016873791813850403,0.46479618549346924,0.08283496648073196,-0.6596117615699768,-0.06749515980482101,0.0,0.0,0.0,0.0,0.0,0.0,0.0,0.0,0.0,0.0,-2.690000057220459,-360.46002197265625,-59.18000030517578,-21.520000457763672,0.0
1781051339.9877362,606649,1781051339,972126857,base_link,"['wheel_left_joint', 'wheel_right_joint', 'joint1', 'joint2', 'joint3', 'joint4', 'gripper']",0.010737867094576359,0.016873791813850403,0.46479618549346924,0.08283496648073196,-0.6596117615699768,-0.06749515980482101,0.0,0.0,0.0,0.0,0.0,0.0,0.0,0.0,0.0,0.0,-2.690000057220459,-360.46002197265625,-59.18000030517578,-18.829999923706055,0.0
1781051340.0417721,606650,1781051340,6126857,base_link,"['wheel_left_joint', 'wheel_right_joint', 'joint1', 'joint2', 'joint3', 'joint4', 'gripper']",0.010737867094576359,0.016873791813850403,0.46479618549346924,0.08283496648073196,-0.6596117615699768,-0.06749515980482101,0.0,0.0,0.0,0.0,0.0,0.0,0.0,0.0,0.0,0.0,-2.690000057220459,-360.46002197265625,-59.18000030517578,-18.829999923706055,0.0
1781051340.0623794,606651,1781051340,49126857,base_link,"['wheel_left_joint', 'wheel_right_joint', 'joint1', 'joint2', 'joint3', 'joint4', 'gripper']",0.010737867094576359,0.016873791813850403,0.46479618549346924,0.08283496648073196,-0.6596117615699768,-0.06749515980482101,0.0,0.0,0.0,0.0,0.0,0.0,0.0,0.0,0.0,0.0,-5.380000114440918,-360.46002197265625,-59.18000030517578,-18.829999923706055,0.0
1781051340.1144462,606652,1781051340,83126857,base_link,"['wheel_left_joint', 'wheel_right_joint', 'joint1', 'joint2', 'joint3', 'joint4', 'gripper']",0.010737867094576359,0.016873791813850403,0.46786415576934814,0.08283496648073196,-0.6596117615699768,-0.06749515980482101,0.0,0.0,0.0,0.0,0.0,0.0,0.0,0.0,0.0,0.0,0.0,-360.46002197265625,-61.87000274658203,-21.520000457763672,0.0
1781051340.1416898,606653,1781051340,130126857,base_link,"['wheel_left_joint', 'wheel_right_joint', 'joint1', 'joint2', 'joint3', 'joint4', 'gripper']",0.010737867094576359,0.016873791813850403,0.46786415576934814,0.08283496648073196,-0.6596117615699768,-0.06749515980482101,0.0,0.0,0.0,0.0,0.0,0.0,0.0,0.0,0.0,0.0,-5.380000114440918,-360.46002197265625,-59.18000030517578,-13.450000762939453,0.0
1781051340.19781,606654,1781051340,164126857,base_link,"['wheel_left_joint', 'wheel_right_joint', 'joint1', 'joint2', 'joint3', 'joint4', 'gripper']",0.010737867094576359,0.016873791813850403,0.46479618549346924,0.08283496648073196,-0.6596117615699768,-0.06749515980482101,0.0,0.0,0.0,0.0,0.0,0.0,0.0,0.0,0.0,0.0,-5.380000114440918,-360.46002197265625,-59.18000030517578,-10.760000228881836,0.0
1781051340.240118,606655,1781051340,230126857,base_link,"['wheel_left_joint', 'wheel_right_joint', 'joint1', 'joint2', 'joint3', 'joint4', 'gripper']",0.010737867094576359,0.016873791813850403,0.46479618549346924,0.08283496648073196,-0.6596117615699768,-0.06749515980482101,0.0,0.0,0.0,0.0,0.0,0.0,0.0,0.0,0.0,0.0,0.0,-360.46002197265625,-61.87000274658203,-18.829999923706055,0.0
1781051340.2920246,606656,1781051340,264126857,base_link,"['wheel_left_joint', 'wheel_right_joint', 'joint1', 'joint2', 'joint3', 'joint4', 'gripper']",0.010737867094576359,0.016873791813850403,0.46786415576934814,0.08283496648073196,-0.6596117615699768,-0.06749515980482101,0.0,0.0,0.0,0.0,0.0,0.0,0.0,0.0,0.0,0.0,-2.690000057220459,-360.46002197265625,-59.18000030517578,-21.520000457763672,0.0
1781051340.3394787,606657,1781051340,298126857,base_link,"['wheel_left_joint', 'wheel_right_joint', 'joint1', 'joint2', 'joint3', 'joint4', 'gripper']",0.010737867094576359,0.016873791813850403,0.46479618549346924,0.08283496648073196,-0.6596117615699768,-0.06749515980482101,0.0,0.0,0.0,0.0,0.0,0.0,0.0,0.0,0.0,0.0,-2.690000057220459,-360.46002197265625,-59.18000030517578,-21.520000457763672,0.0
1781051340.356039,606658,1781051340,339126857,base_link,"['wheel_left_joint', 'wheel_right_joint', 'joint1', 'joint2', 'joint3', 'joint4', 'gripper']",0.010737867094576359,0.016873791813850403,0.46786415576934814,0.08283496648073196,-0.6596117615699768,-0.06749515980482101,0.0,0.0,0.0,0.0,0.0,0.0,0.0,0.0,0.0,0.0,-2.690000057220459,-357.77001953125,-61.87000274658203,-21.520000457763672,0.0
1781051340.4065104,606659,1781051340,372126857,base_link,"['wheel_left_joint', 'wheel_right_joint', 'joint1', 'joint2', 'joint3', 'joint4', 'gripper']",0.010737867094576359,0.016873791813850403,0.46786415576934814,0.08283496648073196,-0.6596117615699768,-0.06749515980482101,0.0,0.0,0.0,0.0,0.0,0.0,0.0,0.0,0.0,0.0,-2.690000057220459,-357.77001953125,-59.18000030517578,-18.829999923706055,0.0
1781051340.4413304,606660,1781051340,430126857,base_link,"['wheel_left_joint', 'wheel_right_joint', 'joint1', 'joint2', 'joint3', 'joint4', 'gripper']",0.010737867094576359,0.016873791813850403,0.46786415576934814,0.08283496648073196,-0.6596117615699768,-0.06749515980482101,0.0,0.0,0.0,0.0,0.0,0.0,0.0,0.0,0.0,0.0,-2.690000057220459,-357.77001953125,-59.18000030517578,-24.21000099182129,0.0
1781051340.493691,606661,1781051340,464126857,base_link,"['wheel_left_joint', 'wheel_right_joint', 'joint1', 'joint2', 'joint3', 'joint4', 'gripper']",0.010737867094576359,0.016873791813850403,0.46479618549346924,0.08283496648073196,-0.6596117615699768,-0.06749515980482101,0.0,0.0,0.0,0.0,0.0,0.0,0.0,0.0,0.0,0.0,-2.690000057220459,-360.46002197265625,-59.18000030517578,-18.829999923706055,0.0
1781051340.5440922,606662,1781051340,526126857,base_link,"['wheel_left_joint', 'wheel_right_joint', 'joint1', 'joint2', 'joint3', 'joint4', 'gripper']",0.010737867094576359,0.016873791813850403,0.46479618549346924,0.08283496648073196,-0.6596117615699768,-0.06749515980482101,0.0,0.0,0.0,0.0,0.0,0.0,0.0,0.0,0.0,0.0,-5.380000114440918,-360.46002197265625,-59.18000030517578,-10.760000228881836,0.0
1781051340.5951886,606663,1781051340,560126857,base_link,"['wheel_left_joint', 'wheel_right_joint', 'joint1', 'joint2', 'joint3', 'joint4', 'gripper']",0.010737867094576359,0.016873791813850403,0.46786415576934814,0.08283496648073196,-0.6596117615699768,-0.06749515980482101,0.0,0.0,0.0,0.0,0.0,0.0,0.0,0.0,0.0,0.0,-2.690000057220459,-360.46002197265625,-59.18000030517578,-18.829999923706055,0.0
1781051340.616498,606664,1781051340,603126857,base_link,"['wheel_left_joint', 'wheel_right_joint', 'joint1', 'joint2', 'joint3', 'joint4', 'gripper']",0.010737867094576359,0.016873791813850403,0.46479618549346924,0.08283496648073196,-0.6596117615699768,-0.06749515980482101,0.0,0.0,0.0,0.0,0.0,0.0,0.0,0.0,0.0,0.0,-2.690000057220459,-360.46002197265625,-59.18000030517578,-18.829999923706055,0.0
1781051340.6710827,606665,1781051340,637126857,base_link,"['wheel_left_joint', 'wheel_right_joint', 'joint1', 'joint2', 'joint3', 'joint4', 'gripper']",0.010737867094576359,0.016873791813850403,0.46479618549346924,0.08283496648073196,-0.6596117615699768,-0.06749515980482101,0.0,0.0,0.0,0.0,0.0,0.0,0.0,0.0,0.0,0.0,-5.380000114440918,-360.46002197265625,-59.18000030517578,-24.21000099182129,0.0
1781051340.6965716,606666,1781051340,680126857,base_link,"['wheel_left_joint', 'wheel_right_joint', 'joint1', 'joint2', 'joint3', 'joint4', 'gripper']",0.010737867094576359,0.016873791813850403,0.46479618549346924,0.08283496648073196,-0.6596117615699768,-0.06749515980482101,0.0,0.0,0.0,0.0,0.0,0.0,0.0,0.0,0.0,0.0,-5.380000114440918,-360.46002197265625,-59.18000030517578,-18.829999923706055,0.0
1781051340.749727,606667,1781051340,714126857,base_link,"['wheel_left_joint', 'wheel_right_joint', 'joint1', 'joint2', 'joint3', 'joint4', 'gripper']",0.010737867094576359,0.016873791813850403,0.46479618549346924,0.08283496648073196,-0.6596117615699768,-0.06749515980482101,0.0,0.0,0.0,0.0,0.0,0.0,0.0,0.0,0.0,0.0,-5.380000114440918,-360.46002197265625,-59.18000030517578,-18.829999923706055,0.0
1781051340.7872243,606668,1781051340,775126857,base_link,"['wheel_left_joint', 'wheel_right_joint', 'joint1', 'joint2', 'joint3', 'joint4', 'gripper']",0.010737867094576359,0.016873791813850403,0.46479618549346924,0.08283496648073196,-0.6596117615699768,-0.06749515980482101,0.0,0.0,0.0,0.0,0.0,0.0,0.0,0.0,0.0,0.0,-2.690000057220459,-360.46002197265625,-59.18000030517578,-21.520000457763672,0.0
1781051340.8382406,606669,1781051340,809126857,base_link,"['wheel_left_joint', 'wheel_right_joint', 'joint1', 'joint2', 'joint3', 'joint4', 'gripper']",0.010737867094576359,0.016873791813850403,0.46479618549346924,0.08283496648073196,-0.6596117615699768,-0.06749515980482101,0.0,0.0,0.0,0.0,0.0,0.0,0.0,0.0,0.0,0.0,-5.380000114440918,-360.46002197265625,-59.18000030517578,-18.829999923706055,0.0
1781051340.8870842,606670,1781051340,871126857,base_link,"['wheel_left_joint', 'wheel_right_joint', 'joint1', 'joint2', 'joint3', 'joint4', 'gripper']",0.010737867094576359,0.016873791813850403,0.46479618549346924,0.08283496648073196,-0.6596117615699768,-0.06749515980482101,0.0,0.0,0.0,0.0,0.0,0.0,0.0,0.0,0.0,0.0,-2.690000057220459,-357.77001953125,-59.18000030517578,-21.520000457763672,0.0
1781051340.9399123,606671,1781051340,905126857,base_link,"['wheel_left_joint', 'wheel_right_joint', 'joint1', 'joint2', 'joint3', 'joint4', 'gripper']",0.010737867094576359,0.016873791813850403,0.46786415576934814,0.08283496648073196,-0.6596117615699768,-0.06749515980482101,0.0,0.0,0.0,0.0,0.0,0.0,0.0,0.0,0.0,0.0,-2.690000057220459,-357.77001953125,-59.18000030517578,-16.139999389648438,0.0
1781051340.965861,606672,1781051340,952126857,base_link,"['wheel_left_joint', 'wheel_right_joint', 'joint1', 'joint2', 'joint3', 'joint4', 'gripper']",0.010737867094576359,0.016873791813850403,0.46479618549346924,0.08283496648073196,-0.6596117615699768,-0.06749515980482101,0.0,0.0,0.0,0.0,0.0,0.0,0.0,0.0,0.0,0.0,-5.380000114440918,-357.77001953125,-59.18000030517578,-24.21000099182129,0.0
1781051341.0179288,606673,1781051340,986126857,base_link,"['wheel_left_joint', 'wheel_right_joint', 'joint1', 'joint2', 'joint3', 'joint4', 'gripper']",0.010737867094576359,0.016873791813850403,0.46479618549346924,0.08283496648073196,-0.6596117615699768,-0.06749515980482101,0.0,0.0,0.0,0.0,0.0,0.0,0.0,0.0,0.0,0.0,-2.690000057220459,-360.46002197265625,-59.18000030517578,-16.139999389648438,0.0
1781051341.0564294,606674,1781051341,44126857,base_link,"['wheel_left_joint', 'wheel_right_joint', 'joint1', 'joint2', 'joint3', 'joint4', 'gripper']",0.010737867094576359,0.016873791813850403,0.46786415576934814,0.08283496648073196,-0.6596117615699768,-0.06749515980482101,0.0,0.0,0.0,0.0,0.0,0.0,0.0,0.0,0.0,0.0,-2.690000057220459,-360.46002197265625,-61.87000274658203,-16.139999389648438,0.0
1781051341.1071754,606675,1781051341,78126857,base_link,"['wheel_left_joint', 'wheel_right_joint', 'joint1', 'joint2', 'joint3', 'joint4', 'gripper']",0.010737867094576359,0.016873791813850403,0.46479618549346924,0.08283496648073196,-0.6596117615699768,-0.06749515980482101,0.0,0.0,0.0,0.0,0.0,0.0,0.0,0.0,0.0,0.0,-2.690000057220459,-357.77001953125,-59.18000030517578,-10.760000228881836,0.0
1781051341.1592417,606676,1781051341,141126857,base_link,"['wheel_left_joint', 'wheel_right_joint', 'joint1', 'joint2', 'joint3', 'joint4', 'gripper']",0.010737867094576359,0.016873791813850403,0.46479618549346924,0.08436894416809082,-0.6596117615699768,-0.06749515980482101,0.0,0.0,0.0,0.0,0.0,0.0,0.0,0.0,0.0,0.0,-2.690000057220459,-357.77001953125,-59.18000030517578,-21.520000457763672,0.0
1781051341.215118,606677,1781051341,175126857,base_link,"['wheel_left_joint', 'wheel_right_joint', 'joint1', 'joint2', 'joint3', 'joint4', 'gripper']",0.010737867094576359,0.016873791813850403,0.46479618549346924,0.08283496648073196,-0.6596117615699768,-0.06749515980482101,0.0,0.0,0.0,0.0,0.0,0.0,0.0,0.0,0.0,0.0,-2.690000057220459,-360.46002197265625,-59.18000030517578,-13.450000762939453,0.0
1781051341.2407448,606678,1781051341,223126857,base_link,"['wheel_left_joint', 'wheel_right_joint', 'joint1', 'joint2', 'joint3', 'joint4', 'gripper']",0.010737867094576359,0.016873791813850403,0.46786415576934814,0.08283496648073196,-0.6596117615699768,-0.06749515980482101,0.0,0.0,0.0,0.0,0.0,0.0,0.0,0.0,0.0,0.0,-2.690000057220459,-360.46002197265625,-59.18000030517578,-13.450000762939453,0.0
1781051341.297524,606679,1781051341,257126857,base_link,"['wheel_left_joint', 'wheel_right_joint', 'joint1', 'joint2', 'joint3', 'joint4', 'gripper']",0.010737867094576359,0.016873791813850403,0.46479618549346924,0.08283496648073196,-0.6596117615699768,-0.06902913749217987,0.0,0.0,0.0,0.0,0.0,0.0,0.0,0.0,0.0,0.0,-2.690000057220459,-357.77001953125,-64.55999755859375,-18.829999923706055,0.0
1781051341.3282175,606680,1781051341,296126857,base_link,"['wheel_left_joint', 'wheel_right_joint', 'joint1', 'joint2', 'joint3', 'joint4', 'gripper']",0.010737867094576359,0.016873791813850403,0.46786415576934814,0.08283496648073196,-0.6596117615699768,-0.06749515980482101,0.0,0.0,0.0,0.0,0.0,0.0,0.0,0.0,0.0,0.0,-2.690000057220459,-360.46002197265625,-59.18000030517578,-24.21000099182129,0.0
1781051341.3628626,606681,1781051341,330126857,base_link,"['wheel_left_joint', 'wheel_right_joint', 'joint1', 'joint2', 'joint3', 'joint4', 'gripper']",0.010737867094576359,0.016873791813850403,0.46786415576934814,0.08283496648073196,-0.6596117615699768,-0.06749515980482101,0.0,0.0,0.0,0.0,0.0,0.0,0.0,0.0,0.0,0.0,-2.690000057220459,-360.46002197265625,-59.18000030517578,-24.21000099182129,0.0
1781051341.389295,606682,1781051341,372126857,base_link,"['wheel_left_joint', 'wheel_right_joint', 'joint1', 'joint2', 'joint3', 'joint4', 'gripper']",0.010737867094576359,0.016873791813850403,0.46479618549346924,0.08283496648073196,-0.6596117615699768,-0.06902913749217987,0.0,0.0,0.0,0.0,0.0,0.0,0.0,0.0,0.0,0.0,-5.380000114440918,-357.77001953125,-59.18000030517578,-13.450000762939453,0.0
1781051341.4419909,606683,1781051341,406126857,base_link,"['wheel_left_joint', 'wheel_right_joint', 'joint1', 'joint2', 'joint3', 'joint4', 'gripper']",0.010737867094576359,0.016873791813850403,0.46479618549346924,0.08283496648073196,-0.6596117615699768,-0.06749515980482101,0.0,0.0,0.0,0.0,0.0,0.0,0.0,0.0,0.0,0.0,-2.690000057220459,-357.77001953125,-59.18000030517578,-16.139999389648438,0.0
1781051341.4628031,606684,1781051341,448126857,base_link,"['wheel_left_joint', 'wheel_right_joint', 'joint1', 'joint2', 'joint3', 'joint4', 'gripper']",0.010737867094576359,0.016873791813850403,0.46479618549346924,0.08283496648073196,-0.6596117615699768,-0.06749515980482101,0.0,0.0,0.0,0.0,0.0,0.0,0.0,0.0,0.0,0.0,-5.380000114440918,-360.46002197265625,-59.18000030517578,-18.829999923706055,0.0
1781051341.5152223,606685,1781051341,482126857,base_link,"['wheel_left_joint', 'wheel_right_joint', 'joint1', 'joint2', 'joint3', 'joint4', 'gripper']",0.009203885681927204,0.016873791813850403,0.46479618549346924,0.08283496648073196,-0.6596117615699768,-0.06749515980482101,0.0,-0.04511708766222,0.0,0.0,0.0,0.0,0.0,0.0,0.0,0.0,-5.380000114440918,-360.46002197265625,-59.18000030517578,-21.520000457763672,0.0
1781051341.5423183,606686,1781051341,528126857,base_link,"['wheel_left_joint', 'wheel_right_joint', 'joint1', 'joint2', 'joint3', 'joint4', 'gripper']",0.010737867094576359,0.016873791813850403,0.46479618549346924,0.08283496648073196,-0.6596117615699768,-0.06749515980482101,0.0,0.03334741294384003,0.0,0.0,0.0,0.0,0.0,0.0,0.0,0.0,-5.380000114440918,-360.46002197265625,-59.18000030517578,-18.829999923706055,0.0
1781051341.5968575,606687,1781051341,562126857,base_link,"['wheel_left_joint', 'wheel_right_joint', 'joint1', 'joint2', 'joint3', 'joint4', 'gripper']",0.010737867094576359,0.016873791813850403,0.46479618549346924,0.08283496648073196,-0.6596117615699768,-0.06749515980482101,0.0,0.0,0.0,0.0,0.0,0.0,0.0,0.0,0.0,0.0,-2.690000057220459,-360.46002197265625,-59.18000030517578,-16.139999389648438,0.0
1781051341.6321514,606688,1781051341,620126857,base_link,"['wheel_left_joint', 'wheel_right_joint', 'joint1', 'joint2', 'joint3', 'joint4', 'gripper']",0.010737867094576359,0.016873791813850403,0.46786415576934814,0.08283496648073196,-0.6596117615699768,-0.06749515980482101,0.0,0.0,0.0,0.0,0.0,0.0,0.0,0.0,0.0,0.0,-2.690000057220459,-360.46002197265625,-61.87000274658203,-18.829999923706055,0.0
1781051341.6845133,606689,1781051341,654126857,base_link,"['wheel_left_joint', 'wheel_right_joint', 'joint1', 'joint2', 'joint3', 'joint4', 'gripper']",0.010737867094576359,0.016873791813850403,0.46479618549346924,0.08283496648073196,-0.6596117615699768,-0.06749515980482101,0.0,0.0,0.0,0.0,0.0,0.0,0.0,0.0,0.0,0.0,-2.690000057220459,-360.46002197265625,-59.18000030517578,-18.829999923706055,0.0
1781051341.7327964,606690,1781051341,719126857,base_link,"['wheel_left_joint', 'wheel_right_joint', 'joint1', 'joint2', 'joint3', 'joint4', 'gripper']",0.010737867094576359,0.016873791813850403,0.46479618549346924,0.08283496648073196,-0.6596117615699768,-0.06749515980482101,0.0,0.0,0.0,0.0,0.0,0.0,0.0,0.0,0.0,0.0,-2.690000057220459,-357.77001953125,-59.18000030517578,-13.450000762939453,0.0
1781051341.788341,606691,1781051341,753126857,base_link,"['wheel_left_joint', 'wheel_right_joint', 'joint1', 'joint2', 'joint3', 'joint4', 'gripper']",0.010737867094576359,0.016873791813850403,0.46786415576934814,0.08283496648073196,-0.6596117615699768,-0.06749515980482101,0.0,0.0,0.0,0.0,0.0,0.0,0.0,0.0,0.0,0.0,-2.690000057220459,-360.46002197265625,-59.18000030517578,-21.520000457763672,0.0
1781051341.8248794,606692,1781051341,824224185,base_link,"['wheel_left_joint', 'wheel_right_joint', 'joint1', 'joint2', 'joint3', 'joint4', 'gripper']",0.010737867094576359,0.016873791813850403,0.46479618549346924,0.08283496648073196,-0.6596117615699768,-0.06749515980482101,0.0,0.0,0.0,0.0,0.0,0.0,0.0,0.0,0.0,0.0,-5.380000114440918,-357.77001953125,-59.18000030517578,-21.520000457763672,0.0
1781051341.8781037,606693,1781051341,858224185,base_link,"['wheel_left_joint', 'wheel_right_joint', 'joint1', 'joint2', 'joint3', 'joint4', 'gripper']",0.010737867094576359,0.016873791813850403,0.46479618549346924,0.08283496648073196,-0.6596117615699768,-0.06749515980482101,0.0,0.0,0.0,0.0,0.0,0.0,0.0,0.0,0.0,0.0,-5.380000114440918,-360.46002197265625,-59.18000030517578,-18.829999923706055,0.0
1781051341.900338,606694,1781051341,903224185,base_link,"['wheel_left_joint', 'wheel_right_joint', 'joint1', 'joint2', 'joint3', 'joint4', 'gripper']",0.010737867094576359,0.016873791813850403,0.46479618549346924,0.08283496648073196,-0.6596117615699768,-0.06749515980482101,0.0,0.0,0.0,0.0,0.0,0.0,0.0,0.0,0.0,0.0,-2.690000057220459,-360.46002197265625,-59.18000030517578,-18.829999923706055,0.0
1781051341.9519353,606695,1781051341,937224185,base_link,"['wheel_left_joint', 'wheel_right_joint', 'joint1', 'joint2', 'joint3', 'joint4', 'gripper']",0.010737867094576359,0.016873791813850403,0.46479618549346924,0.08283496648073196,-0.6596117615699768,-0.06749515980482101,0.0,0.0,0.0,0.0,0.0,0.0,0.0,0.0,0.0,0.0,-2.690000057220459,-357.77001953125,-59.18000030517578,-21.520000457763672,0.0
1781051341.978769,606696,1781051341,980224185,base_link,"['wheel_left_joint', 'wheel_right_joint', 'joint1', 'joint2', 'joint3', 'joint4', 'gripper']",0.010737867094576359,0.016873791813850403,0.46479618549346924,0.08283496648073196,-0.6596117615699768,-0.06749515980482101,0.0,0.0,0.0,0.0,0.0,0.0,0.0,0.0,0.0,0.0,-5.380000114440918,-357.77001953125,-59.18000030517578,-13.450000762939453,0.0
1781051342.0311174,606697,1781051342,14224185,base_link,"['wheel_left_joint', 'wheel_right_joint', 'joint1', 'joint2', 'joint3', 'joint4', 'gripper']",0.010737867094576359,0.016873791813850403,0.46479618549346924,0.08283496648073196,-0.6596117615699768,-0.06749515980482101,0.0,0.0,0.0,0.0,0.0,0.0,0.0,0.0,0.0,0.0,-2.690000057220459,-355.08001708984375,-59.18000030517578,-18.829999923706055,0.0
1781051342.0534725,606698,1781051342,53224185,base_link,"['wheel_left_joint', 'wheel_right_joint', 'joint1', 'joint2', 'joint3', 'joint4', 'gripper']",0.010737867094576359,0.016873791813850403,0.46786415576934814,0.08283496648073196,-0.6596117615699768,-0.06749515980482101,0.0,0.0,0.0,0.0,0.0,0.0,0.0,0.0,0.0,0.0,-5.380000114440918,-360.46002197265625,-59.18000030517578,-16.139999389648438,0.0
1781051342.1056573,606699,1781051342,87224185,base_link,"['wheel_left_joint', 'wheel_right_joint', 'joint1', 'joint2', 'joint3', 'joint4', 'gripper']",0.010737867094576359,0.016873791813850403,0.46479618549346924,0.08283496648073196,-0.6596117615699768,-0.06749515980482101,0.0,0.0,0.0,0.0,0.0,0.0,0.0,0.0,0.0,0.0,-5.380000114440918,-360.46002197265625,-59.18000030517578,-21.520000457763672,0.0
1781051342.1315434,606700,1781051342,133224185,base_link,"['wheel_left_joint', 'wheel_right_joint', 'joint1', 'joint2', 'joint3', 'joint4', 'gripper']",0.010737867094576359,0.016873791813850403,0.46479618549346924,0.08283496648073196,-0.6596117615699768,-0.06749515980482101,0.0,0.0,0.0,0.0,0.0,0.0,0.0,0.0,0.0,0.0,-5.380000114440918,-360.46002197265625,-59.18000030517578,-18.829999923706055,0.0
1781051342.1852007,606701,1781051342,167224185,base_link,"['wheel_left_joint', 'wheel_right_joint', 'joint1', 'joint2', 'joint3', 'joint4', 'gripper']",0.010737867094576359,0.016873791813850403,0.46479618549346924,0.08283496648073196,-0.6596117615699768,-0.06749515980482101,0.0,0.0,0.0,0.0,0.0,0.0,0.0,0.0,0.0,0.0,-2.690000057220459,-360.46002197265625,-59.18000030517578,-16.139999389648438,0.0
1781051342.2083359,606702,1781051342,204224185,base_link,"['wheel_left_joint', 'wheel_right_joint', 'joint1', 'joint2', 'joint3', 'joint4', 'gripper']",0.010737867094576359,0.016873791813850403,0.46479618549346924,0.08283496648073196,-0.6596117615699768,-0.06749515980482101,0.0,0.0,0.0,0.0,0.0,0.0,0.0,0.0,0.0,0.0,-2.690000057220459,-357.77001953125,-61.87000274658203,-21.520000457763672,0.0
1781051342.2620168,606703,1781051342,238224185,base_link,"['wheel_left_joint', 'wheel_right_joint', 'joint1', 'joint2', 'joint3', 'joint4', 'gripper']",0.010737867094576359,0.016873791813850403,0.46786415576934814,0.08283496648073196,-0.6596117615699768,-0.06749515980482101,0.0,0.0,0.0,0.0,0.0,0.0,0.0,0.0,0.0,0.0,-2.690000057220459,-357.77001953125,-59.18000030517578,-21.520000457763672,0.0
1781051342.2899437,606704,1781051342,286224185,base_link,"['wheel_left_joint', 'wheel_right_joint', 'joint1', 'joint2', 'joint3', 'joint4', 'gripper']",0.010737867094576359,0.016873791813850403,0.46786415576934814,0.08283496648073196,-0.6596117615699768,-0.06749515980482101,0.0,0.0,0.0,0.0,0.0,0.0,0.0,0.0,0.0,0.0,-2.690000057220459,-360.46002197265625,-59.18000030517578,-21.520000457763672,0.0
1781051342.342356,606705,1781051342,320224185,base_link,"['wheel_left_joint', 'wheel_right_joint', 'joint1', 'joint2', 'joint3', 'joint4', 'gripper']",0.010737867094576359,0.016873791813850403,0.46786415576934814,0.08283496648073196,-0.6596117615699768,-0.06749515980482101,0.0,0.0,0.0,0.0,0.0,0.0,0.0,0.0,0.0,0.0,-5.380000114440918,-357.77001953125,-59.18000030517578,-21.520000457763672,0.0
1781051342.3621528,606706,1781051342,363224185,base_link,"['wheel_left_joint', 'wheel_right_joint', 'joint1', 'joint2', 'joint3', 'joint4', 'gripper']",0.010737867094576359,0.016873791813850403,0.46479618549346924,0.08283496648073196,-0.6596117615699768,-0.06749515980482101,0.0,0.0,0.0,0.0,0.0,0.0,0.0,0.0,0.0,0.0,-2.690000057220459,-357.77001953125,-59.18000030517578,-18.829999923706055,0.0
1781051342.4152799,606707,1781051342,397224185,base_link,"['wheel_left_joint', 'wheel_right_joint', 'joint1', 'joint2', 'joint3', 'joint4', 'gripper']",0.010737867094576359,0.016873791813850403,0.46786415576934814,0.08283496648073196,-0.6596117615699768,-0.06749515980482101,0.0,0.0,0.0,0.0,0.0,0.0,0.0,0.0,0.0,0.0,-5.380000114440918,-360.46002197265625,-59.18000030517578,-24.21000099182129,0.0
1781051342.4368367,606708,1781051342,442224185,base_link,"['wheel_left_joint', 'wheel_right_joint', 'joint1', 'joint2', 'joint3', 'joint4', 'gripper']",0.010737867094576359,0.016873791813850403,0.46479618549346924,0.08283496648073196,-0.6596117615699768,-0.06749515980482101,0.0,0.0,0.0,0.0,0.0,0.0,0.0,0.0,0.0,0.0,-5.380000114440918,-357.77001953125,-59.18000030517578,-16.139999389648438,0.0
1781051342.4894876,606709,1781051342,476224185,base_link,"['wheel_left_joint', 'wheel_right_joint', 'joint1', 'joint2', 'joint3', 'joint4', 'gripper']",0.010737867094576359,0.016873791813850403,0.46479618549346924,0.08283496648073196,-0.6596117615699768,-0.06749515980482101,0.0,0.0,0.0,0.0,0.0,0.0,0.0,0.0,0.0,0.0,-5.380000114440918,-357.77001953125,-59.18000030517578,-24.21000099182129,0.0
1781051342.5374448,606710,1781051342,510224185,base_link,"['wheel_left_joint', 'wheel_right_joint', 'joint1', 'joint2', 'joint3', 'joint4', 'gripper']",0.010737867094576359,0.016873791813850403,0.46479618549346924,0.08283496648073196,-0.6596117615699768,-0.06749515980482101,0.0,0.0,0.0,0.0,0.0,0.0,0.0,0.0,0.0,0.0,-2.690000057220459,-360.46002197265625,-61.87000274658203,-16.139999389648438,0.0
1781051342.5546443,606711,1781051342,548224185,base_link,"['wheel_left_joint', 'wheel_right_joint', 'joint1', 'joint2', 'joint3', 'joint4', 'gripper']",0.010737867094576359,0.016873791813850403,0.46479618549346924,0.08283496648073196,-0.6596117615699768,-0.06749515980482101,0.0,0.0,0.0,0.0,0.0,0.0,0.0,0.0,0.0,0.0,-2.690000057220459,-360.46002197265625,-61.87000274658203,-21.520000457763672,0.0
1781051342.6020718,606712,1781051342,581224185,base_link,"['wheel_left_joint', 'wheel_right_joint', 'joint1', 'joint2', 'joint3', 'joint4', 'gripper']",0.010737867094576359,0.016873791813850403,0.46479618549346924,0.08283496648073196,-0.6596117615699768,-0.06749515980482101,0.0,0.0,0.0,0.0,0.0,0.0,0.0,0.0,0.0,0.0,-5.380000114440918,-360.46002197265625,-61.87000274658203,-24.21000099182129,0.0
1781051342.624379,606713,1781051342,625224185,base_link,"['wheel_left_joint', 'wheel_right_joint', 'joint1', 'joint2', 'joint3', 'joint4', 'gripper']",0.010737867094576359,0.016873791813850403,0.46479618549346924,0.08283496648073196,-0.6596117615699768,-0.06749515980482101,0.0,0.0,0.0,0.0,0.0,0.0,0.0,0.0,0.0,0.0,-2.690000057220459,-360.46002197265625,-59.18000030517578,-18.829999923706055,0.0
1781051342.6772196,606714,1781051342,659224185,base_link,"['wheel_left_joint', 'wheel_right_joint', 'joint1', 'joint2', 'joint3', 'joint4', 'gripper']",0.010737867094576359,0.016873791813850403,0.46786415576934814,0.08283496648073196,-0.6596117615699768,-0.06749515980482101,0.0,0.0,0.0,0.0,0.0,0.0,0.0,0.0,0.0,0.0,-2.690000057220459,-360.46002197265625,-59.18000030517578,-13.450000762939453,0.0
1781051342.7045639,606715,1781051342,702224185,base_link,"['wheel_left_joint', 'wheel_right_joint', 'joint1', 'joint2', 'joint3', 'joint4', 'gripper']",0.010737867094576359,0.016873791813850403,0.46479618549346924,0.08283496648073196,-0.6596117615699768,-0.06749515980482101,0.0,0.0,0.0,0.0,0.0,0.0,0.0,0.0,0.0,0.0,-5.380000114440918,-360.46002197265625,-59.18000030517578,-13.450000762939453,0.0
1781051342.7571847,606716,1781051342,736224185,base_link,"['wheel_left_joint', 'wheel_right_joint', 'joint1', 'joint2', 'joint3', 'joint4', 'gripper']",0.010737867094576359,0.016873791813850403,0.46479618549346924,0.08283496648073196,-0.6596117615699768,-0.06749515980482101,0.0,0.0,0.0,0.0,0.0,0.0,0.0,0.0,0.0,0.0,-2.690000057220459,-357.77001953125,-59.18000030517578,-21.520000457763672,0.0
1781051342.7823238,606717,1781051342,779224185,base_link,"['wheel_left_joint', 'wheel_right_joint', 'joint1', 'joint2', 'joint3', 'joint4', 'gripper']",0.010737867094576359,0.016873791813850403,0.46479618549346924,0.08283496648073196,-0.6596117615699768,-0.06749515980482101,0.0,0.0,0.0,0.0,0.0,0.0,0.0,0.0,0.0,0.0,-2.690000057220459,-357.77001953125,-59.18000030517578,-21.520000457763672,0.0
1781051342.8323019,606718,1781051342,813224185,base_link,"['wheel_left_joint', 'wheel_right_joint', 'joint1', 'joint2', 'joint3', 'joint4', 'gripper']",0.010737867094576359,0.016873791813850403,0.46479618549346924,0.08283496648073196,-0.6596117615699768,-0.06749515980482101,0.0,0.0,0.0,0.0,0.0,0.0,0.0,0.0,0.0,0.0,-2.690000057220459,-357.77001953125,-64.55999755859375,-16.139999389648438,0.0
1781051342.858869,606719,1781051342,859224185,base_link,"['wheel_left_joint', 'wheel_right_joint', 'joint1', 'joint2', 'joint3', 'joint4', 'gripper']",0.010737867094576359,0.016873791813850403,0.46479618549346924,0.08283496648073196,-0.6596117615699768,-0.06749515980482101,0.0,0.0,0.0,0.0,0.0,0.0,0.0,0.0,0.0,0.0,-5.380000114440918,-357.77001953125,-61.87000274658203,-16.139999389648438,0.0
1781051342.912227,606720,1781051342,893224185,base_link,"['wheel_left_joint', 'wheel_right_joint', 'joint1', 'joint2', 'joint3', 'joint4', 'gripper']",0.010737867094576359,0.016873791813850403,0.46479618549346924,0.08283496648073196,-0.6596117615699768,-0.06749515980482101,0.0,0.0,0.0,0.0,0.0,0.0,0.0,0.0,0.0,0.0,-2.690000057220459,-360.46002197265625,-59.18000030517578,-18.829999923706055,0.0
1781051342.9343305,606721,1781051342,933224185,base_link,"['wheel_left_joint', 'wheel_right_joint', 'joint1', 'joint2', 'joint3', 'joint4', 'gripper']",0.010737867094576359,0.016873791813850403,0.46479618549346924,0.08283496648073196,-0.6596117615699768,-0.06902913749217987,0.0,0.0,0.0,0.0,0.0,0.0,0.0,0.0,0.0,0.0,-2.690000057220459,-363.1499938964844,-67.25,-24.21000099182129,0.0
1781051342.9853742,606722,1781051342,967224185,base_link,"['wheel_left_joint', 'wheel_right_joint', 'joint1', 'joint2', 'joint3', 'joint4', 'gripper']",0.010737867094576359,0.016873791813850403,0.46479618549346924,0.08283496648073196,-0.6596117615699768,-0.06902913749217987,0.0,0.0,0.0,0.0,0.0,0.0,0.0,0.0,0.0,0.0,-2.690000057220459,-360.46002197265625,-59.18000030517578,-24.21000099182129,0.0
1781051343.0106006,606723,1781051343,12224185,base_link,"['wheel_left_joint', 'wheel_right_joint', 'joint1', 'joint2', 'joint3', 'joint4', 'gripper']",0.010737867094576359,0.016873791813850403,0.46479618549346924,0.08283496648073196,-0.6596117615699768,-0.06902913749217987,0.0,0.0,0.0,0.0,0.0,0.0,0.0,0.0,0.0,0.0,-2.690000057220459,-360.46002197265625,-61.87000274658203,-21.520000457763672,0.0
1781051343.0625055,606724,1781051343,46224185,base_link,"['wheel_left_joint', 'wheel_right_joint', 'joint1', 'joint2', 'joint3', 'joint4', 'gripper']",0.010737867094576359,0.016873791813850403,0.46479618549346924,0.08283496648073196,-0.6596117615699768,-0.06749515980482101,0.0,0.0,0.0,0.0,0.0,0.0,0.0,0.0,0.0,0.0,-5.380000114440918,-360.46002197265625,-61.87000274658203,-13.450000762939453,0.0
1781051343.0842495,606725,1781051343,82224185,base_link,"['wheel_left_joint', 'wheel_right_joint', 'joint1', 'joint2', 'joint3', 'joint4', 'gripper']",0.010737867094576359,0.016873791813850403,0.46479618549346924,0.08283496648073196,-0.6596117615699768,-0.06749515980482101,0.0,0.0,0.0,0.0,0.0,0.0,0.0,0.0,0.0,0.0,-2.690000057220459,-357.77001953125,-59.18000030517578,-18.829999923706055,0.0
1781051343.1365364,606726,1781051343,116224185,base_link,"['wheel_left_joint', 'wheel_right_joint', 'joint1', 'joint2', 'joint3', 'joint4', 'gripper']",0.010737867094576359,0.016873791813850403,0.46479618549346924,0.08283496648073196,-0.6596117615699768,-0.06749515980482101,0.0,0.0,0.0,0.0,0.0,0.0,0.0,0.0,0.0,0.0,-2.690000057220459,-360.46002197265625,-59.18000030517578,-18.829999923706055,0.0
1781051343.1644907,606727,1781051343,163224185,base_link,"['wheel_left_joint', 'wheel_right_joint', 'joint1', 'joint2', 'joint3', 'joint4', 'gripper']",0.010737867094576359,0.016873791813850403,0.46479618549346924,0.08283496648073196,-0.6596117615699768,-0.06749515980482101,0.0,0.0,0.0,0.0,0.0,0.0,0.0,0.0,0.0,0.0,-2.690000057220459,-360.46002197265625,-59.18000030517578,-18.829999923706055,0.0
1781051343.2212114,606728,1781051343,197224185,base_link,"['wheel_left_joint', 'wheel_right_joint', 'joint1', 'joint2', 'joint3', 'joint4', 'gripper']",0.010737867094576359,0.016873791813850403,0.46479618549346924,0.08283496648073196,-0.6596117615699768,-0.06749515980482101,0.0,0.0,0.0,0.0,0.0,0.0,0.0,0.0,0.0,0.0,-2.690000057220459,-360.46002197265625,-61.87000274658203,-21.520000457763672,0.0
1781051343.2425807,606729,1781051343,244224185,base_link,"['wheel_left_joint', 'wheel_right_joint', 'joint1', 'joint2', 'joint3', 'joint4', 'gripper']",0.010737867094576359,0.016873791813850403,0.46479618549346924,0.08283496648073196,-0.6596117615699768,-0.06749515980482101,0.0,0.0,0.0,0.0,0.0,0.0,0.0,0.0,0.0,0.0,-2.690000057220459,-357.77001953125,-59.18000030517578,-13.450000762939453,0.0
1781051343.2964919,606730,1781051343,278224185,base_link,"['wheel_left_joint', 'wheel_right_joint', 'joint1', 'joint2', 'joint3', 'joint4', 'gripper']",0.010737867094576359,0.016873791813850403,0.46479618549346924,0.08283496648073196,-0.6596117615699768,-0.06749515980482101,0.0,0.0,0.0,0.0,0.0,0.0,0.0,0.0,0.0,0.0,-2.690000057220459,-357.77001953125,-59.18000030517578,-24.21000099182129,0.0
1781051343.3220997,606731,1781051343,320224185,base_link,"['wheel_left_joint', 'wheel_right_joint', 'joint1', 'joint2', 'joint3', 'joint4', 'gripper']",0.010737867094576359,0.016873791813850403,0.46786415576934814,0.08283496648073196,-0.6596117615699768,-0.06749515980482101,0.0,0.0,0.0,0.0,0.0,0.0,0.0,0.0,0.0,0.0,-2.690000057220459,-360.46002197265625,-59.18000030517578,-29.59000015258789,0.0
1781051343.3751695,606732,1781051343,354224185,base_link,"['wheel_left_joint', 'wheel_right_joint', 'joint1', 'joint2', 'joint3', 'joint4', 'gripper']",0.010737867094576359,0.016873791813850403,0.46479618549346924,0.08283496648073196,-0.6596117615699768,-0.06749515980482101,0.0,0.0,0.0,0.0,0.0,0.0,0.0,0.0,0.0,0.0,0.0,-360.46002197265625,-59.18000030517578,-13.450000762939453,0.0
1781051343.3959224,606733,1781051343,394224185,base_link,"['wheel_left_joint', 'wheel_right_joint', 'joint1', 'joint2', 'joint3', 'joint4', 'gripper']",0.010737867094576359,0.016873791813850403,0.46479618549346924,0.08283496648073196,-0.6596117615699768,-0.06749515980482101,0.0,0.0,0.0,0.0,0.0,0.0,0.0,0.0,0.0,0.0,0.0,-357.77001953125,-59.18000030517578,-18.829999923706055,0.0
1781051343.4487982,606734,1781051343,428224185,base_link,"['wheel_left_joint', 'wheel_right_joint', 'joint1', 'joint2', 'joint3', 'joint4', 'gripper']",0.010737867094576359,0.016873791813850403,0.46479618549346924,0.08283496648073196,-0.6596117615699768,-0.06749515980482101,0.0,0.0,0.0,0.0,0.0,0.0,0.0,0.0,0.0,0.0,-2.690000057220459,-357.77001953125,-59.18000030517578,-18.829999923706055,0.0
1781051343.4698792,606735,1781051343,473224185,base_link,"['wheel_left_joint', 'wheel_right_joint', 'joint1', 'joint2', 'joint3', 'joint4', 'gripper']",0.010737867094576359,0.016873791813850403,0.46479618549346924,0.08283496648073196,-0.6596117615699768,-0.06749515980482101,0.0,0.0,0.0,0.0,0.0,0.0,0.0,0.0,0.0,0.0,-2.690000057220459,-357.77001953125,-59.18000030517578,-18.829999923706055,0.0
1781051343.5227628,606736,1781051343,507224185,base_link,"['wheel_left_joint', 'wheel_right_joint', 'joint1', 'joint2', 'joint3', 'joint4', 'gripper']",0.010737867094576359,0.016873791813850403,0.46479618549346924,0.08283496648073196,-0.6596117615699768,-0.06749515980482101,0.0,0.0,0.0,0.0,0.0,0.0,0.0,0.0,0.0,0.0,-5.380000114440918,-360.46002197265625,-59.18000030517578,-18.829999923706055,0.0
1781051343.549255,606737,1781051343,550224185,base_link,"['wheel_left_joint', 'wheel_right_joint', 'joint1', 'joint2', 'joint3', 'joint4', 'gripper']",0.010737867094576359,0.016873791813850403,0.46479618549346924,0.08283496648073196,-0.6596117615699768,-0.06749515980482101,0.0,0.0,0.0,0.0,0.0,0.0,0.0,0.0,0.0,0.0,-2.690000057220459,-360.46002197265625,-59.18000030517578,-18.829999923706055,0.0
1781051343.6018522,606738,1781051343,584224185,base_link,"['wheel_left_joint', 'wheel_right_joint', 'joint1', 'joint2', 'joint3', 'joint4', 'gripper']",0.009203885681927204,0.016873791813850403,0.46479618549346924,0.08283496648073196,-0.6596117615699768,-0.06749515980482101,0.0,-0.04511708766222,0.0,0.0,0.0,0.0,0.0,0.0,0.0,0.0,-2.690000057220459,-357.77001953125,-59.18000030517578,-10.760000228881836,0.0
1781051343.6392324,606739,1781051343,643224185,base_link,"['wheel_left_joint', 'wheel_right_joint', 'joint1', 'joint2', 'joint3', 'joint4', 'gripper']",0.010737867094576359,0.016873791813850403,0.46479618549346924,0.08283496648073196,-0.6596117615699768,-0.06749515980482101,0.0,0.025999678298830986,0.0,0.0,0.0,0.0,0.0,0.0,0.0,0.0,-5.380000114440918,-360.46002197265625,-61.87000274658203,-18.829999923706055,0.0
1781051343.6913464,606740,1781051343,677224185,base_link,"['wheel_left_joint', 'wheel_right_joint', 'joint1', 'joint2', 'joint3', 'joint4', 'gripper']",0.010737867094576359,0.016873791813850403,0.46479618549346924,0.08283496648073196,-0.6596117615699768,-0.06902913749217987,0.0,0.0,0.0,0.0,0.0,0.0,0.0,0.0,0.0,0.0,-2.690000057220459,-357.77001953125,-61.87000274658203,-18.829999923706055,0.0
1781051343.7392788,606741,1781051343,740224185,base_link,"['wheel_left_joint', 'wheel_right_joint', 'joint1', 'joint2', 'joint3', 'joint4', 'gripper']",0.010737867094576359,0.016873791813850403,0.46479618549346924,0.08283496648073196,-0.6596117615699768,-0.06902913749217987,0.0,0.0,0.0,0.0,0.0,0.0,0.0,0.0,0.0,0.0,-2.690000057220459,-357.77001953125,-59.18000030517578,-24.21000099182129,0.0
1781051343.7926395,606742,1781051343,774224185,base_link,"['wheel_left_joint', 'wheel_right_joint', 'joint1', 'joint2', 'joint3', 'joint4', 'gripper']",0.010737867094576359,0.016873791813850403,0.46479618549346924,0.08283496648073196,-0.6596117615699768,-0.06749515980482101,0.0,0.0,0.0,0.0,0.0,0.0,0.0,0.0,0.0,0.0,-2.690000057220459,-355.08001708984375,-61.87000274658203,-16.139999389648438,0.0
1781051343.8274763,606743,1781051343,827224185,base_link,"['wheel_left_joint', 'wheel_right_joint', 'joint1', 'joint2', 'joint3', 'joint4', 'gripper']",0.010737867094576359,0.016873791813850403,0.46479618549346924,0.08283496648073196,-0.6596117615699768,-0.06902913749217987,0.0,0.0,0.0,0.0,0.0,0.0,0.0,0.0,0.0,0.0,-2.690000057220459,-357.77001953125,-59.18000030517578,-18.829999923706055,0.0
1781051343.8815057,606744,1781051343,861224185,base_link,"['wheel_left_joint', 'wheel_right_joint', 'joint1', 'joint2', 'joint3', 'joint4', 'gripper']",0.010737867094576359,0.016873791813850403,0.46479618549346924,0.08283496648073196,-0.6596117615699768,-0.06749515980482101,0.0,0.0,0.0,0.0,0.0,0.0,0.0,0.0,0.0,0.0,-2.690000057220459,-357.77001953125,-61.87000274658203,-24.21000099182129,0.0
1781051343.9016857,606745,1781051343,905224185,base_link,"['wheel_left_joint', 'wheel_right_joint', 'joint1', 'joint2', 'joint3', 'joint4', 'gripper']",0.010737867094576359,0.016873791813850403,0.46479618549346924,0.08283496648073196,-0.6596117615699768,-0.06749515980482101,0.0,0.0,0.0,0.0,0.0,0.0,0.0,0.0,0.0,0.0,-5.380000114440918,-357.77001953125,-61.87000274658203,-18.829999923706055,0.0
1781051343.955446,606746,1781051343,939224185,base_link,"['wheel_left_joint', 'wheel_right_joint', 'joint1', 'joint2', 'joint3', 'joint4', 'gripper']",0.010737867094576359,0.016873791813850403,0.46479618549346924,0.08283496648073196,-0.6596117615699768,-0.06749515980482101,0.0,0.0,0.0,0.0,0.0,0.0,0.0,0.0,0.0,0.0,-2.690000057220459,-360.46002197265625,-61.87000274658203,-21.520000457763672,0.0
1781051343.9833646,606747,1781051343,984224185,base_link,"['wheel_left_joint', 'wheel_right_joint', 'joint1', 'joint2', 'joint3', 'joint4', 'gripper']",0.010737867094576359,0.016873791813850403,0.46786415576934814,0.08283496648073196,-0.6596117615699768,-0.06749515980482101,0.0,0.0,0.0,0.0,0.0,0.0,0.0,0.0,0.0,0.0,-2.690000057220459,-360.46002197265625,-61.87000274658203,-21.520000457763672,0.0
1781051344.0361598,606748,1781051344,18224185,base_link,"['wheel_left_joint', 'wheel_right_joint', 'joint1', 'joint2', 'joint3', 'joint4', 'gripper']",0.010737867094576359,0.016873791813850403,0.46479618549346924,0.08283496648073196,-0.6596117615699768,-0.06749515980482101,0.0,0.0,0.0,0.0,0.0,0.0,0.0,0.0,0.0,0.0,-2.690000057220459,-357.77001953125,-61.87000274658203,-8.069999694824219,0.0
1781051344.0725548,606749,1781051344,71224185,base_link,"['wheel_left_joint', 'wheel_right_joint', 'joint1', 'joint2', 'joint3', 'joint4', 'gripper']",0.010737867094576359,0.016873791813850403,0.46479618549346924,0.08283496648073196,-0.6596117615699768,-0.06902913749217987,0.0,0.0,0.0,0.0,0.0,0.0,0.0,0.0,0.0,0.0,-5.380000114440918,-357.77001953125,-59.18000030517578,-21.520000457763672,0.0
1781051344.1263669,606750,1781051344,105224185,base_link,"['wheel_left_joint', 'wheel_right_joint', 'joint1', 'joint2', 'joint3', 'joint4', 'gripper']",0.010737867094576359,0.016873791813850403,0.46786415576934814,0.08283496648073196,-0.6596117615699768,-0.06749515980482101,0.0,0.0,0.0,0.0,0.0,0.0,0.0,0.0,0.0,0.0,-5.380000114440918,-357.77001953125,-59.18000030517578,-16.139999389648438,0.0
1781051344.1488485,606751,1781051344,150224185,base_link,"['wheel_left_joint', 'wheel_right_joint', 'joint1', 'joint2', 'joint3', 'joint4', 'gripper']",0.010737867094576359,0.016873791813850403,0.46479618549346924,0.08283496648073196,-0.6596117615699768,-0.06749515980482101,0.0,0.0,0.0,0.0,0.0,0.0,0.0,0.0,0.0,0.0,-2.690000057220459,-357.77001953125,-61.87000274658203,-16.139999389648438,0.0
1781051344.2040515,606752,1781051344,184224185,base_link,"['wheel_left_joint', 'wheel_right_joint', 'joint1', 'joint2', 'joint3', 'joint4', 'gripper']",0.010737867094576359,0.016873791813850403,0.46479618549346924,0.08283496648073196,-0.6596117615699768,-0.06749515980482101,0.0,0.0,0.0,0.0,0.0,0.0,0.0,0.0,0.0,0.0,-2.690000057220459,-357.77001953125,-61.87000274658203,-21.520000457763672,0.0
1781051344.2306342,606753,1781051344,234224185,base_link,"['wheel_left_joint', 'wheel_right_joint', 'joint1', 'joint2', 'joint3', 'joint4', 'gripper']",0.010737867094576359,0.016873791813850403,0.46479618549346924,0.08283496648073196,-0.6596117615699768,-0.06749515980482101,0.0,0.0,0.0,0.0,0.0,0.0,0.0,0.0,0.0,0.0,-2.690000057220459,-360.46002197265625,-61.87000274658203,-16.139999389648438,0.0
1781051344.2846642,606754,1781051344,268224185,base_link,"['wheel_left_joint', 'wheel_right_joint', 'joint1', 'joint2', 'joint3', 'joint4', 'gripper']",0.010737867094576359,0.016873791813850403,0.46479618549346924,0.08283496648073196,-0.6596117615699768,-0.06749515980482101,0.0,0.0,0.0,0.0,0.0,0.0,0.0,0.0,0.0,0.0,-2.690000057220459,-360.46002197265625,-61.87000274658203,-21.520000457763672,0.0
1781051344.3273597,606755,1781051344,335046585,base_link,"['wheel_left_joint', 'wheel_right_joint', 'joint1', 'joint2', 'joint3', 'joint4', 'gripper']",0.010737867094576359,0.016873791813850403,0.46479618549346924,0.08283496648073196,-0.6596117615699768,-0.06749515980482101,0.0,0.0,0.0,0.0,0.0,0.0,0.0,0.0,0.0,0.0,-2.690000057220459,-357.77001953125,-59.18000030517578,-18.829999923706055,0.0
1781051344.3785665,606756,1781051344,369046585,base_link,"['wheel_left_joint', 'wheel_right_joint', 'joint1', 'joint2', 'joint3', 'joint4', 'gripper']",0.010737867094576359,0.016873791813850403,0.46479618549346924,0.08283496648073196,-0.6596117615699768,-0.06749515980482101,0.0,0.0,0.0,0.0,0.0,0.0,0.0,0.0,0.0,0.0,-2.690000057220459,-357.77001953125,-59.18000030517578,-21.520000457763672,0.0
1781051344.4270036,606757,1781051344,403046585,base_link,"['wheel_left_joint', 'wheel_right_joint', 'joint1', 'joint2', 'joint3', 'joint4', 'gripper']",0.010737867094576359,0.016873791813850403,0.46479618549346924,0.08283496648073196,-0.6596117615699768,-0.06749515980482101,0.0,0.0,0.0,0.0,0.0,0.0,0.0,0.0,0.0,0.0,-2.690000057220459,-357.77001953125,-59.18000030517578,-24.21000099182129,0.0
1781051344.4432168,606758,1781051344,443046585,base_link,"['wheel_left_joint', 'wheel_right_joint', 'joint1', 'joint2', 'joint3', 'joint4', 'gripper']",0.010737867094576359,0.016873791813850403,0.46479618549346924,0.08283496648073196,-0.6596117615699768,-0.06749515980482101,0.0,0.0,0.0,0.0,0.0,0.0,0.0,0.0,0.0,0.0,-2.690000057220459,-357.77001953125,-59.18000030517578,-18.829999923706055,0.0
1781051344.4906845,606759,1781051344,477046585,base_link,"['wheel_left_joint', 'wheel_right_joint', 'joint1', 'joint2', 'joint3', 'joint4', 'gripper']",0.010737867094576359,0.016873791813850403,0.46786415576934814,0.08283496648073196,-0.6596117615699768,-0.06749515980482101,0.0,0.0,0.0,0.0,0.0,0.0,0.0,0.0,0.0,0.0,-2.690000057220459,-357.77001953125,-59.18000030517578,-21.520000457763672,0.0
1781051344.5170224,606760,1781051344,522046585,base_link,"['wheel_left_joint', 'wheel_right_joint', 'joint1', 'joint2', 'joint3', 'joint4', 'gripper']",0.010737867094576359,0.016873791813850403,0.46786415576934814,0.08283496648073196,-0.6596117615699768,-0.06749515980482101,0.0,0.0,0.0,0.0,0.0,0.0,0.0,0.0,0.0,0.0,-2.690000057220459,-357.77001953125,-61.87000274658203,-16.139999389648438,0.0
1781051344.5688734,606761,1781051344,556046585,base_link,"['wheel_left_joint', 'wheel_right_joint', 'joint1', 'joint2', 'joint3', 'joint4', 'gripper']",0.010737867094576359,0.016873791813850403,0.46786415576934814,0.08283496648073196,-0.6596117615699768,-0.06749515980482101,0.0,0.0,0.0,0.0,0.0,0.0,0.0,0.0,0.0,0.0,-2.690000057220459,-357.77001953125,-59.18000030517578,-24.21000099182129,0.0
1781051344.60685,606762,1781051344,613046585,base_link,"['wheel_left_joint', 'wheel_right_joint', 'joint1', 'joint2', 'joint3', 'joint4', 'gripper']",0.010737867094576359,0.016873791813850403,0.46479618549346924,0.08283496648073196,-0.6596117615699768,-0.06749515980482101,0.0,0.0,0.0,0.0,0.0,0.0,0.0,0.0,0.0,0.0,-2.690000057220459,-357.77001953125,-59.18000030517578,-18.829999923706055,0.0
1781051344.659854,606763,1781051344,647046585,base_link,"['wheel_left_joint', 'wheel_right_joint', 'joint1', 'joint2', 'joint3', 'joint4', 'gripper']",0.010737867094576359,0.016873791813850403,0.46479618549346924,0.08283496648073196,-0.6596117615699768,-0.06749515980482101,0.0,0.0,0.0,0.0,0.0,0.0,0.0,0.0,0.0,0.0,-5.380000114440918,-357.77001953125,-61.87000274658203,-18.829999923706055,0.0
1781051344.706172,606764,1781051344,708046585,base_link,"['wheel_left_joint', 'wheel_right_joint', 'joint1', 'joint2', 'joint3', 'joint4', 'gripper']",0.010737867094576359,0.016873791813850403,0.46479618549346924,0.08283496648073196,-0.6596117615699768,-0.06749515980482101,0.0,0.0,0.0,0.0,0.0,0.0,0.0,0.0,0.0,0.0,-2.690000057220459,-357.77001953125,-61.87000274658203,-16.139999389648438,0.0
1781051344.7584202,606765,1781051344,742046585,base_link,"['wheel_left_joint', 'wheel_right_joint', 'joint1', 'joint2', 'joint3', 'joint4', 'gripper']",0.010737867094576359,0.016873791813850403,0.46479618549346924,0.08283496648073196,-0.6596117615699768,-0.06749515980482101,0.0,0.0,0.0,0.0,0.0,0.0,0.0,0.0,0.0,0.0,-2.690000057220459,-357.77001953125,-61.87000274658203,-24.21000099182129,0.0
1781051344.7857816,606766,1781051344,790046585,base_link,"['wheel_left_joint', 'wheel_right_joint', 'joint1', 'joint2', 'joint3', 'joint4', 'gripper']",0.010737867094576359,0.016873791813850403,0.46479618549346924,0.08283496648073196,-0.6596117615699768,-0.06749515980482101,0.0,0.0,0.0,0.0,0.0,0.0,0.0,0.0,0.0,0.0,-2.690000057220459,-357.77001953125,-59.18000030517578,-18.829999923706055,0.0
1781051344.839519,606767,1781051344,824046585,base_link,"['wheel_left_joint', 'wheel_right_joint', 'joint1', 'joint2', 'joint3', 'joint4', 'gripper']",0.010737867094576359,0.016873791813850403,0.46479618549346924,0.08283496648073196,-0.6596117615699768,-0.06749515980482101,0.0,0.0,0.0,0.0,0.0,0.0,0.0,0.0,0.0,0.0,-2.690000057220459,-357.77001953125,-59.18000030517578,-10.760000228881836,0.0
1781051344.8760319,606768,1781051344,882046585,base_link,"['wheel_left_joint', 'wheel_right_joint', 'joint1', 'joint2', 'joint3', 'joint4', 'gripper']",0.010737867094576359,0.016873791813850403,0.46479618549346924,0.08283496648073196,-0.6596117615699768,-0.06749515980482101,0.0,0.0,0.0,0.0,0.0,0.0,0.0,0.0,0.0,0.0,-2.690000057220459,-360.46002197265625,-61.87000274658203,-21.520000457763672,0.0
1781051344.9286888,606769,1781051344,916046585,base_link,"['wheel_left_joint', 'wheel_right_joint', 'joint1', 'joint2', 'joint3', 'joint4', 'gripper']",0.010737867094576359,0.016873791813850403,0.46479618549346924,0.08283496648073196,-0.6596117615699768,-0.06749515980482101,0.0,0.0,0.0,0.0,0.0,0.0,0.0,0.0,0.0,0.0,-2.690000057220459,-357.77001953125,-59.18000030517578,-24.21000099182129,0.0
1781051344.9723196,606770,1781051344,978046585,base_link,"['wheel_left_joint', 'wheel_right_joint', 'joint1', 'joint2', 'joint3', 'joint4', 'gripper']",0.010737867094576359,0.016873791813850403,0.46786415576934814,0.08283496648073196,-0.6596117615699768,-0.06749515980482101,0.0,0.0,0.0,0.0,0.0,0.0,0.0,0.0,0.0,0.0,-5.380000114440918,-357.77001953125,-59.18000030517578,-16.139999389648438,0.0
1781051345.022573,606771,1781051345,12046585,base_link,"['wheel_left_joint', 'wheel_right_joint', 'joint1', 'joint2', 'joint3', 'joint4', 'gripper']",0.010737867094576359,0.016873791813850403,0.46479618549346924,0.08283496648073196,-0.6596117615699768,-0.06749515980482101,0.0,0.0,0.0,0.0,0.0,0.0,0.0,0.0,0.0,0.0,-2.690000057220459,-357.77001953125,-59.18000030517578,-18.829999923706055,0.0
1781051345.07411,606772,1781051345,74046585,base_link,"['wheel_left_joint', 'wheel_right_joint', 'joint1', 'joint2', 'joint3', 'joint4', 'gripper']",0.010737867094576359,0.016873791813850403,0.46479618549346924,0.08283496648073196,-0.6596117615699768,-0.06749515980482101,0.0,0.0,0.0,0.0,0.0,0.0,0.0,0.0,0.0,0.0,-2.690000057220459,-357.77001953125,-59.18000030517578,-21.520000457763672,0.0
1781051345.1228364,606773,1781051345,108046585,base_link,"['wheel_left_joint', 'wheel_right_joint', 'joint1', 'joint2', 'joint3', 'joint4', 'gripper']",0.010737867094576359,0.016873791813850403,0.46479618549346924,0.08283496648073196,-0.6596117615699768,-0.06902913749217987,0.0,0.0,0.0,0.0,0.0,0.0,0.0,0.0,0.0,0.0,-2.690000057220459,-360.46002197265625,-59.18000030517578,-16.139999389648438,0.0
1781051345.1482956,606774,1781051345,153046585,base_link,"['wheel_left_joint', 'wheel_right_joint', 'joint1', 'joint2', 'joint3', 'joint4', 'gripper']",0.010737867094576359,0.016873791813850403,0.46479618549346924,0.08283496648073196,-0.6596117615699768,-0.06749515980482101,0.0,0.0,0.0,0.0,0.0,0.0,0.0,0.0,0.0,0.0,-2.690000057220459,-360.46002197265625,-59.18000030517578,-21.520000457763672,0.0
1781051345.204211,606775,1781051345,187046585,base_link,"['wheel_left_joint', 'wheel_right_joint', 'joint1', 'joint2', 'joint3', 'joint4', 'gripper']",0.010737867094576359,0.016873791813850403,0.46479618549346924,0.08283496648073196,-0.6596117615699768,-0.06749515980482101,0.0,0.0,0.0,0.0,0.0,0.0,0.0,0.0,0.0,0.0,-2.690000057220459,-360.46002197265625,-59.18000030517578,-16.139999389648438,0.0
1781051345.2255464,606776,1781051345,226046585,base_link,"['wheel_left_joint', 'wheel_right_joint', 'joint1', 'joint2', 'joint3', 'joint4', 'gripper']",0.010737867094576359,0.016873791813850403,0.46479618549346924,0.08283496648073196,-0.6596117615699768,-0.06749515980482101,0.0,0.0,0.0,0.0,0.0,0.0,0.0,0.0,0.0,0.0,-5.380000114440918,-360.46002197265625,-59.18000030517578,-21.520000457763672,0.0
1781051345.2788002,606777,1781051345,260046585,base_link,"['wheel_left_joint', 'wheel_right_joint', 'joint1', 'joint2', 'joint3', 'joint4', 'gripper']",0.010737867094576359,0.016873791813850403,0.46479618549346924,0.08283496648073196,-0.6596117615699768,-0.06749515980482101,0.0,0.0,0.0,0.0,0.0,0.0,0.0,0.0,0.0,0.0,-5.380000114440918,-360.46002197265625,-59.18000030517578,-18.829999923706055,0.0
1781051345.3046634,606778,1781051345,305046585,base_link,"['wheel_left_joint', 'wheel_right_joint', 'joint1', 'joint2', 'joint3', 'joint4', 'gripper']",0.010737867094576359,0.016873791813850403,0.46479618549346924,0.08283496648073196,-0.6596117615699768,-0.06749515980482101,0.0,0.0,0.0,0.0,0.0,0.0,0.0,0.0,0.0,0.0,-2.690000057220459,-360.46002197265625,-69.94000244140625,-18.829999923706055,0.0
1781051345.3573947,606779,1781051345,339046585,base_link,"['wheel_left_joint', 'wheel_right_joint', 'joint1', 'joint2', 'joint3', 'joint4', 'gripper']",0.010737867094576359,0.016873791813850403,0.46479618549346924,0.08283496648073196,-0.6596117615699768,-0.06749515980482101,0.0,0.0,0.0,0.0,0.0,0.0,0.0,0.0,0.0,0.0,-2.690000057220459,-357.77001953125,-61.87000274658203,-18.829999923706055,0.0
1781051345.3785312,606780,1781051345,379046585,base_link,"['wheel_left_joint', 'wheel_right_joint', 'joint1', 'joint2', 'joint3', 'joint4', 'gripper']",0.010737867094576359,0.016873791813850403,0.46479618549346924,0.08283496648073196,-0.6596117615699768,-0.06749515980482101,0.0,0.0,0.0,0.0,0.0,0.0,0.0,0.0,0.0,0.0,-2.690000057220459,-360.46002197265625,-61.87000274658203,-24.21000099182129,0.0
1781051345.4302716,606781,1781051345,413046585,base_link,"['wheel_left_joint', 'wheel_right_joint', 'joint1', 'joint2', 'joint3', 'joint4', 'gripper']",0.010737867094576359,0.016873791813850403,0.46479618549346924,0.08283496648073196,-0.6596117615699768,-0.06749515980482101,0.0,0.0,0.0,0.0,0.0,0.0,0.0,0.0,0.0,0.0,-2.690000057220459,-357.77001953125,-61.87000274658203,-24.21000099182129,0.0
1781051345.4523952,606782,1781051345,457046585,base_link,"['wheel_left_joint', 'wheel_right_joint', 'joint1', 'joint2', 'joint3', 'joint4', 'gripper']",0.010737867094576359,0.016873791813850403,0.46786415576934814,0.08283496648073196,-0.6596117615699768,-0.06749515980482101,0.0,0.0,0.0,0.0,0.0,0.0,0.0,0.0,0.0,0.0,-5.380000114440918,-357.77001953125,-59.18000030517578,-10.760000228881836,0.0
1781051345.5049114,606783,1781051345,491046585,base_link,"['wheel_left_joint', 'wheel_right_joint', 'joint1', 'joint2', 'joint3', 'joint4', 'gripper']",0.010737867094576359,0.016873791813850403,0.46479618549346924,0.08283496648073196,-0.6596117615699768,-0.06749515980482101,0.0,0.0,0.0,0.0,0.0,0.0,0.0,0.0,0.0,0.0,-2.690000057220459,-360.46002197265625,-59.18000030517578,-16.139999389648438,0.0
1781051345.5490527,606784,1781051345,554046585,base_link,"['wheel_left_joint', 'wheel_right_joint', 'joint1', 'joint2', 'joint3', 'joint4', 'gripper']",0.010737867094576359,0.016873791813850403,0.46479618549346924,0.08283496648073196,-0.6596117615699768,-0.06749515980482101,0.0,0.0,0.0,0.0,0.0,0.0,0.0,0.0,0.0,0.0,-2.690000057220459,-360.46002197265625,-59.18000030517578,-26.900001525878906,0.0
1781051345.5998435,606785,1781051345,588046585,base_link,"['wheel_left_joint', 'wheel_right_joint', 'joint1', 'joint2', 'joint3', 'joint4', 'gripper']",0.010737867094576359,0.016873791813850403,0.46479618549346924,0.08283496648073196,-0.6596117615699768,-0.06749515980482101,0.0,0.0,0.0,0.0,0.0,0.0,0.0,0.0,0.0,0.0,-2.690000057220459,-357.77001953125,-61.87000274658203,-16.139999389648438,0.0
1781051345.6481473,606786,1781051345,650046585,base_link,"['wheel_left_joint', 'wheel_right_joint', 'joint1', 'joint2', 'joint3', 'joint4', 'gripper']",0.010737867094576359,0.016873791813850403,0.46786415576934814,0.08283496648073196,-0.6596117615699768,-0.06749515980482101,0.0,0.0,0.0,0.0,0.0,0.0,0.0,0.0,0.0,0.0,-2.690000057220459,-357.77001953125,-61.87000274658203,-13.450000762939453,0.0
1781051345.7009177,606787,1781051345,684046585,base_link,"['wheel_left_joint', 'wheel_right_joint', 'joint1', 'joint2', 'joint3', 'joint4', 'gripper']",0.010737867094576359,0.016873791813850403,0.46786415576934814,0.08283496648073196,-0.6596117615699768,-0.06749515980482101,0.0,0.0,0.0,0.0,0.0,0.0,0.0,0.0,0.0,0.0,-5.380000114440918,-357.77001953125,-61.87000274658203,-18.829999923706055,0.0
1781051345.7284894,606788,1781051345,733046585,base_link,"['wheel_left_joint', 'wheel_right_joint', 'joint1', 'joint2', 'joint3', 'joint4', 'gripper']",0.010737867094576359,0.016873791813850403,0.46479618549346924,0.08283496648073196,-0.6596117615699768,-0.06749515980482101,0.0,0.0,0.0,0.0,0.0,0.0,0.0,0.0,0.0,0.0,-2.690000057220459,-360.46002197265625,-59.18000030517578,-16.139999389648438,0.0
1781051345.780174,606789,1781051345,767046585,base_link,"['wheel_left_joint', 'wheel_right_joint', 'joint1', 'joint2', 'joint3', 'joint4', 'gripper']",0.010737867094576359,0.016873791813850403,0.46479618549346924,0.08283496648073196,-0.6596117615699768,-0.06749515980482101,0.0,0.0,0.0,0.0,0.0,0.0,0.0,0.0,0.0,0.0,0.0,-357.77001953125,-61.87000274658203,-21.520000457763672,0.0
1781051345.8279681,606790,1781051345,831046585,base_link,"['wheel_left_joint', 'wheel_right_joint', 'joint1', 'joint2', 'joint3', 'joint4', 'gripper']",0.010737867094576359,0.016873791813850403,0.46479618549346924,0.08283496648073196,-0.6596117615699768,-0.06749515980482101,0.0,0.0,0.0,0.0,0.0,0.0,0.0,0.0,0.0,0.0,-2.690000057220459,-357.77001953125,-61.87000274658203,-21.520000457763672,0.0
1781051345.8811593,606791,1781051345,865046585,base_link,"['wheel_left_joint', 'wheel_right_joint', 'joint1', 'joint2', 'joint3', 'joint4', 'gripper']",0.010737867094576359,0.016873791813850403,0.46479618549346924,0.08283496648073196,-0.6596117615699768,-0.06749515980482101,0.0,0.0,0.0,0.0,0.0,0.0,0.0,0.0,0.0,0.0,-2.690000057220459,-360.46002197265625,-61.87000274658203,-21.520000457763672,0.0
1781051345.9076939,606792,1781051345,912046585,base_link,"['wheel_left_joint', 'wheel_right_joint', 'joint1', 'joint2', 'joint3', 'joint4', 'gripper']",0.010737867094576359,0.016873791813850403,0.46786415576934814,0.08283496648073196,-0.6596117615699768,-0.06902913749217987,0.0,0.0,0.0,0.0,0.0,0.0,0.0,0.0,0.0,0.0,-2.690000057220459,-357.77001953125,-59.18000030517578,-21.520000457763672,0.0
1781051345.9598641,606793,1781051345,946046585,base_link,"['wheel_left_joint', 'wheel_right_joint', 'joint1', 'joint2', 'joint3', 'joint4', 'gripper']",0.010737867094576359,0.016873791813850403,0.46786415576934814,0.08283496648073196,-0.6596117615699768,-0.06749515980482101,0.0,0.0,0.0,0.0,0.0,0.0,0.0,0.0,0.0,0.0,-2.690000057220459,-357.77001953125,-61.87000274658203,-13.450000762939453,0.0
1781051346.0022442,606794,1781051346,5046585,base_link,"['wheel_left_joint', 'wheel_right_joint', 'joint1', 'joint2', 'joint3', 'joint4', 'gripper']",0.010737867094576359,0.016873791813850403,0.46479618549346924,0.08283496648073196,-0.6596117615699768,-0.06749515980482101,0.0,0.0,0.0,0.0,0.0,0.0,0.0,0.0,0.0,0.0,-2.690000057220459,-360.46002197265625,-61.87000274658203,-18.829999923706055,0.0
1781051346.054011,606795,1781051346,39046585,base_link,"['wheel_left_joint', 'wheel_right_joint', 'joint1', 'joint2', 'joint3', 'joint4', 'gripper']",0.010737867094576359,0.016873791813850403,0.46786415576934814,0.08283496648073196,-0.6596117615699768,-0.06749515980482101,0.0,0.0,0.0,0.0,0.0,0.0,0.0,0.0,0.0,0.0,-2.690000057220459,-357.77001953125,-59.18000030517578,-18.829999923706055,0.0
1781051346.0762117,606796,1781051346,80046585,base_link,"['wheel_left_joint', 'wheel_right_joint', 'joint1', 'joint2', 'joint3', 'joint4', 'gripper']",0.010737867094576359,0.016873791813850403,0.46786415576934814,0.08283496648073196,-0.6596117615699768,-0.06749515980482101,0.0,0.0,0.0,0.0,0.0,0.0,0.0,0.0,0.0,0.0,-2.690000057220459,-357.77001953125,-61.87000274658203,-18.829999923706055,0.0
1781051346.1299613,606797,1781051346,114046585,base_link,"['wheel_left_joint', 'wheel_right_joint', 'joint1', 'joint2', 'joint3', 'joint4', 'gripper']",0.010737867094576359,0.016873791813850403,0.46479618549346924,0.08283496648073196,-0.6596117615699768,-0.06749515980482101,0.0,0.0,0.0,0.0,0.0,0.0,0.0,0.0,0.0,0.0,-2.690000057220459,-360.46002197265625,-59.18000030517578,-21.520000457763672,0.0
1781051346.1549714,606798,1781051346,157046585,base_link,"['wheel_left_joint', 'wheel_right_joint', 'joint1', 'joint2', 'joint3', 'joint4', 'gripper']",0.010737867094576359,0.016873791813850403,0.46479618549346924,0.08283496648073196,-0.6596117615699768,-0.06749515980482101,0.0,0.0,0.0,0.0,0.0,0.0,0.0,0.0,0.0,0.0,-2.690000057220459,-357.77001953125,-59.18000030517578,-24.21000099182129,0.0
1781051346.2091722,606799,1781051346,191046585,base_link,"['wheel_left_joint', 'wheel_right_joint', 'joint1', 'joint2', 'joint3', 'joint4', 'gripper']",0.010737867094576359,0.016873791813850403,0.46479618549346924,0.08283496648073196,-0.6596117615699768,-0.06749515980482101,0.0,0.0,0.0,0.0,0.0,0.0,0.0,0.0,0.0,0.0,-5.380000114440918,-360.46002197265625,-59.18000030517578,-13.450000762939453,0.0
1781051346.2464488,606800,1781051346,245046585,base_link,"['wheel_left_joint', 'wheel_right_joint', 'joint1', 'joint2', 'joint3', 'joint4', 'gripper']",0.010737867094576359,0.016873791813850403,0.46479618549346924,0.08283496648073196,-0.6596117615699768,-0.06749515980482101,0.0,0.0,0.0,0.0,0.0,0.0,0.0,0.0,0.0,0.0,-2.690000057220459,-360.46002197265625,-61.87000274658203,-24.21000099182129,0.0
1781051346.298668,606801,1781051346,279046585,base_link,"['wheel_left_joint', 'wheel_right_joint', 'joint1', 'joint2', 'joint3', 'joint4', 'gripper']",0.010737867094576359,0.016873791813850403,0.46479618549346924,0.08283496648073196,-0.6596117615699768,-0.06749515980482101,0.0,0.0,0.0,0.0,0.0,0.0,0.0,0.0,0.0,0.0,-2.690000057220459,-360.46002197265625,-61.87000274658203,-18.829999923706055,0.0
1781051346.31967,606802,1781051346,325046585,base_link,"['wheel_left_joint', 'wheel_right_joint', 'joint1', 'joint2', 'joint3', 'joint4', 'gripper']",0.010737867094576359,0.016873791813850403,0.46479618549346924,0.08283496648073196,-0.6596117615699768,-0.06749515980482101,0.0,0.0,0.0,0.0,0.0,0.0,0.0,0.0,0.0,0.0,-2.690000057220459,-360.46002197265625,-61.87000274658203,-18.829999923706055,0.0
1781051346.3718684,606803,1781051346,359046585,base_link,"['wheel_left_joint', 'wheel_right_joint', 'joint1', 'joint2', 'joint3', 'joint4', 'gripper']",0.010737867094576359,0.016873791813850403,0.46786415576934814,0.08283496648073196,-0.6596117615699768,-0.06749515980482101,0.0,0.0,0.0,0.0,0.0,0.0,0.0,0.0,0.0,0.0,-2.690000057220459,-357.77001953125,-61.87000274658203,-24.21000099182129,0.0
1781051346.398862,606804,1781051346,403046585,base_link,"['wheel_left_joint', 'wheel_right_joint', 'joint1', 'joint2', 'joint3', 'joint4', 'gripper']",0.010737867094576359,0.016873791813850403,0.46786415576934814,0.08283496648073196,-0.6596117615699768,-0.06749515980482101,0.0,0.0,0.0,0.0,0.0,0.0,0.0,0.0,0.0,0.0,-2.690000057220459,-357.77001953125,-61.87000274658203,-18.829999923706055,0.0
1781051346.4518995,606805,1781051346,437046585,base_link,"['wheel_left_joint', 'wheel_right_joint', 'joint1', 'joint2', 'joint3', 'joint4', 'gripper']",0.010737867094576359,0.016873791813850403,0.46479618549346924,0.08283496648073196,-0.6596117615699768,-0.06749515980482101,0.0,0.0,0.0,0.0,0.0,0.0,0.0,0.0,0.0,0.0,-2.690000057220459,-357.77001953125,-61.87000274658203,-18.829999923706055,0.0
1781051346.4731264,606806,1781051346,477046585,base_link,"['wheel_left_joint', 'wheel_right_joint', 'joint1', 'joint2', 'joint3', 'joint4', 'gripper']",0.010737867094576359,0.016873791813850403,0.46479618549346924,0.08283496648073196,-0.6596117615699768,-0.06749515980482101,0.0,0.0,0.0,0.0,0.0,0.0,0.0,0.0,0.0,0.0,-2.690000057220459,-357.77001953125,-61.87000274658203,-24.21000099182129,0.0
1781051346.5255432,606807,1781051346,511046585,base_link,"['wheel_left_joint', 'wheel_right_joint', 'joint1', 'joint2', 'joint3', 'joint4', 'gripper']",0.010737867094576359,0.016873791813850403,0.46479618549346924,0.08283496648073196,-0.6596117615699768,-0.06749515980482101,0.0,0.0,0.0,0.0,0.0,0.0,0.0,0.0,0.0,0.0,-5.380000114440918,-357.77001953125,-61.87000274658203,-16.139999389648438,0.0
1781051346.5529191,606808,1781051346,557046585,base_link,"['wheel_left_joint', 'wheel_right_joint', 'joint1', 'joint2', 'joint3', 'joint4', 'gripper']",0.010737867094576359,0.016873791813850403,0.46479618549346924,0.08283496648073196,-0.6596117615699768,-0.06749515980482101,0.0,0.0,0.0,0.0,0.0,0.0,0.0,0.0,0.0,0.0,-2.690000057220459,-357.77001953125,-61.87000274658203,-26.900001525878906,0.0
1781051346.6064425,606809,1781051346,591046585,base_link,"['wheel_left_joint', 'wheel_right_joint', 'joint1', 'joint2', 'joint3', 'joint4', 'gripper']",0.010737867094576359,0.016873791813850403,0.46479618549346924,0.08283496648073196,-0.6596117615699768,-0.06749515980482101,0.0,0.0,0.0,0.0,0.0,0.0,0.0,0.0,0.0,0.0,0.0,-360.46002197265625,-59.18000030517578,-16.139999389648438,0.0
1781051346.6466255,606810,1781051346,654046585,base_link,"['wheel_left_joint', 'wheel_right_joint', 'joint1', 'joint2', 'joint3', 'joint4', 'gripper']",0.010737867094576359,0.016873791813850403,0.46479618549346924,0.08283496648073196,-0.6596117615699768,-0.06749515980482101,0.0,0.0,0.0,0.0,0.0,0.0,0.0,0.0,0.0,0.0,-2.690000057220459,-360.46002197265625,-61.87000274658203,-16.139999389648438,0.0
1781051346.698585,606811,1781051346,688046585,base_link,"['wheel_left_joint', 'wheel_right_joint', 'joint1', 'joint2', 'joint3', 'joint4', 'gripper']",0.010737867094576359,0.016873791813850403,0.46479618549346924,0.08283496648073196,-0.6596117615699768,-0.06749515980482101,0.0,0.0,0.0,0.0,0.0,0.0,0.0,0.0,0.0,0.0,-2.690000057220459,-357.77001953125,-59.18000030517578,-21.520000457763672,0.0
1781051346.746571,606812,1781051346,749046585,base_link,"['wheel_left_joint', 'wheel_right_joint', 'joint1', 'joint2', 'joint3', 'joint4', 'gripper']",0.010737867094576359,0.016873791813850403,0.46479618549346924,0.08283496648073196,-0.6596117615699768,-0.06749515980482101,0.0,0.0,0.0,0.0,0.0,0.0,0.0,0.0,0.0,0.0,-2.690000057220459,-355.08001708984375,-61.87000274658203,-18.829999923706055,0.0
1781051346.8018315,606813,1781051346,783046585,base_link,"['wheel_left_joint', 'wheel_right_joint', 'joint1', 'joint2', 'joint3', 'joint4', 'gripper']",0.010737867094576359,0.016873791813850403,0.46479618549346924,0.08283496648073196,-0.6596117615699768,-0.06749515980482101,0.0,0.0,0.0,0.0,0.0,0.0,0.0,0.0,0.0,0.0,-2.690000057220459,-355.08001708984375,-61.87000274658203,-18.829999923706055,0.0
1781051346.823202,606814,1781051346,827953767,base_link,"['wheel_left_joint', 'wheel_right_joint', 'joint1', 'joint2', 'joint3', 'joint4', 'gripper']",0.010737867094576359,0.016873791813850403,0.46479618549346924,0.08283496648073196,-0.6596117615699768,-0.06749515980482101,0.0,0.0,0.0,0.0,0.0,0.0,0.0,0.0,0.0,0.0,-5.380000114440918,-355.08001708984375,-61.87000274658203,-16.139999389648438,0.0
1781051346.8768568,606815,1781051346,861953767,base_link,"['wheel_left_joint', 'wheel_right_joint', 'joint1', 'joint2', 'joint3', 'joint4', 'gripper']",0.010737867094576359,0.016873791813850403,0.46479618549346924,0.08283496648073196,-0.6596117615699768,-0.06749515980482101,0.0,0.0,0.0,0.0,0.0,0.0,0.0,0.0,0.0,0.0,-2.690000057220459,-355.08001708984375,-61.87000274658203,-21.520000457763672,0.0
1781051346.9032338,606816,1781051346,906953767,base_link,"['wheel_left_joint', 'wheel_right_joint', 'joint1', 'joint2', 'joint3', 'joint4', 'gripper']",0.010737867094576359,0.016873791813850403,0.46479618549346924,0.08283496648073196,-0.6596117615699768,-0.06749515980482101,0.0,0.0,0.0,0.0,0.0,0.0,0.0,0.0,0.0,0.0,-2.690000057220459,-357.77001953125,-61.87000274658203,-18.829999923706055,0.0
1781051346.9576824,606817,1781051346,940953767,base_link,"['wheel_left_joint', 'wheel_right_joint', 'joint1', 'joint2', 'joint3', 'joint4', 'gripper']",0.010737867094576359,0.016873791813850403,0.46786415576934814,0.08283496648073196,-0.6596117615699768,-0.06749515980482101,0.0,0.0,0.0,0.0,0.0,0.0,0.0,0.0,0.0,0.0,-2.690000057220459,-357.77001953125,-59.18000030517578,-18.829999923706055,0.0
1781051346.9771402,606818,1781051346,979953767,base_link,"['wheel_left_joint', 'wheel_right_joint', 'joint1', 'joint2', 'joint3', 'joint4', 'gripper']",0.010737867094576359,0.016873791813850403,0.46479618549346924,0.08283496648073196,-0.6596117615699768,-0.06749515980482101,0.0,0.0,0.0,0.0,0.0,0.0,0.0,0.0,0.0,0.0,-2.690000057220459,-357.77001953125,-61.87000274658203,-18.829999923706055,0.0
1781051347.030727,606819,1781051347,13953767,base_link,"['wheel_left_joint', 'wheel_right_joint', 'joint1', 'joint2', 'joint3', 'joint4', 'gripper']",0.010737867094576359,0.016873791813850403,0.46479618549346924,0.08283496648073196,-0.6596117615699768,-0.06749515980482101,0.0,0.0,0.0,0.0,0.0,0.0,0.0,0.0,0.0,0.0,-2.690000057220459,-360.46002197265625,-61.87000274658203,-16.139999389648438,0.0
1781051347.0567408,606820,1781051347,56953767,base_link,"['wheel_left_joint', 'wheel_right_joint', 'joint1', 'joint2', 'joint3', 'joint4', 'gripper']",0.010737867094576359,0.016873791813850403,0.46786415576934814,0.08283496648073196,-0.6596117615699768,-0.06749515980482101,0.0,0.0,0.0,0.0,0.0,0.0,0.0,0.0,0.0,0.0,-5.380000114440918,-360.46002197265625,-61.87000274658203,-18.829999923706055,0.0
1781051347.1098065,606821,1781051347,90953767,base_link,"['wheel_left_joint', 'wheel_right_joint', 'joint1', 'joint2', 'joint3', 'joint4', 'gripper']",0.010737867094576359,0.016873791813850403,0.46786415576934814,0.08283496648073196,-0.6596117615699768,-0.06749515980482101,0.0,0.0,0.0,0.0,0.0,0.0,0.0,0.0,0.0,0.0,-2.690000057220459,-357.77001953125,-59.18000030517578,-18.829999923706055,0.0
1781051347.129933,606822,1781051347,130953767,base_link,"['wheel_left_joint', 'wheel_right_joint', 'joint1', 'joint2', 'joint3', 'joint4', 'gripper']",0.010737867094576359,0.016873791813850403,0.46479618549346924,0.08283496648073196,-0.6596117615699768,-0.06749515980482101,0.0,0.0,0.0,0.0,0.0,0.0,0.0,0.0,0.0,0.0,-2.690000057220459,-357.77001953125,-59.18000030517578,-24.21000099182129,0.0
1781051347.1827917,606823,1781051347,164953767,base_link,"['wheel_left_joint', 'wheel_right_joint', 'joint1', 'joint2', 'joint3', 'joint4', 'gripper']",0.010737867094576359,0.016873791813850403,0.46479618549346924,0.08283496648073196,-0.6596117615699768,-0.06749515980482101,0.0,0.0,0.0,0.0,0.0,0.0,0.0,0.0,0.0,0.0,0.0,-357.77001953125,-59.18000030517578,-16.139999389648438,0.0
1781051347.2047925,606824,1781051347,208953767,base_link,"['wheel_left_joint', 'wheel_right_joint', 'joint1', 'joint2', 'joint3', 'joint4', 'gripper']",0.010737867094576359,0.016873791813850403,0.46479618549346924,0.08283496648073196,-0.6596117615699768,-0.06749515980482101,0.0,0.0,0.0,0.0,0.0,0.0,0.0,0.0,0.0,0.0,-5.380000114440918,-360.46002197265625,-59.18000030517578,-16.139999389648438,0.0
1781051347.2615664,606825,1781051347,242953767,base_link,"['wheel_left_joint', 'wheel_right_joint', 'joint1', 'joint2', 'joint3', 'joint4', 'gripper']",0.010737867094576359,0.016873791813850403,0.46786415576934814,0.08283496648073196,-0.6596117615699768,-0.06749515980482101,0.0,0.0,0.0,0.0,0.0,0.0,0.0,0.0,0.0,0.0,-5.380000114440918,-360.46002197265625,-59.18000030517578,-24.21000099182129,0.0
1781051347.2869396,606826,1781051347,285953767,base_link,"['wheel_left_joint', 'wheel_right_joint', 'joint1', 'joint2', 'joint3', 'joint4', 'gripper']",0.010737867094576359,0.016873791813850403,0.46479618549346924,0.08283496648073196,-0.6596117615699768,-0.06749515980482101,0.0,0.0,0.0,0.0,0.0,0.0,0.0,0.0,0.0,0.0,-2.690000057220459,-357.77001953125,-59.18000030517578,-18.829999923706055,0.0
1781051347.339773,606827,1781051347,319953767,base_link,"['wheel_left_joint', 'wheel_right_joint', 'joint1', 'joint2', 'joint3', 'joint4', 'gripper']",0.010737867094576359,0.016873791813850403,0.46479618549346924,0.08283496648073196,-0.6596117615699768,-0.06749515980482101,0.0,0.0,0.0,0.0,0.0,0.0,0.0,0.0,0.0,0.0,-2.690000057220459,-357.77001953125,-59.18000030517578,-21.520000457763672,0.0
1781051347.3603806,606828,1781051347,359953767,base_link,"['wheel_left_joint', 'wheel_right_joint', 'joint1', 'joint2', 'joint3', 'joint4', 'gripper']",0.010737867094576359,0.016873791813850403,0.46479618549346924,0.08283496648073196,-0.6596117615699768,-0.06749515980482101,0.0,0.0,0.0,0.0,0.0,0.0,0.0,0.0,0.0,0.0,-2.690000057220459,-357.77001953125,-61.87000274658203,-21.520000457763672,0.0
1781051347.413149,606829,1781051347,393953767,base_link,"['wheel_left_joint', 'wheel_right_joint', 'joint1', 'joint2', 'joint3', 'joint4', 'gripper']",0.010737867094576359,0.016873791813850403,0.46479618549346924,0.08283496648073196,-0.6596117615699768,-0.06749515980482101,0.0,0.0,0.0,0.0,0.0,0.0,0.0,0.0,0.0,0.0,-5.380000114440918,-357.77001953125,-61.87000274658203,-21.520000457763672,0.0
1781051347.4358444,606830,1781051347,441953767,base_link,"['wheel_left_joint', 'wheel_right_joint', 'joint1', 'joint2', 'joint3', 'joint4', 'gripper']",0.010737867094576359,0.016873791813850403,0.46479618549346924,0.08283496648073196,-0.6596117615699768,-0.06749515980482101,0.0,0.0,0.0,0.0,0.0,0.0,0.0,0.0,0.0,0.0,-2.690000057220459,-355.08001708984375,-59.18000030517578,-16.139999389648438,0.0
1781051347.4875968,606831,1781051347,475953767,base_link,"['wheel_left_joint', 'wheel_right_joint', 'joint1', 'joint2', 'joint3', 'joint4', 'gripper']",0.010737867094576359,0.016873791813850403,0.46479618549346924,0.08283496648073196,-0.6596117615699768,-0.06749515980482101,0.0,0.0,0.0,0.0,0.0,0.0,0.0,0.0,0.0,0.0,-2.690000057220459,-357.77001953125,-59.18000030517578,-24.21000099182129,0.0
1781051347.5346715,606832,1781051347,509953767,base_link,"['wheel_left_joint', 'wheel_right_joint', 'joint1', 'joint2', 'joint3', 'joint4', 'gripper']",0.010737867094576359,0.016873791813850403,0.46479618549346924,0.08283496648073196,-0.6596117615699768,-0.06902913749217987,0.0,0.0,0.0,0.0,0.0,0.0,0.0,0.0,0.0,0.0,-2.690000057220459,-363.1499938964844,-61.87000274658203,-26.900001525878906,0.0
1781051347.5512247,606833,1781051347,551953767,base_link,"['wheel_left_joint', 'wheel_right_joint', 'joint1', 'joint2', 'joint3', 'joint4', 'gripper']",0.009203885681927204,0.016873791813850403,0.46479618549346924,0.08283496648073196,-0.6596117615699768,-0.06749515980482101,0.0,-0.03652335703372955,0.0,0.0,0.0,0.0,0.0,0.0,0.0,0.0,-2.690000057220459,-357.77001953125,-61.87000274658203,-21.520000457763672,0.0
1781051347.5986626,606834,1781051347,585953767,base_link,"['wheel_left_joint', 'wheel_right_joint', 'joint1', 'joint2', 'joint3', 'joint4', 'gripper']",0.010737867094576359,0.016873791813850403,0.46786415576934814,0.08283496648073196,-0.6596117615699768,-0.06749515980482101,0.0,0.04511708766222,0.0,0.0,0.0,0.0,0.0,0.0,0.0,0.0,-2.690000057220459,-357.77001953125,-61.87000274658203,-16.139999389648438,0.0
1781051347.6469376,606835,1781051347,643953767,base_link,"['wheel_left_joint', 'wheel_right_joint', 'joint1', 'joint2', 'joint3', 'joint4', 'gripper']",0.010737867094576359,0.016873791813850403,0.46479618549346924,0.08283496648073196,-0.6596117615699768,-0.06749515980482101,0.0,0.0,0.0,0.0,0.0,0.0,0.0,0.0,0.0,0.0,-5.380000114440918,-357.77001953125,-61.87000274658203,-21.520000457763672,0.0
1781051347.6990812,606836,1781051347,677953767,base_link,"['wheel_left_joint', 'wheel_right_joint', 'joint1', 'joint2', 'joint3', 'joint4', 'gripper']",0.010737867094576359,0.016873791813850403,0.46479618549346924,0.08283496648073196,-0.6596117615699768,-0.06749515980482101,0.0,0.0,0.0,0.0,0.0,0.0,0.0,0.0,0.0,0.0,-2.690000057220459,-357.77001953125,-61.87000274658203,-24.21000099182129,0.0
1781051347.7162442,606837,1781051347,718953767,base_link,"['wheel_left_joint', 'wheel_right_joint', 'joint1', 'joint2', 'joint3', 'joint4', 'gripper']",0.010737867094576359,0.016873791813850403,0.46786415576934814,0.08283496648073196,-0.6596117615699768,-0.06749515980482101,0.0,0.0,0.0,0.0,0.0,0.0,0.0,0.0,0.0,0.0,-2.690000057220459,-360.46002197265625,-61.87000274658203,-21.520000457763672,0.0
1781051347.7668874,606838,1781051347,752953767,base_link,"['wheel_left_joint', 'wheel_right_joint', 'joint1', 'joint2', 'joint3', 'joint4', 'gripper']",0.010737867094576359,0.016873791813850403,0.46786415576934814,0.08283496648073196,-0.6596117615699768,-0.06749515980482101,0.0,0.0,0.0,0.0,0.0,0.0,0.0,0.0,0.0,0.0,-2.690000057220459,-357.77001953125,-61.87000274658203,-21.520000457763672,0.0
1781051347.794228,606839,1781051347,798953767,base_link,"['wheel_left_joint', 'wheel_right_joint', 'joint1', 'joint2', 'joint3', 'joint4', 'gripper']",0.010737867094576359,0.016873791813850403,0.46479618549346924,0.08283496648073196,-0.6596117615699768,-0.06749515980482101,0.0,0.0,0.0,0.0,0.0,0.0,0.0,0.0,0.0,0.0,-2.690000057220459,-360.46002197265625,-61.87000274658203,-16.139999389648438,0.0
1781051347.8466253,606840,1781051347,832953767,base_link,"['wheel_left_joint', 'wheel_right_joint', 'joint1', 'joint2', 'joint3', 'joint4', 'gripper']",0.010737867094576359,0.016873791813850403,0.46479618549346924,0.08283496648073196,-0.6596117615699768,-0.06902913749217987,0.0,0.0,0.0,0.0,0.0,0.0,0.0,0.0,0.0,0.0,-2.690000057220459,-357.77001953125,-61.87000274658203,-24.21000099182129,0.0
1781051347.8880732,606841,1781051347,894953767,base_link,"['wheel_left_joint', 'wheel_right_joint', 'joint1', 'joint2', 'joint3', 'joint4', 'gripper']",0.010737867094576359,0.016873791813850403,0.46786415576934814,0.08283496648073196,-0.6596117615699768,-0.06749515980482101,0.0,0.0,0.0,0.0,0.0,0.0,0.0,0.0,0.0,0.0,0.0,-357.77001953125,-61.87000274658203,-24.21000099182129,0.0
1781051347.940899,606842,1781051347,928953767,base_link,"['wheel_left_joint', 'wheel_right_joint', 'joint1', 'joint2', 'joint3', 'joint4', 'gripper']",0.010737867094576359,0.016873791813850403,0.46479618549346924,0.08283496648073196,-0.6596117615699768,-0.06749515980482101,0.0,0.0,0.0,0.0,0.0,0.0,0.0,0.0,0.0,0.0,-2.690000057220459,-357.77001953125,-61.87000274658203,-8.069999694824219,0.0
1781051347.9843104,606843,1781051347,990953767,base_link,"['wheel_left_joint', 'wheel_right_joint', 'joint1', 'joint2', 'joint3', 'joint4', 'gripper']",0.010737867094576359,0.016873791813850403,0.46479618549346924,0.08283496648073196,-0.6596117615699768,-0.06749515980482101,0.0,0.0,0.0,0.0,0.0,0.0,0.0,0.0,0.0,0.0,-2.690000057220459,-357.77001953125,-59.18000030517578,-21.520000457763672,0.0
1781051348.038684,606844,1781051348,24953767,base_link,"['wheel_left_joint', 'wheel_right_joint', 'joint1', 'joint2', 'joint3', 'joint4', 'gripper']",0.010737867094576359,0.016873791813850403,0.46479618549346924,0.08283496648073196,-0.6596117615699768,-0.06749515980482101,0.0,0.0,0.0,0.0,0.0,0.0,0.0,0.0,0.0,0.0,-2.690000057220459,-357.77001953125,-59.18000030517578,-18.829999923706055,0.0
1781051348.084857,606845,1781051348,87953767,base_link,"['wheel_left_joint', 'wheel_right_joint', 'joint1', 'joint2', 'joint3', 'joint4', 'gripper']",0.010737867094576359,0.016873791813850403,0.46479618549346924,0.08283496648073196,-0.6596117615699768,-0.06749515980482101,0.0,0.0,0.0,0.0,0.0,0.0,0.0,0.0,0.0,0.0,-2.690000057220459,-357.77001953125,-59.18000030517578,-21.520000457763672,0.0
1781051348.1366982,606846,1781051348,121953767,base_link,"['wheel_left_joint', 'wheel_right_joint', 'joint1', 'joint2', 'joint3', 'joint4', 'gripper']",0.010737867094576359,0.016873791813850403,0.46479618549346924,0.08283496648073196,-0.6596117615699768,-0.06749515980482101,0.0,0.0,0.0,0.0,0.0,0.0,0.0,0.0,0.0,0.0,0.0,-357.77001953125,-61.87000274658203,-16.139999389648438,0.0
1781051348.1633768,606847,1781051348,167953767,base_link,"['wheel_left_joint', 'wheel_right_joint', 'joint1', 'joint2', 'joint3', 'joint4', 'gripper']",0.010737867094576359,0.016873791813850403,0.46479618549346924,0.08283496648073196,-0.6596117615699768,-0.06749515980482101,0.0,0.0,0.0,0.0,0.0,0.0,0.0,0.0,0.0,0.0,-2.690000057220459,-360.46002197265625,-61.87000274658203,-24.21000099182129,0.0
1781051348.2169907,606848,1781051348,201953767,base_link,"['wheel_left_joint', 'wheel_right_joint', 'joint1', 'joint2', 'joint3', 'joint4', 'gripper']",0.010737867094576359,0.016873791813850403,0.46479618549346924,0.08283496648073196,-0.6596117615699768,-0.06749515980482101,0.0,0.0,0.0,0.0,0.0,0.0,0.0,0.0,0.0,0.0,-2.690000057220459,-360.46002197265625,-59.18000030517578,-24.21000099182129,0.0
1781051348.2627954,606849,1781051348,260953767,base_link,"['wheel_left_joint', 'wheel_right_joint', 'joint1', 'joint2', 'joint3', 'joint4', 'gripper']",0.010737867094576359,0.016873791813850403,0.46479618549346924,0.08283496648073196,-0.6596117615699768,-0.06749515980482101,0.0,0.0,0.0,0.0,0.0,0.0,0.0,0.0,0.0,0.0,-5.380000114440918,-357.77001953125,-59.18000030517578,-16.139999389648438,0.0
1781051348.3159752,606850,1781051348,294953767,base_link,"['wheel_left_joint', 'wheel_right_joint', 'joint1', 'joint2', 'joint3', 'joint4', 'gripper']",0.010737867094576359,0.016873791813850403,0.46479618549346924,0.08283496648073196,-0.6596117615699768,-0.06749515980482101,0.0,0.0,0.0,0.0,0.0,0.0,0.0,0.0,0.0,0.0,-2.690000057220459,-357.77001953125,-61.87000274658203,-26.900001525878906,0.0
1781051348.338156,606851,1781051348,341953767,base_link,"['wheel_left_joint', 'wheel_right_joint', 'joint1', 'joint2', 'joint3', 'joint4', 'gripper']",0.010737867094576359,0.016873791813850403,0.46479618549346924,0.08283496648073196,-0.6596117615699768,-0.06749515980482101,0.0,0.0,0.0,0.0,0.0,0.0,0.0,0.0,0.0,0.0,-2.690000057220459,-357.77001953125,-61.87000274658203,-21.520000457763672,0.0
1781051348.3912847,606852,1781051348,375953767,base_link,"['wheel_left_joint', 'wheel_right_joint', 'joint1', 'joint2', 'joint3', 'joint4', 'gripper']",0.010737867094576359,0.016873791813850403,0.46479618549346924,0.08283496648073196,-0.6596117615699768,-0.06749515980482101,0.0,0.0,0.0,0.0,0.0,0.0,0.0,0.0,0.0,0.0,-2.690000057220459,-357.77001953125,-61.87000274658203,-18.829999923706055,0.0
1781051348.4154925,606853,1781051348,418953767,base_link,"['wheel_left_joint', 'wheel_right_joint', 'joint1', 'joint2', 'joint3', 'joint4', 'gripper']",0.010737867094576359,0.016873791813850403,0.46479618549346924,0.08283496648073196,-0.6596117615699768,-0.06749515980482101,0.0,0.0,0.0,0.0,0.0,0.0,0.0,0.0,0.0,0.0,-2.690000057220459,-357.77001953125,-61.87000274658203,-26.900001525878906,0.0
1781051348.4683814,606854,1781051348,452953767,base_link,"['wheel_left_joint', 'wheel_right_joint', 'joint1', 'joint2', 'joint3', 'joint4', 'gripper']",0.010737867094576359,0.016873791813850403,0.46479618549346924,0.08436894416809082,-0.6596117615699768,-0.06749515980482101,0.0,0.0,0.0,0.0,0.0,0.0,0.0,0.0,0.0,0.0,-2.690000057220459,-357.77001953125,-61.87000274658203,-16.139999389648438,0.0
1781051348.4904475,606855,1781051348,493953767,base_link,"['wheel_left_joint', 'wheel_right_joint', 'joint1', 'joint2', 'joint3', 'joint4', 'gripper']",0.010737867094576359,0.016873791813850403,0.46479618549346924,0.08283496648073196,-0.6596117615699768,-0.06749515980482101,0.0,0.0,0.0,0.0,0.0,0.0,0.0,0.0,0.0,0.0,-2.690000057220459,-357.77001953125,-61.87000274658203,-16.139999389648438,0.0
1781051348.543731,606856,1781051348,527953767,base_link,"['wheel_left_joint', 'wheel_right_joint', 'joint1', 'joint2', 'joint3', 'joint4', 'gripper']",0.010737867094576359,0.016873791813850403,0.46786415576934814,0.08283496648073196,-0.6596117615699768,-0.06749515980482101,0.0,0.0,0.0,0.0,0.0,0.0,0.0,0.0,0.0,0.0,-2.690000057220459,-357.77001953125,-61.87000274658203,-21.520000457763672,0.0
1781051348.5702505,606857,1781051348,573953767,base_link,"['wheel_left_joint', 'wheel_right_joint', 'joint1', 'joint2', 'joint3', 'joint4', 'gripper']",0.010737867094576359,0.016873791813850403,0.46786415576934814,0.08283496648073196,-0.6596117615699768,-0.06749515980482101,0.0,0.0,0.0,0.0,0.0,0.0,0.0,0.0,0.0,0.0,-2.690000057220459,-357.77001953125,-61.87000274658203,-18.829999923706055,0.0
1781051348.6220655,606858,1781051348,607953767,base_link,"['wheel_left_joint', 'wheel_right_joint', 'joint1', 'joint2', 'joint3', 'joint4', 'gripper']",0.010737867094576359,0.016873791813850403,0.46479618549346924,0.08283496648073196,-0.6596117615699768,-0.06749515980482101,0.0,0.0,0.0,0.0,0.0,0.0,0.0,0.0,0.0,0.0,-2.690000057220459,-357.77001953125,-61.87000274658203,-24.21000099182129,0.0
1781051348.659492,606859,1781051348,665953767,base_link,"['wheel_left_joint', 'wheel_right_joint', 'joint1', 'joint2', 'joint3', 'joint4', 'gripper']",0.010737867094576359,0.016873791813850403,0.46479618549346924,0.08283496648073196,-0.6596117615699768,-0.06749515980482101,0.0,0.0,0.0,0.0,0.0,0.0,0.0,0.0,0.0,0.0,-2.690000057220459,-357.77001953125,-61.87000274658203,-21.520000457763672,0.0
1781051348.7127314,606860,1781051348,699953767,base_link,"['wheel_left_joint', 'wheel_right_joint', 'joint1', 'joint2', 'joint3', 'joint4', 'gripper']",0.010737867094576359,0.016873791813850403,0.46479618549346924,0.08283496648073196,-0.6596117615699768,-0.06749515980482101,0.0,0.0,0.0,0.0,0.0,0.0,0.0,0.0,0.0,0.0,-2.690000057220459,-357.77001953125,-61.87000274658203,-10.760000228881836,0.0
1781051348.7602458,606861,1781051348,762953767,base_link,"['wheel_left_joint', 'wheel_right_joint', 'joint1', 'joint2', 'joint3', 'joint4', 'gripper']",0.010737867094576359,0.016873791813850403,0.46786415576934814,0.08283496648073196,-0.6596117615699768,-0.06749515980482101,0.0,0.0,0.0,0.0,0.0,0.0,0.0,0.0,0.0,0.0,-2.690000057220459,-357.77001953125,-61.87000274658203,-21.520000457763672,0.0
1781051348.8127236,606862,1781051348,796953767,base_link,"['wheel_left_joint', 'wheel_right_joint', 'joint1', 'joint2', 'joint3', 'joint4', 'gripper']",0.010737867094576359,0.016873791813850403,0.46479618549346924,0.08283496648073196,-0.6596117615699768,-0.06749515980482101,0.0,0.0,0.0,0.0,0.0,0.0,0.0,0.0,0.0,0.0,-2.690000057220459,-357.77001953125,-61.87000274658203,-18.829999923706055,0.0
1781051348.8400865,606863,1781051348,843953767,base_link,"['wheel_left_joint', 'wheel_right_joint', 'joint1', 'joint2', 'joint3', 'joint4', 'gripper']",0.010737867094576359,0.016873791813850403,0.46479618549346924,0.08283496648073196,-0.6596117615699768,-0.06749515980482101,0.0,0.0,0.0,0.0,0.0,0.0,0.0,0.0,0.0,0.0,-2.690000057220459,-357.77001953125,-59.18000030517578,-24.21000099182129,0.0
1781051348.8915443,606864,1781051348,877953767,base_link,"['wheel_left_joint', 'wheel_right_joint', 'joint1', 'joint2', 'joint3', 'joint4', 'gripper']",0.010737867094576359,0.016873791813850403,0.46479618549346924,0.08283496648073196,-0.6596117615699768,-0.06749515980482101,0.0,0.0,0.0,0.0,0.0,0.0,0.0,0.0,0.0,0.0,0.0,-360.46002197265625,-61.87000274658203,-16.139999389648438,0.0
1781051348.9135032,606865,1781051348,915953767,base_link,"['wheel_left_joint', 'wheel_right_joint', 'joint1', 'joint2', 'joint3', 'joint4', 'gripper']",0.010737867094576359,0.016873791813850403,0.46479618549346924,0.08283496648073196,-0.6596117615699768,-0.06749515980482101,0.0,0.0,0.0,0.0,0.0,0.0,0.0,0.0,0.0,0.0,-2.690000057220459,-357.77001953125,-61.87000274658203,-21.520000457763672,0.0
1781051348.966959,606866,1781051348,949953767,base_link,"['wheel_left_joint', 'wheel_right_joint', 'joint1', 'joint2', 'joint3', 'joint4', 'gripper']",0.010737867094576359,0.016873791813850403,0.46479618549346924,0.08283496648073196,-0.6596117615699768,-0.06749515980482101,0.0,0.0,0.0,0.0,0.0,0.0,0.0,0.0,0.0,0.0,-2.690000057220459,-357.77001953125,-61.87000274658203,-18.829999923706055,0.0
1781051348.993207,606867,1781051348,992953767,base_link,"['wheel_left_joint', 'wheel_right_joint', 'joint1', 'joint2', 'joint3', 'joint4', 'gripper']",0.010737867094576359,0.016873791813850403,0.46786415576934814,0.08283496648073196,-0.6596117615699768,-0.06749515980482101,0.0,0.0,0.0,0.0,0.0,0.0,0.0,0.0,0.0,0.0,-2.690000057220459,-357.77001953125,-61.87000274658203,-13.450000762939453,0.0
1781051349.0452204,606868,1781051349,26953767,base_link,"['wheel_left_joint', 'wheel_right_joint', 'joint1', 'joint2', 'joint3', 'joint4', 'gripper']",0.010737867094576359,0.016873791813850403,0.46786415576934814,0.08283496648073196,-0.6596117615699768,-0.06749515980482101,0.0,0.0,0.0,0.0,0.0,0.0,0.0,0.0,0.0,0.0,-2.690000057220459,-357.77001953125,-61.87000274658203,-21.520000457763672,0.0
1781051349.0674262,606869,1781051349,66953767,base_link,"['wheel_left_joint', 'wheel_right_joint', 'joint1', 'joint2', 'joint3', 'joint4', 'gripper']",0.010737867094576359,0.016873791813850403,0.46786415576934814,0.08283496648073196,-0.6596117615699768,-0.06749515980482101,0.0,0.0,0.0,0.0,0.0,0.0,0.0,0.0,0.0,0.0,-2.690000057220459,-357.77001953125,-59.18000030517578,-13.450000762939453,0.0
1781051349.1185834,606870,1781051349,100953767,base_link,"['wheel_left_joint', 'wheel_right_joint', 'joint1', 'joint2', 'joint3', 'joint4', 'gripper']",0.010737867094576359,0.016873791813850403,0.46786415576934814,0.08283496648073196,-0.6596117615699768,-0.06749515980482101,0.0,0.0,0.0,0.0,0.0,0.0,0.0,0.0,0.0,0.0,-2.690000057220459,-360.46002197265625,-59.18000030517578,-26.900001525878906,0.0
1781051349.1461363,606871,1781051349,146953767,base_link,"['wheel_left_joint', 'wheel_right_joint', 'joint1', 'joint2', 'joint3', 'joint4', 'gripper']",0.010737867094576359,0.016873791813850403,0.46479618549346924,0.08283496648073196,-0.6596117615699768,-0.06749515980482101,0.0,0.0,0.0,0.0,0.0,0.0,0.0,0.0,0.0,0.0,-2.690000057220459,-360.46002197265625,-61.87000274658203,-8.069999694824219,0.0
1781051349.1990812,606872,1781051349,180953767,base_link,"['wheel_left_joint', 'wheel_right_joint', 'joint1', 'joint2', 'joint3', 'joint4', 'gripper']",0.010737867094576359,0.016873791813850403,0.46479618549346924,0.08283496648073196,-0.6596117615699768,-0.06749515980482101,0.0,0.0,0.0,0.0,0.0,0.0,0.0,0.0,0.0,0.0,-5.380000114440918,-357.77001953125,-61.87000274658203,-21.520000457763672,0.0
1781051349.2204049,606873,1781051349,221953767,base_link,"['wheel_left_joint', 'wheel_right_joint', 'joint1', 'joint2', 'joint3', 'joint4', 'gripper']",0.010737867094576359,0.016873791813850403,0.46479618549346924,0.08283496648073196,-0.6596117615699768,-0.06749515980482101,0.0,0.0,0.0,0.0,0.0,0.0,0.0,0.0,0.0,0.0,-2.690000057220459,-357.77001953125,-64.55999755859375,-10.760000228881836,0.0
1781051349.2743206,606874,1781051349,255953767,base_link,"['wheel_left_joint', 'wheel_right_joint', 'joint1', 'joint2', 'joint3', 'joint4', 'gripper']",0.010737867094576359,0.016873791813850403,0.46479618549346924,0.08283496648073196,-0.6596117615699768,-0.06749515980482101,0.0,0.0,0.0,0.0,0.0,0.0,0.0,0.0,0.0,0.0,-2.690000057220459,-357.77001953125,-61.87000274658203,-16.139999389648438,0.0
1781051349.3035412,606875,1781051349,301953767,base_link,"['wheel_left_joint', 'wheel_right_joint', 'joint1', 'joint2', 'joint3', 'joint4', 'gripper']",0.009203885681927204,0.016873791813850403,0.46479618549346924,0.08283496648073196,-0.6596117615699768,-0.06749515980482101,0.0,-0.03334741294384003,0.0,0.0,0.0,0.0,0.0,0.0,0.0,0.0,0.0,-357.77001953125,-59.18000030517578,-21.520000457763672,0.0
1781051349.3559172,606876,1781051349,351044441,base_link,"['wheel_left_joint', 'wheel_right_joint', 'joint1', 'joint2', 'joint3', 'joint4', 'gripper']",0.010737867094576359,0.016873791813850403,0.46479618549346924,0.08283496648073196,-0.6596117615699768,-0.06749515980482101,0.0,0.04511708766222,0.0,0.0,0.0,0.0,0.0,0.0,0.0,0.0,-2.690000057220459,-360.46002197265625,-59.18000030517578,-13.450000762939453,0.0
1781051349.378452,606877,1781051349,392044441,base_link,"['wheel_left_joint', 'wheel_right_joint', 'joint1', 'joint2', 'joint3', 'joint4', 'gripper']",0.010737867094576359,0.016873791813850403,0.46786415576934814,0.08283496648073196,-0.6596117615699768,-0.06749515980482101,0.0,0.0,0.0,0.0,0.0,0.0,0.0,0.0,0.0,0.0,-2.690000057220459,-360.46002197265625,-64.55999755859375,-18.829999923706055,0.0
1781051349.4294724,606878,1781051349,426044441,base_link,"['wheel_left_joint', 'wheel_right_joint', 'joint1', 'joint2', 'joint3', 'joint4', 'gripper']",0.010737867094576359,0.016873791813850403,0.46786415576934814,0.08283496648073196,-0.6596117615699768,-0.06749515980482101,0.0,0.0,0.0,0.0,0.0,0.0,0.0,0.0,0.0,0.0,-2.690000057220459,-363.1499938964844,-61.87000274658203,-16.139999389648438,0.0
1781051349.4569128,606879,1781051349,471044441,base_link,"['wheel_left_joint', 'wheel_right_joint', 'joint1', 'joint2', 'joint3', 'joint4', 'gripper']",0.010737867094576359,0.016873791813850403,0.46479618549346924,0.08283496648073196,-0.6596117615699768,-0.06749515980482101,0.0,0.0,0.0,0.0,0.0,0.0,0.0,0.0,0.0,0.0,-2.690000057220459,-357.77001953125,-61.87000274658203,-26.900001525878906,0.0
1781051349.5081642,606880,1781051349,505044441,base_link,"['wheel_left_joint', 'wheel_right_joint', 'joint1', 'joint2', 'joint3', 'joint4', 'gripper']",0.010737867094576359,0.016873791813850403,0.46479618549346924,0.08283496648073196,-0.6596117615699768,-0.06749515980482101,0.0,0.0,0.0,0.0,0.0,0.0,0.0,0.0,0.0,0.0,-5.380000114440918,-360.46002197265625,-61.87000274658203,-8.069999694824219,0.0
1781051349.5304618,606881,1781051349,547044441,base_link,"['wheel_left_joint', 'wheel_right_joint', 'joint1', 'joint2', 'joint3', 'joint4', 'gripper']",0.010737867094576359,0.016873791813850403,0.46479618549346924,0.08283496648073196,-0.6596117615699768,-0.06749515980482101,0.0,0.0,0.0,0.0,0.0,0.0,0.0,0.0,0.0,0.0,-2.690000057220459,-357.77001953125,-59.18000030517578,-26.900001525878906,0.0
1781051349.5818489,606882,1781051349,581044441,base_link,"['wheel_left_joint', 'wheel_right_joint', 'joint1', 'joint2', 'joint3', 'joint4', 'gripper']",0.010737867094576359,0.016873791813850403,0.46786415576934814,0.08283496648073196,-0.6596117615699768,-0.06749515980482101,0.0,0.0,0.0,0.0,0.0,0.0,0.0,0.0,0.0,0.0,-2.690000057220459,-360.46002197265625,-61.87000274658203,-18.829999923706055,0.0
1781051349.6089053,606883,1781051349,626044441,base_link,"['wheel_left_joint', 'wheel_right_joint', 'joint1', 'joint2', 'joint3', 'joint4', 'gripper']",0.010737867094576359,0.016873791813850403,0.46786415576934814,0.08283496648073196,-0.6596117615699768,-0.06749515980482101,0.0,0.0,0.0,0.0,0.0,0.0,0.0,0.0,0.0,0.0,-2.690000057220459,-357.77001953125,-61.87000274658203,-5.380000114440918,0.0
1781051349.6609032,606884,1781051349,660044441,base_link,"['wheel_left_joint', 'wheel_right_joint', 'joint1', 'joint2', 'joint3', 'joint4', 'gripper']",0.010737867094576359,0.016873791813850403,0.46479618549346924,0.08283496648073196,-0.6596117615699768,-0.06749515980482101,0.0,0.0,0.0,0.0,0.0,0.0,0.0,0.0,0.0,0.0,-2.690000057220459,-357.77001953125,-61.87000274658203,-10.760000228881836,0.0
1781051349.6992846,606885,1781051349,714044441,base_link,"['wheel_left_joint', 'wheel_right_joint', 'joint1', 'joint2', 'joint3', 'joint4', 'gripper']",0.010737867094576359,0.016873791813850403,0.46479618549346924,0.08283496648073196,-0.6596117615699768,-0.06749515980482101,0.0,0.0,0.0,0.0,0.0,0.0,0.0,0.0,0.0,0.0,-2.690000057220459,-357.77001953125,-59.18000030517578,-16.139999389648438,0.0
1781051349.7516806,606886,1781051349,748044441,base_link,"['wheel_left_joint', 'wheel_right_joint', 'joint1', 'joint2', 'joint3', 'joint4', 'gripper']",0.010737867094576359,0.016873791813850403,0.46479618549346924,0.08283496648073196,-0.6596117615699768,-0.06749515980482101,0.0,0.0,0.0,0.0,0.0,0.0,0.0,0.0,0.0,0.0,-2.690000057220459,-357.77001953125,-61.87000274658203,-16.139999389648438,0.0
1781051349.7730174,606887,1781051349,793044441,base_link,"['wheel_left_joint', 'wheel_right_joint', 'joint1', 'joint2', 'joint3', 'joint4', 'gripper']",0.010737867094576359,0.016873791813850403,0.46479618549346924,0.08283496648073196,-0.6596117615699768,-0.06749515980482101,0.0,0.0,0.0,0.0,0.0,0.0,0.0,0.0,0.0,0.0,-5.380000114440918,-357.77001953125,-61.87000274658203,-16.139999389648438,0.0
1781051349.8242285,606888,1781051349,827044441,base_link,"['wheel_left_joint', 'wheel_right_joint', 'joint1', 'joint2', 'joint3', 'joint4', 'gripper']",0.010737867094576359,0.016873791813850403,0.46479618549346924,0.08283496648073196,-0.6596117615699768,-0.06749515980482101,0.0,0.0,0.0,0.0,0.0,0.0,0.0,0.0,0.0,0.0,-5.380000114440918,-360.46002197265625,-61.87000274658203,-21.520000457763672,0.0
1781051349.8505967,606889,1781051349,871044441,base_link,"['wheel_left_joint', 'wheel_right_joint', 'joint1', 'joint2', 'joint3', 'joint4', 'gripper']",0.010737867094576359,0.016873791813850403,0.46786415576934814,0.08283496648073196,-0.6596117615699768,-0.06749515980482101,0.0,0.0,0.0,0.0,0.0,0.0,0.0,0.0,0.0,0.0,-2.690000057220459,-360.46002197265625,-61.87000274658203,-26.900001525878906,0.0
1781051349.9033868,606890,1781051349,905044441,base_link,"['wheel_left_joint', 'wheel_right_joint', 'joint1', 'joint2', 'joint3', 'joint4', 'gripper']",0.010737867094576359,0.016873791813850403,0.46479618549346924,0.08283496648073196,-0.6596117615699768,-0.06902913749217987,0.0,0.0,0.0,0.0,0.0,0.0,0.0,0.0,0.0,0.0,-2.690000057220459,-357.77001953125,-61.87000274658203,-18.829999923706055,0.0
1781051349.925973,606891,1781051349,945044441,base_link,"['wheel_left_joint', 'wheel_right_joint', 'joint1', 'joint2', 'joint3', 'joint4', 'gripper']",0.010737867094576359,0.016873791813850403,0.46479618549346924,0.08283496648073196,-0.6596117615699768,-0.06749515980482101,0.0,0.0,0.0,0.0,0.0,0.0,0.0,0.0,0.0,0.0,-2.690000057220459,-357.77001953125,-61.87000274658203,-21.520000457763672,0.0
1781051349.9774268,606892,1781051349,979044441,base_link,"['wheel_left_joint', 'wheel_right_joint', 'joint1', 'joint2', 'joint3', 'joint4', 'gripper']",0.010737867094576359,0.016873791813850403,0.46479618549346924,0.08283496648073196,-0.6596117615699768,-0.06749515980482101,0.0,0.0,0.0,0.0,0.0,0.0,0.0,0.0,0.0,0.0,-5.380000114440918,-357.77001953125,-61.87000274658203,-16.139999389648438,0.0
1781051350.0061953,606893,1781051350,24044441,base_link,"['wheel_left_joint', 'wheel_right_joint', 'joint1', 'joint2', 'joint3', 'joint4', 'gripper']",0.010737867094576359,0.016873791813850403,0.46479618549346924,0.08283496648073196,-0.6596117615699768,-0.06749515980482101,0.0,0.0,0.0,0.0,0.0,0.0,0.0,0.0,0.0,0.0,-2.690000057220459,-357.77001953125,-61.87000274658203,-18.829999923706055,0.0
1781051350.0564895,606894,1781051350,58044441,base_link,"['wheel_left_joint', 'wheel_right_joint', 'joint1', 'joint2', 'joint3', 'joint4', 'gripper']",0.010737867094576359,0.016873791813850403,0.46479618549346924,0.08283496648073196,-0.6596117615699768,-0.06749515980482101,0.0,0.0,0.0,0.0,0.0,0.0,0.0,0.0,0.0,0.0,-2.690000057220459,-357.77001953125,-61.87000274658203,-26.900001525878906,0.0
1781051350.0992563,606895,1781051350,116044441,base_link,"['wheel_left_joint', 'wheel_right_joint', 'joint1', 'joint2', 'joint3', 'joint4', 'gripper']",0.010737867094576359,0.016873791813850403,0.46479618549346924,0.08283496648073196,-0.6596117615699768,-0.06749515980482101,0.0,0.0,0.0,0.0,0.0,0.0,0.0,0.0,0.0,0.0,-2.690000057220459,-357.77001953125,-61.87000274658203,-26.900001525878906,0.0
1781051350.151783,606896,1781051350,150044441,base_link,"['wheel_left_joint', 'wheel_right_joint', 'joint1', 'joint2', 'joint3', 'joint4', 'gripper']",0.010737867094576359,0.016873791813850403,0.46479618549346924,0.08283496648073196,-0.6596117615699768,-0.06749515980482101,0.0,0.0,0.0,0.0,0.0,0.0,0.0,0.0,0.0,0.0,-2.690000057220459,-357.77001953125,-61.87000274658203,-21.520000457763672,0.0
1781051350.172449,606897,1781051350,193044441,base_link,"['wheel_left_joint', 'wheel_right_joint', 'joint1', 'joint2', 'joint3', 'joint4', 'gripper']",0.010737867094576359,0.016873791813850403,0.46479618549346924,0.08283496648073196,-0.6596117615699768,-0.06749515980482101,0.0,0.0,0.0,0.0,0.0,0.0,0.0,0.0,0.0,0.0,-2.690000057220459,-357.77001953125,-61.87000274658203,-16.139999389648438,0.0
1781051350.2260504,606898,1781051350,227044441,base_link,"['wheel_left_joint', 'wheel_right_joint', 'joint1', 'joint2', 'joint3', 'joint4', 'gripper']",0.010737867094576359,0.016873791813850403,0.46786415576934814,0.08436894416809082,-0.6596117615699768,-0.06749515980482101,0.0,0.0,0.0,0.0,0.0,0.0,0.0,0.0,0.0,0.0,-2.690000057220459,-357.77001953125,-61.87000274658203,-24.21000099182129,0.0
1781051350.253775,606899,1781051350,270044441,base_link,"['wheel_left_joint', 'wheel_right_joint', 'joint1', 'joint2', 'joint3', 'joint4', 'gripper']",0.010737867094576359,0.016873791813850403,0.46479618549346924,0.08283496648073196,-0.6596117615699768,-0.06749515980482101,0.0,0.0,0.0,0.0,0.0,0.0,0.0,0.0,0.0,0.0,-2.690000057220459,-357.77001953125,-59.18000030517578,-18.829999923706055,0.0
1781051350.3077047,606900,1781051350,304044441,base_link,"['wheel_left_joint', 'wheel_right_joint', 'joint1', 'joint2', 'joint3', 'joint4', 'gripper']",0.010737867094576359,0.016873791813850403,0.46479618549346924,0.08283496648073196,-0.6596117615699768,-0.06749515980482101,0.0,0.0,0.0,0.0,0.0,0.0,0.0,0.0,0.0,0.0,-5.380000114440918,-357.77001953125,-59.18000030517578,-13.450000762939453,0.0
1781051350.3445103,606901,1781051350,358044441,base_link,"['wheel_left_joint', 'wheel_right_joint', 'joint1', 'joint2', 'joint3', 'joint4', 'gripper']",0.010737867094576359,0.016873791813850403,0.46479618549346924,0.08283496648073196,-0.6596117615699768,-0.06749515980482101,0.0,0.0,0.0,0.0,0.0,0.0,0.0,0.0,0.0,0.0,0.0,-357.77001953125,-59.18000030517578,-26.900001525878906,0.0
1781051350.3954682,606902,1781051350,392044441,base_link,"['wheel_left_joint', 'wheel_right_joint', 'joint1', 'joint2', 'joint3', 'joint4', 'gripper']",0.010737867094576359,0.016873791813850403,0.46479618549346924,0.08283496648073196,-0.6596117615699768,-0.06902913749217987,0.0,0.0,0.0,0.0,0.0,0.0,0.0,0.0,0.0,0.0,-2.690000057220459,-357.77001953125,-59.18000030517578,-18.829999923706055,0.0
1781051350.4205637,606903,1781051350,437044441,base_link,"['wheel_left_joint', 'wheel_right_joint', 'joint1', 'joint2', 'joint3', 'joint4', 'gripper']",0.010737867094576359,0.016873791813850403,0.46479618549346924,0.08283496648073196,-0.6596117615699768,-0.06749515980482101,0.0,0.0,0.0,0.0,0.0,0.0,0.0,0.0,0.0,0.0,-2.690000057220459,-357.77001953125,-61.87000274658203,-13.450000762939453,0.0
1781051350.4739113,606904,1781051350,471044441,base_link,"['wheel_left_joint', 'wheel_right_joint', 'joint1', 'joint2', 'joint3', 'joint4', 'gripper']",0.010737867094576359,0.016873791813850403,0.46479618549346924,0.08283496648073196,-0.6596117615699768,-0.06749515980482101,0.0,0.0,0.0,0.0,0.0,0.0,0.0,0.0,0.0,0.0,-5.380000114440918,-357.77001953125,-61.87000274658203,-13.450000762939453,0.0
1781051350.4963994,606905,1781051350,516044441,base_link,"['wheel_left_joint', 'wheel_right_joint', 'joint1', 'joint2', 'joint3', 'joint4', 'gripper']",0.010737867094576359,0.016873791813850403,0.46479618549346924,0.08283496648073196,-0.6596117615699768,-0.06749515980482101,0.0,0.0,0.0,0.0,0.0,0.0,0.0,0.0,0.0,0.0,-2.690000057220459,-357.77001953125,-61.87000274658203,-18.829999923706055,0.0
1781051350.5483594,606906,1781051350,550044441,base_link,"['wheel_left_joint', 'wheel_right_joint', 'joint1', 'joint2', 'joint3', 'joint4', 'gripper']",0.010737867094576359,0.016873791813850403,0.46479618549346924,0.08283496648073196,-0.6596117615699768,-0.06749515980482101,0.0,0.0,0.0,0.0,0.0,0.0,0.0,0.0,0.0,0.0,-2.690000057220459,-357.77001953125,-61.87000274658203,-8.069999694824219,0.0
1781051350.5874572,606907,1781051350,608044441,base_link,"['wheel_left_joint', 'wheel_right_joint', 'joint1', 'joint2', 'joint3', 'joint4', 'gripper']",0.009203885681927204,0.016873791813850403,0.46479618549346924,0.08283496648073196,-0.6596117615699768,-0.06749515980482101,0.0,-0.026447948068380356,0.0,0.0,0.0,0.0,0.0,0.0,0.0,0.0,-5.380000114440918,-357.77001953125,-67.25,-18.829999923706055,0.0
1781051350.6385572,606908,1781051350,642044441,base_link,"['wheel_left_joint', 'wheel_right_joint', 'joint1', 'joint2', 'joint3', 'joint4', 'gripper']",0.010737867094576359,0.016873791813850403,0.46786415576934814,0.08283496648073196,-0.6596117615699768,-0.06749515980482101,0.0,0.04511708766222,0.0,0.0,0.0,0.0,0.0,0.0,0.0,0.0,-2.690000057220459,-357.77001953125,-61.87000274658203,-13.450000762939453,0.0
1781051350.6874804,606909,1781051350,706044441,base_link,"['wheel_left_joint', 'wheel_right_joint', 'joint1', 'joint2', 'joint3', 'joint4', 'gripper']",0.010737867094576359,0.016873791813850403,0.46479618549346924,0.08283496648073196,-0.6596117615699768,-0.06749515980482101,0.0,0.0,0.0,0.0,0.0,0.0,0.0,0.0,0.0,0.0,0.0,-357.77001953125,-61.87000274658203,-16.139999389648438,0.0
1781051350.7436574,606910,1781051350,740044441,base_link,"['wheel_left_joint', 'wheel_right_joint', 'joint1', 'joint2', 'joint3', 'joint4', 'gripper']",0.010737867094576359,0.016873791813850403,0.46786415576934814,0.08283496648073196,-0.6596117615699768,-0.06749515980482101,0.0,0.0,0.0,0.0,0.0,0.0,0.0,0.0,0.0,0.0,-2.690000057220459,-357.77001953125,-64.55999755859375,-24.21000099182129,0.0
1781051350.7791107,606911,1781051350,800044441,base_link,"['wheel_left_joint', 'wheel_right_joint', 'joint1', 'joint2', 'joint3', 'joint4', 'gripper']",0.010737867094576359,0.016873791813850403,0.46479618549346924,0.08283496648073196,-0.6596117615699768,-0.06749515980482101,0.0,0.0,0.0,0.0,0.0,0.0,0.0,0.0,0.0,0.0,-2.690000057220459,-357.77001953125,-61.87000274658203,-26.900001525878906,0.0
1781051350.8305697,606912,1781051350,834044441,base_link,"['wheel_left_joint', 'wheel_right_joint', 'joint1', 'joint2', 'joint3', 'joint4', 'gripper']",0.010737867094576359,0.016873791813850403,0.46479618549346924,0.08283496648073196,-0.6596117615699768,-0.06749515980482101,0.0,0.0,0.0,0.0,0.0,0.0,0.0,0.0,0.0,0.0,-2.690000057220459,-357.77001953125,-64.55999755859375,-13.450000762939453,0.0
1781051350.8775342,606913,1781051350,896044441,base_link,"['wheel_left_joint', 'wheel_right_joint', 'joint1', 'joint2', 'joint3', 'joint4', 'gripper']",0.010737867094576359,0.016873791813850403,0.46479618549346924,0.08283496648073196,-0.6596117615699768,-0.06749515980482101,0.0,0.0,0.0,0.0,0.0,0.0,0.0,0.0,0.0,0.0,-2.690000057220459,-357.77001953125,-61.87000274658203,-21.520000457763672,0.0
1781051350.930079,606914,1781051350,930044441,base_link,"['wheel_left_joint', 'wheel_right_joint', 'joint1', 'joint2', 'joint3', 'joint4', 'gripper']",0.012271847575902939,0.016873791813850403,0.46479618549346924,0.08283496648073196,-0.6596117615699768,-0.06749515980482101,0.0,0.04511708766222,0.0,0.0,0.0,0.0,0.0,0.0,0.0,0.0,-2.690000057220459,-357.77001953125,-61.87000274658203,-18.829999923706055,0.0
1781051350.9580016,606915,1781051350,977044441,base_link,"['wheel_left_joint', 'wheel_right_joint', 'joint1', 'joint2', 'joint3', 'joint4', 'gripper']",0.010737867094576359,0.016873791813850403,0.46479618549346924,0.08283496648073196,-0.6596117615699768,-0.06749515980482101,0.0,-0.03263789415359497,0.0,0.0,0.0,0.0,0.0,0.0,0.0,0.0,-2.690000057220459,-357.77001953125,-61.87000274658203,-21.520000457763672,0.0
1781051351.0106802,606916,1781051351,11044441,base_link,"['wheel_left_joint', 'wheel_right_joint', 'joint1', 'joint2', 'joint3', 'joint4', 'gripper']",0.010737867094576359,0.016873791813850403,0.46786415576934814,0.08283496648073196,-0.6596117615699768,-0.06749515980482101,0.0,0.0,0.0,0.0,0.0,0.0,0.0,0.0,0.0,0.0,0.0,-357.77001953125,-61.87000274658203,-13.450000762939453,0.0
1781051351.0465949,606917,1781051351,68044441,base_link,"['wheel_left_joint', 'wheel_right_joint', 'joint1', 'joint2', 'joint3', 'joint4', 'gripper']",0.010737867094576359,0.016873791813850403,0.46479618549346924,0.08283496648073196,-0.6596117615699768,-0.06749515980482101,0.0,0.0,0.0,0.0,0.0,0.0,0.0,0.0,0.0,0.0,-5.380000114440918,-357.77001953125,-61.87000274658203,-16.139999389648438,0.0
1781051351.098232,606918,1781051351,102044441,base_link,"['wheel_left_joint', 'wheel_right_joint', 'joint1', 'joint2', 'joint3', 'joint4', 'gripper']",0.010737867094576359,0.016873791813850403,0.46479618549346924,0.08283496648073196,-0.6596117615699768,-0.06902913749217987,0.0,0.0,0.0,0.0,0.0,0.0,0.0,0.0,0.0,0.0,-5.380000114440918,-357.77001953125,-61.87000274658203,-13.450000762939453,0.0
1781051351.1456704,606919,1781051351,164044441,base_link,"['wheel_left_joint', 'wheel_right_joint', 'joint1', 'joint2', 'joint3', 'joint4', 'gripper']",0.009203885681927204,0.016873791813850403,0.46479618549346924,0.08283496648073196,-0.6596117615699768,-0.06749515980482101,0.0,-0.024741629138588905,0.0,0.0,0.0,0.0,0.0,0.0,0.0,0.0,-2.690000057220459,-357.77001953125,-61.87000274658203,-18.829999923706055,0.0
1781051351.199243,606920,1781051351,198044441,base_link,"['wheel_left_joint', 'wheel_right_joint', 'joint1', 'joint2', 'joint3', 'joint4', 'gripper']",0.010737867094576359,0.016873791813850403,0.46479618549346924,0.08283496648073196,-0.6596117615699768,-0.06902913749217987,0.0,0.04511708766222,0.0,0.0,0.0,0.0,0.0,0.0,0.0,0.0,-5.380000114440918,-357.77001953125,-67.25,-21.520000457763672,0.0
1781051351.2254922,606921,1781051351,245044441,base_link,"['wheel_left_joint', 'wheel_right_joint', 'joint1', 'joint2', 'joint3', 'joint4', 'gripper']",0.010737867094576359,0.016873791813850403,0.46479618549346924,0.08283496648073196,-0.6596117615699768,-0.06749515980482101,0.0,0.0,0.0,0.0,0.0,0.0,0.0,0.0,0.0,0.0,-2.690000057220459,-357.77001953125,-61.87000274658203,-13.450000762939453,0.0
1781051351.2808983,606922,1781051351,279044441,base_link,"['wheel_left_joint', 'wheel_right_joint', 'joint1', 'joint2', 'joint3', 'joint4', 'gripper']",0.010737867094576359,0.016873791813850403,0.46479618549346924,0.08283496648073196,-0.6596117615699768,-0.06749515980482101,0.0,0.0,0.0,0.0,0.0,0.0,0.0,0.0,0.0,0.0,-5.380000114440918,-357.77001953125,-61.87000274658203,-16.139999389648438,0.0
1781051351.3017156,606923,1781051351,321044441,base_link,"['wheel_left_joint', 'wheel_right_joint', 'joint1', 'joint2', 'joint3', 'joint4', 'gripper']",0.010737867094576359,0.016873791813850403,0.46479618549346924,0.08283496648073196,-0.6596117615699768,-0.06749515980482101,0.0,0.0,0.0,0.0,0.0,0.0,0.0,0.0,0.0,0.0,-2.690000057220459,-357.77001953125,-61.87000274658203,-24.21000099182129,0.0
1781051351.3545606,606924,1781051351,355044441,base_link,"['wheel_left_joint', 'wheel_right_joint', 'joint1', 'joint2', 'joint3', 'joint4', 'gripper']",0.010737867094576359,0.016873791813850403,0.46479618549346924,0.08283496648073196,-0.6596117615699768,-0.06749515980482101,0.0,0.0,0.0,0.0,0.0,0.0,0.0,0.0,0.0,0.0,-2.690000057220459,-357.77001953125,-61.87000274658203,-16.139999389648438,0.0
1781051351.381103,606925,1781051351,397044441,base_link,"['wheel_left_joint', 'wheel_right_joint', 'joint1', 'joint2', 'joint3', 'joint4', 'gripper']",0.010737867094576359,0.016873791813850403,0.46786415576934814,0.08283496648073196,-0.6596117615699768,-0.06902913749217987,0.0,0.0,0.0,0.0,0.0,0.0,0.0,0.0,0.0,0.0,-2.690000057220459,-357.77001953125,-61.87000274658203,-24.21000099182129,0.0
1781051351.4338543,606926,1781051351,431044441,base_link,"['wheel_left_joint', 'wheel_right_joint', 'joint1', 'joint2', 'joint3', 'joint4', 'gripper']",0.010737867094576359,0.016873791813850403,0.46786415576934814,0.08283496648073196,-0.6596117615699768,-0.06749515980482101,0.0,0.0,0.0,0.0,0.0,0.0,0.0,0.0,0.0,0.0,-5.380000114440918,-357.77001953125,-61.87000274658203,-10.760000228881836,0.0
1781051351.4554975,606927,1781051351,473044441,base_link,"['wheel_left_joint', 'wheel_right_joint', 'joint1', 'joint2', 'joint3', 'joint4', 'gripper']",0.010737867094576359,0.016873791813850403,0.46786415576934814,0.08283496648073196,-0.6596117615699768,-0.06749515980482101,0.0,0.0,0.0,0.0,0.0,0.0,0.0,0.0,0.0,0.0,-2.690000057220459,-360.46002197265625,-67.25,-16.139999389648438,0.0
1781051351.5084941,606928,1781051351,507044441,base_link,"['wheel_left_joint', 'wheel_right_joint', 'joint1', 'joint2', 'joint3', 'joint4', 'gripper']",0.010737867094576359,0.016873791813850403,0.46479618549346924,0.08283496648073196,-0.6596117615699768,-0.06749515980482101,0.0,0.0,0.0,0.0,0.0,0.0,0.0,0.0,0.0,0.0,-2.690000057220459,-357.77001953125,-61.87000274658203,-16.139999389648438,0.0
1781051351.5337934,606929,1781051351,551044441,base_link,"['wheel_left_joint', 'wheel_right_joint', 'joint1', 'joint2', 'joint3', 'joint4', 'gripper']",0.010737867094576359,0.016873791813850403,0.46479618549346924,0.08283496648073196,-0.6596117615699768,-0.06749515980482101,0.0,0.0,0.0,0.0,0.0,0.0,0.0,0.0,0.0,0.0,-2.690000057220459,-357.77001953125,-61.87000274658203,-24.21000099182129,0.0
1781051351.5876222,606930,1781051351,585044441,base_link,"['wheel_left_joint', 'wheel_right_joint', 'joint1', 'joint2', 'joint3', 'joint4', 'gripper']",0.010737867094576359,0.016873791813850403,0.46479618549346924,0.08283496648073196,-0.6596117615699768,-0.06749515980482101,0.0,0.0,0.0,0.0,0.0,0.0,0.0,0.0,0.0,0.0,-2.690000057220459,-360.46002197265625,-61.87000274658203,-10.760000228881836,0.0
1781051351.6115587,606931,1781051351,628044441,base_link,"['wheel_left_joint', 'wheel_right_joint', 'joint1', 'joint2', 'joint3', 'joint4', 'gripper']",0.010737867094576359,0.016873791813850403,0.46479618549346924,0.08283496648073196,-0.6596117615699768,-0.06749515980482101,0.0,0.0,0.0,0.0,0.0,0.0,0.0,0.0,0.0,0.0,-2.690000057220459,-357.77001953125,-61.87000274658203,-10.760000228881836,0.0
1781051351.6620572,606932,1781051351,662044441,base_link,"['wheel_left_joint', 'wheel_right_joint', 'joint1', 'joint2', 'joint3', 'joint4', 'gripper']",0.010737867094576359,0.016873791813850403,0.46479618549346924,0.08283496648073196,-0.6596117615699768,-0.06749515980482101,0.0,0.0,0.0,0.0,0.0,0.0,0.0,0.0,0.0,0.0,-5.380000114440918,-357.77001953125,-61.87000274658203,-26.900001525878906,0.0
1781051351.6882355,606933,1781051351,704044441,base_link,"['wheel_left_joint', 'wheel_right_joint', 'joint1', 'joint2', 'joint3', 'joint4', 'gripper']",0.010737867094576359,0.016873791813850403,0.46479618549346924,0.08283496648073196,-0.6596117615699768,-0.06749515980482101,0.0,0.0,0.0,0.0,0.0,0.0,0.0,0.0,0.0,0.0,-2.690000057220459,-357.77001953125,-61.87000274658203,-18.829999923706055,0.0
1781051351.7397995,606934,1781051351,738044441,base_link,"['wheel_left_joint', 'wheel_right_joint', 'joint1', 'joint2', 'joint3', 'joint4', 'gripper']",0.010737867094576359,0.016873791813850403,0.46479618549346924,0.08283496648073196,-0.6596117615699768,-0.06749515980482101,0.0,0.0,0.0,0.0,0.0,0.0,0.0,0.0,0.0,0.0,-2.690000057220459,-357.77001953125,-61.87000274658203,-24.21000099182129,0.0
1781051351.7633426,606935,1781051351,780044441,base_link,"['wheel_left_joint', 'wheel_right_joint', 'joint1', 'joint2', 'joint3', 'joint4', 'gripper']",0.010737867094576359,0.016873791813850403,0.46786415576934814,0.08283496648073196,-0.6596117615699768,-0.06749515980482101,0.0,0.0,0.0,0.0,0.0,0.0,0.0,0.0,0.0,0.0,-5.380000114440918,-357.77001953125,-61.87000274658203,-10.760000228881836,0.0
1781051351.816052,606936,1781051351,814044441,base_link,"['wheel_left_joint', 'wheel_right_joint', 'joint1', 'joint2', 'joint3', 'joint4', 'gripper']",0.010737867094576359,0.016873791813850403,0.46479618549346924,0.08283496648073196,-0.6596117615699768,-0.06749515980482101,0.0,0.0,0.0,0.0,0.0,0.0,0.0,0.0,0.0,0.0,-2.690000057220459,-357.77001953125,-61.87000274658203,-21.520000457763672,0.0
1781051351.8450325,606937,1781051351,830288299,base_link,"['wheel_left_joint', 'wheel_right_joint', 'joint1', 'joint2', 'joint3', 'joint4', 'gripper']",0.010737867094576359,0.016873791813850403,0.46479618549346924,0.08283496648073196,-0.6596117615699768,-0.06749515980482101,0.0,0.0,0.0,0.0,0.0,0.0,0.0,0.0,0.0,0.0,-2.690000057220459,-357.77001953125,-61.87000274658203,-18.829999923706055,0.0
1781051351.898332,606938,1781051351,864288299,base_link,"['wheel_left_joint', 'wheel_right_joint', 'joint1', 'joint2', 'joint3', 'joint4', 'gripper']",0.010737867094576359,0.016873791813850403,0.46786415576934814,0.08283496648073196,-0.6596117615699768,-0.06749515980482101,0.0,0.0,0.0,0.0,0.0,0.0,0.0,0.0,0.0,0.0,-2.690000057220459,-357.77001953125,-61.87000274658203,-16.139999389648438,0.0
1781051351.9354713,606939,1781051351,926288299,base_link,"['wheel_left_joint', 'wheel_right_joint', 'joint1', 'joint2', 'joint3', 'joint4', 'gripper']",0.010737867094576359,0.016873791813850403,0.46479618549346924,0.08283496648073196,-0.6596117615699768,-0.06749515980482101,0.0,0.0,0.0,0.0,0.0,0.0,0.0,0.0,0.0,0.0,-2.690000057220459,-357.77001953125,-64.55999755859375,-18.829999923706055,0.0
1781051351.9872348,606940,1781051351,960288299,base_link,"['wheel_left_joint', 'wheel_right_joint', 'joint1', 'joint2', 'joint3', 'joint4', 'gripper']",0.010737867094576359,0.016873791813850403,0.46479618549346924,0.08283496648073196,-0.6596117615699768,-0.06749515980482101,0.0,0.0,0.0,0.0,0.0,0.0,0.0,0.0,0.0,0.0,-2.690000057220459,-360.46002197265625,-64.55999755859375,-13.450000762939453,0.0
1781051352.0349207,606941,1781051352,22288299,base_link,"['wheel_left_joint', 'wheel_right_joint', 'joint1', 'joint2', 'joint3', 'joint4', 'gripper']",0.010737867094576359,0.016873791813850403,0.46479618549346924,0.08283496648073196,-0.6596117615699768,-0.06749515980482101,0.0,0.0,0.0,0.0,0.0,0.0,0.0,0.0,0.0,0.0,-2.690000057220459,-357.77001953125,-61.87000274658203,-13.450000762939453,0.0
1781051352.0873094,606942,1781051352,56288299,base_link,"['wheel_left_joint', 'wheel_right_joint', 'joint1', 'joint2', 'joint3', 'joint4', 'gripper']",0.010737867094576359,0.016873791813850403,0.46479618549346924,0.08283496648073196,-0.6596117615699768,-0.06749515980482101,0.0,0.0,0.0,0.0,0.0,0.0,0.0,0.0,0.0,0.0,-2.690000057220459,-357.77001953125,-61.87000274658203,-26.900001525878906,0.0
1781051352.1238623,606943,1781051352,109288299,base_link,"['wheel_left_joint', 'wheel_right_joint', 'joint1', 'joint2', 'joint3', 'joint4', 'gripper']",0.010737867094576359,0.016873791813850403,0.46786415576934814,0.08283496648073196,-0.6596117615699768,-0.06749515980482101,0.0,0.0,0.0,0.0,0.0,0.0,0.0,0.0,0.0,0.0,-2.690000057220459,-357.77001953125,-61.87000274658203,-16.139999389648438,0.0
1781051352.1773813,606944,1781051352,143288299,base_link,"['wheel_left_joint', 'wheel_right_joint', 'joint1', 'joint2', 'joint3', 'joint4', 'gripper']",0.010737867094576359,0.016873791813850403,0.46479618549346924,0.08283496648073196,-0.6596117615699768,-0.06749515980482101,0.0,0.0,0.0,0.0,0.0,0.0,0.0,0.0,0.0,0.0,-2.690000057220459,-357.77001953125,-61.87000274658203,-13.450000762939453,0.0
1781051352.1988938,606945,1781051352,187288299,base_link,"['wheel_left_joint', 'wheel_right_joint', 'joint1', 'joint2', 'joint3', 'joint4', 'gripper']",0.010737867094576359,0.016873791813850403,0.46479618549346924,0.08283496648073196,-0.6596117615699768,-0.06749515980482101,0.0,0.0,0.0,0.0,0.0,0.0,0.0,0.0,0.0,0.0,-2.690000057220459,-360.46002197265625,-61.87000274658203,-18.829999923706055,0.0
1781051352.2543173,606946,1781051352,221288299,base_link,"['wheel_left_joint', 'wheel_right_joint', 'joint1', 'joint2', 'joint3', 'joint4', 'gripper']",0.010737867094576359,0.016873791813850403,0.46479618549346924,0.08283496648073196,-0.6596117615699768,-0.06749515980482101,0.0,0.0,0.0,0.0,0.0,0.0,0.0,0.0,0.0,0.0,-2.690000057220459,-357.77001953125,-61.87000274658203,-18.829999923706055,0.0
1781051352.279974,606947,1781051352,265288299,base_link,"['wheel_left_joint', 'wheel_right_joint', 'joint1', 'joint2', 'joint3', 'joint4', 'gripper']",0.010737867094576359,0.016873791813850403,0.46786415576934814,0.08283496648073196,-0.6596117615699768,-0.06749515980482101,0.0,0.0,0.0,0.0,0.0,0.0,0.0,0.0,0.0,0.0,-2.690000057220459,-357.77001953125,-61.87000274658203,-26.900001525878906,0.0
1781051352.3334124,606948,1781051352,299288299,base_link,"['wheel_left_joint', 'wheel_right_joint', 'joint1', 'joint2', 'joint3', 'joint4', 'gripper']",0.010737867094576359,0.016873791813850403,0.46479618549346924,0.08283496648073196,-0.6596117615699768,-0.06749515980482101,0.0,0.0,0.0,0.0,0.0,0.0,0.0,0.0,0.0,0.0,-2.690000057220459,-360.46002197265625,-61.87000274658203,-13.450000762939453,0.0
1781051352.3551424,606949,1781051352,340288299,base_link,"['wheel_left_joint', 'wheel_right_joint', 'joint1', 'joint2', 'joint3', 'joint4', 'gripper']",0.010737867094576359,0.016873791813850403,0.46786415576934814,0.08283496648073196,-0.6596117615699768,-0.06749515980482101,0.0,0.0,0.0,0.0,0.0,0.0,0.0,0.0,0.0,0.0,-2.690000057220459,-357.77001953125,-61.87000274658203,-16.139999389648438,0.0
1781051352.4075875,606950,1781051352,374288299,base_link,"['wheel_left_joint', 'wheel_right_joint', 'joint1', 'joint2', 'joint3', 'joint4', 'gripper']",0.010737867094576359,0.016873791813850403,0.46786415576934814,0.08283496648073196,-0.6596117615699768,-0.06749515980482101,0.0,0.0,0.0,0.0,0.0,0.0,0.0,0.0,0.0,0.0,-2.690000057220459,-357.77001953125,-61.87000274658203,-18.829999923706055,0.0
1781051352.4345393,606951,1781051352,419288299,base_link,"['wheel_left_joint', 'wheel_right_joint', 'joint1', 'joint2', 'joint3', 'joint4', 'gripper']",0.010737867094576359,0.016873791813850403,0.46479618549346924,0.08283496648073196,-0.6596117615699768,-0.06749515980482101,0.0,0.0,0.0,0.0,0.0,0.0,0.0,0.0,0.0,0.0,-2.690000057220459,-357.77001953125,-61.87000274658203,-16.139999389648438,0.0
1781051352.4863932,606952,1781051352,453288299,base_link,"['wheel_left_joint', 'wheel_right_joint', 'joint1', 'joint2', 'joint3', 'joint4', 'gripper']",0.010737867094576359,0.016873791813850403,0.46479618549346924,0.08283496648073196,-0.6596117615699768,-0.06749515980482101,0.0,0.0,0.0,0.0,0.0,0.0,0.0,0.0,0.0,0.0,-2.690000057220459,-357.77001953125,-61.87000274658203,-13.450000762939453,0.0
1781051352.5081575,606953,1781051352,493288299,base_link,"['wheel_left_joint', 'wheel_right_joint', 'joint1', 'joint2', 'joint3', 'joint4', 'gripper']",0.010737867094576359,0.016873791813850403,0.46786415576934814,0.08283496648073196,-0.6596117615699768,-0.06749515980482101,0.0,0.0,0.0,0.0,0.0,0.0,0.0,0.0,0.0,0.0,-5.380000114440918,-357.77001953125,-61.87000274658203,-26.900001525878906,0.0
1781051352.561379,606954,1781051352,527288299,base_link,"['wheel_left_joint', 'wheel_right_joint', 'joint1', 'joint2', 'joint3', 'joint4', 'gripper']",0.010737867094576359,0.016873791813850403,0.46479618549346924,0.08283496648073196,-0.6596117615699768,-0.06749515980482101,0.0,0.0,0.0,0.0,0.0,0.0,0.0,0.0,0.0,0.0,-2.690000057220459,-357.77001953125,-61.87000274658203,-26.900001525878906,0.0
1781051352.5822036,606955,1781051352,571288299,base_link,"['wheel_left_joint', 'wheel_right_joint', 'joint1', 'joint2', 'joint3', 'joint4', 'gripper']",0.010737867094576359,0.016873791813850403,0.46479618549346924,0.08436894416809082,-0.6596117615699768,-0.06902913749217987,0.0,0.0,0.0,0.0,0.0,0.0,0.0,0.0,0.0,0.0,-2.690000057220459,-357.77001953125,-61.87000274658203,-24.21000099182129,0.0
1781051352.634912,606956,1781051352,605288299,base_link,"['wheel_left_joint', 'wheel_right_joint', 'joint1', 'joint2', 'joint3', 'joint4', 'gripper']",0.010737867094576359,0.016873791813850403,0.46479618549346924,0.08283496648073196,-0.6596117615699768,-0.06749515980482101,0.0,0.0,0.0,0.0,0.0,0.0,0.0,0.0,0.0,0.0,-2.690000057220459,-357.77001953125,-61.87000274658203,-10.760000228881836,0.0
1781051352.6613603,606957,1781051352,648288299,base_link,"['wheel_left_joint', 'wheel_right_joint', 'joint1', 'joint2', 'joint3', 'joint4', 'gripper']",0.010737867094576359,0.016873791813850403,0.46786415576934814,0.08283496648073196,-0.6596117615699768,-0.06749515980482101,0.0,0.0,0.0,0.0,0.0,0.0,0.0,0.0,0.0,0.0,-2.690000057220459,-357.77001953125,-61.87000274658203,-18.829999923706055,0.0
1781051352.7151427,606958,1781051352,682288299,base_link,"['wheel_left_joint', 'wheel_right_joint', 'joint1', 'joint2', 'joint3', 'joint4', 'gripper']",0.010737867094576359,0.016873791813850403,0.46479618549346924,0.08283496648073196,-0.6596117615699768,-0.06902913749217987,0.0,0.0,0.0,0.0,0.0,0.0,0.0,0.0,0.0,0.0,-2.690000057220459,-357.77001953125,-61.87000274658203,-13.450000762939453,0.0
1781051352.7358537,606959,1781051352,723288299,base_link,"['wheel_left_joint', 'wheel_right_joint', 'joint1', 'joint2', 'joint3', 'joint4', 'gripper']",0.010737867094576359,0.016873791813850403,0.46479618549346924,0.08283496648073196,-0.6596117615699768,-0.06749515980482101,0.0,0.0,0.0,0.0,0.0,0.0,0.0,0.0,0.0,0.0,-2.690000057220459,-357.77001953125,-61.87000274658203,-13.450000762939453,0.0
1781051352.788841,606960,1781051352,757288299,base_link,"['wheel_left_joint', 'wheel_right_joint', 'joint1', 'joint2', 'joint3', 'joint4', 'gripper']",0.010737867094576359,0.016873791813850403,0.46479618549346924,0.08283496648073196,-0.6596117615699768,-0.06749515980482101,0.0,0.0,0.0,0.0,0.0,0.0,0.0,0.0,0.0,0.0,-2.690000057220459,-360.46002197265625,-61.87000274658203,-18.829999923706055,0.0
1781051352.8151796,606961,1781051352,802288299,base_link,"['wheel_left_joint', 'wheel_right_joint', 'joint1', 'joint2', 'joint3', 'joint4', 'gripper']",0.010737867094576359,0.016873791813850403,0.46479618549346924,0.08283496648073196,-0.6596117615699768,-0.06749515980482101,0.0,0.0,0.0,0.0,0.0,0.0,0.0,0.0,0.0,0.0,-2.690000057220459,-357.77001953125,-61.87000274658203,-21.520000457763672,0.0
1781051352.8679185,606962,1781051352,836288299,base_link,"['wheel_left_joint', 'wheel_right_joint', 'joint1', 'joint2', 'joint3', 'joint4', 'gripper']",0.010737867094576359,0.016873791813850403,0.46479618549346924,0.08283496648073196,-0.6596117615699768,-0.06749515980482101,0.0,0.0,0.0,0.0,0.0,0.0,0.0,0.0,0.0,0.0,-2.690000057220459,-357.77001953125,-69.94000244140625,-18.829999923706055,0.0
1781051352.8891022,606963,1781051352,878288299,base_link,"['wheel_left_joint', 'wheel_right_joint', 'joint1', 'joint2', 'joint3', 'joint4', 'gripper']",0.010737867094576359,0.016873791813850403,0.46479618549346924,0.08283496648073196,-0.6596117615699768,-0.06749515980482101,0.0,0.0,0.0,0.0,0.0,0.0,0.0,0.0,0.0,0.0,-2.690000057220459,-357.77001953125,-61.87000274658203,-16.139999389648438,0.0
1781051352.9418433,606964,1781051352,912288299,base_link,"['wheel_left_joint', 'wheel_right_joint', 'joint1', 'joint2', 'joint3', 'joint4', 'gripper']",0.010737867094576359,0.016873791813850403,0.46479618549346924,0.08283496648073196,-0.6596117615699768,-0.06749515980482101,0.0,0.0,0.0,0.0,0.0,0.0,0.0,0.0,0.0,0.0,-2.690000057220459,-360.46002197265625,-61.87000274658203,-24.21000099182129,0.0
1781051352.9685376,606965,1781051352,953288299,base_link,"['wheel_left_joint', 'wheel_right_joint', 'joint1', 'joint2', 'joint3', 'joint4', 'gripper']",0.010737867094576359,0.016873791813850403,0.46479618549346924,0.08283496648073196,-0.6596117615699768,-0.06749515980482101,0.0,0.0,0.0,0.0,0.0,0.0,0.0,0.0,0.0,0.0,-2.690000057220459,-360.46002197265625,-61.87000274658203,-13.450000762939453,0.0
1781051353.0215893,606966,1781051352,987288299,base_link,"['wheel_left_joint', 'wheel_right_joint', 'joint1', 'joint2', 'joint3', 'joint4', 'gripper']",0.010737867094576359,0.016873791813850403,0.46479618549346924,0.08283496648073196,-0.6596117615699768,-0.06749515980482101,0.0,0.0,0.0,0.0,0.0,0.0,0.0,0.0,0.0,0.0,0.0,-357.77001953125,-61.87000274658203,-18.829999923706055,0.0
1781051353.043106,606967,1781051353,30288299,base_link,"['wheel_left_joint', 'wheel_right_joint', 'joint1', 'joint2', 'joint3', 'joint4', 'gripper']",0.010737867094576359,0.016873791813850403,0.46479618549346924,0.08283496648073196,-0.6596117615699768,-0.06749515980482101,0.0,0.0,0.0,0.0,0.0,0.0,0.0,0.0,0.0,0.0,-2.690000057220459,-357.77001953125,-61.87000274658203,-18.829999923706055,0.0
1781051353.0976038,606968,1781051353,64288299,base_link,"['wheel_left_joint', 'wheel_right_joint', 'joint1', 'joint2', 'joint3', 'joint4', 'gripper']",0.010737867094576359,0.016873791813850403,0.46479618549346924,0.08283496648073196,-0.6596117615699768,-0.06902913749217987,0.0,0.0,0.0,0.0,0.0,0.0,0.0,0.0,0.0,0.0,-2.690000057220459,-357.77001953125,-61.87000274658203,-13.450000762939453,0.0
1781051353.1240883,606969,1781051353,109288299,base_link,"['wheel_left_joint', 'wheel_right_joint', 'joint1', 'joint2', 'joint3', 'joint4', 'gripper']",0.010737867094576359,0.016873791813850403,0.46786415576934814,0.08283496648073196,-0.6596117615699768,-0.06749515980482101,0.0,0.0,0.0,0.0,0.0,0.0,0.0,0.0,0.0,0.0,-5.380000114440918,-357.77001953125,-59.18000030517578,-21.520000457763672,0.0
1781051353.1749659,606970,1781051353,143288299,base_link,"['wheel_left_joint', 'wheel_right_joint', 'joint1', 'joint2', 'joint3', 'joint4', 'gripper']",0.010737867094576359,0.016873791813850403,0.46479618549346924,0.08283496648073196,-0.6596117615699768,-0.06749515980482101,0.0,0.0,0.0,0.0,0.0,0.0,0.0,0.0,0.0,0.0,-5.380000114440918,-357.77001953125,-59.18000030517578,-16.139999389648438,0.0
1781051353.2140238,606971,1781051353,197288299,base_link,"['wheel_left_joint', 'wheel_right_joint', 'joint1', 'joint2', 'joint3', 'joint4', 'gripper']",0.010737867094576359,0.016873791813850403,0.46479618549346924,0.08283496648073196,-0.6596117615699768,-0.06749515980482101,0.0,0.0,0.0,0.0,0.0,0.0,0.0,0.0,0.0,0.0,-2.690000057220459,-357.77001953125,-61.87000274658203,-10.760000228881836,0.0
1781051353.2692773,606972,1781051353,231288299,base_link,"['wheel_left_joint', 'wheel_right_joint', 'joint1', 'joint2', 'joint3', 'joint4', 'gripper']",0.010737867094576359,0.016873791813850403,0.46479618549346924,0.08283496648073196,-0.6596117615699768,-0.06749515980482101,0.0,0.0,0.0,0.0,0.0,0.0,0.0,0.0,0.0,0.0,-2.690000057220459,-357.77001953125,-59.18000030517578,-26.900001525878906,0.0
1781051353.2902942,606973,1781051353,279288299,base_link,"['wheel_left_joint', 'wheel_right_joint', 'joint1', 'joint2', 'joint3', 'joint4', 'gripper']",0.010737867094576359,0.016873791813850403,0.46479618549346924,0.08283496648073196,-0.6596117615699768,-0.06749515980482101,0.0,0.0,0.0,0.0,0.0,0.0,0.0,0.0,0.0,0.0,-2.690000057220459,-357.77001953125,-61.87000274658203,-24.21000099182129,0.0
1781051353.3431504,606974,1781051353,313288299,base_link,"['wheel_left_joint', 'wheel_right_joint', 'joint1', 'joint2', 'joint3', 'joint4', 'gripper']",0.010737867094576359,0.016873791813850403,0.46479618549346924,0.08283496648073196,-0.6596117615699768,-0.06749515980482101,0.0,0.0,0.0,0.0,0.0,0.0,0.0,0.0,0.0,0.0,-5.380000114440918,-357.77001953125,-61.87000274658203,-21.520000457763672,0.0
1781051353.3693986,606975,1781051353,358288299,base_link,"['wheel_left_joint', 'wheel_right_joint', 'joint1', 'joint2', 'joint3', 'joint4', 'gripper']",0.010737867094576359,0.016873791813850403,0.46479618549346924,0.08283496648073196,-0.6596117615699768,-0.06902913749217987,0.0,0.0,0.0,0.0,0.0,0.0,0.0,0.0,0.0,0.0,-2.690000057220459,-357.77001953125,-61.87000274658203,-26.900001525878906,0.0
1781051353.422899,606976,1781051353,392288299,base_link,"['wheel_left_joint', 'wheel_right_joint', 'joint1', 'joint2', 'joint3', 'joint4', 'gripper']",0.010737867094576359,0.016873791813850403,0.46479618549346924,0.08283496648073196,-0.6596117615699768,-0.06749515980482101,0.0,0.0,0.0,0.0,0.0,0.0,0.0,0.0,0.0,0.0,0.0,-357.77001953125,-61.87000274658203,-18.829999923706055,0.0
1781051353.4600353,606977,1781051353,444288299,base_link,"['wheel_left_joint', 'wheel_right_joint', 'joint1', 'joint2', 'joint3', 'joint4', 'gripper']",0.010737867094576359,0.016873791813850403,0.46786415576934814,0.08283496648073196,-0.6596117615699768,-0.06749515980482101,2.3009712094790302e-05,0.0,0.0,0.0,0.0,0.0,0.0,0.0,0.0,0.0,0.0,-357.77001953125,-61.87000274658203,-16.139999389648438,0.0
1781051353.5126076,606978,1781051353,478288299,base_link,"['wheel_left_joint', 'wheel_right_joint', 'joint1', 'joint2', 'joint3', 'joint4', 'gripper']",0.010737867094576359,0.016873791813850403,0.46479618549346924,0.08283496648073196,-0.6596117615699768,-0.06749515980482101,0.0,0.0,0.0,0.0,0.0,0.0,0.0,0.0,0.0,0.0,0.0,-355.08001708984375,-61.87000274658203,-24.21000099182129,0.0
1781051353.5342674,606979,1781051353,523288299,base_link,"['wheel_left_joint', 'wheel_right_joint', 'joint1', 'joint2', 'joint3', 'joint4', 'gripper']",0.010737867094576359,0.016873791813850403,0.46479618549346924,0.08283496648073196,-0.6596117615699768,-0.06749515980482101,0.0,0.0,0.0,0.0,0.0,0.0,0.0,0.0,0.0,0.0,-2.690000057220459,-357.77001953125,-61.87000274658203,-18.829999923706055,0.0
1781051353.587795,606980,1781051353,557288299,base_link,"['wheel_left_joint', 'wheel_right_joint', 'joint1', 'joint2', 'joint3', 'joint4', 'gripper']",0.010737867094576359,0.016873791813850403,0.46479618549346924,0.08283496648073196,-0.6596117615699768,-0.06749515980482101,0.0,0.0,0.0,0.0,0.0,0.0,0.0,0.0,0.0,0.0,-2.690000057220459,-357.77001953125,-61.87000274658203,-26.900001525878906,0.0
1781051353.6140902,606981,1781051353,600288299,base_link,"['wheel_left_joint', 'wheel_right_joint', 'joint1', 'joint2', 'joint3', 'joint4', 'gripper']",0.010737867094576359,0.016873791813850403,0.46479618549346924,0.08283496648073196,-0.6596117615699768,-0.06749515980482101,0.0,0.0,0.0,0.0,0.0,0.0,0.0,0.0,0.0,0.0,-2.690000057220459,-357.77001953125,-61.87000274658203,-21.520000457763672,0.0
1781051353.6674008,606982,1781051353,634288299,base_link,"['wheel_left_joint', 'wheel_right_joint', 'joint1', 'joint2', 'joint3', 'joint4', 'gripper']",0.010737867094576359,0.016873791813850403,0.46479618549346924,0.08283496648073196,-0.6596117615699768,-0.06749515980482101,0.0,0.0,0.0,0.0,0.0,0.0,0.0,0.0,0.0,0.0,-2.690000057220459,-357.77001953125,-61.87000274658203,-24.21000099182129,0.0
1781051353.6949108,606983,1781051353,682288299,base_link,"['wheel_left_joint', 'wheel_right_joint', 'joint1', 'joint2', 'joint3', 'joint4', 'gripper']",0.010737867094576359,0.016873791813850403,0.46786415576934814,0.08283496648073196,-0.6596117615699768,-0.06902913749217987,0.0,0.0,0.0,0.0,0.0,0.0,0.0,0.0,0.0,0.0,-2.690000057220459,-357.77001953125,-61.87000274658203,-26.900001525878906,0.0
1781051353.7448568,606984,1781051353,716288299,base_link,"['wheel_left_joint', 'wheel_right_joint', 'joint1', 'joint2', 'joint3', 'joint4', 'gripper']",0.010737867094576359,0.016873791813850403,0.46479618549346924,0.08283496648073196,-0.6596117615699768,-0.06749515980482101,0.0,0.0,0.0,0.0,0.0,0.0,0.0,0.0,0.0,0.0,-2.690000057220459,-357.77001953125,-61.87000274658203,-18.829999923706055,0.0
1781051353.7930098,606985,1781051353,779288299,base_link,"['wheel_left_joint', 'wheel_right_joint', 'joint1', 'joint2', 'joint3', 'joint4', 'gripper']",0.010737867094576359,0.016873791813850403,0.46479618549346924,0.08283496648073196,-0.6596117615699768,-0.06749515980482101,0.0,0.0,0.0,0.0,0.0,0.0,0.0,0.0,0.0,0.0,-2.690000057220459,-357.77001953125,-61.87000274658203,-10.760000228881836,0.0
1781051353.8468008,606986,1781051353,813288299,base_link,"['wheel_left_joint', 'wheel_right_joint', 'joint1', 'joint2', 'joint3', 'joint4', 'gripper']",0.010737867094576359,0.016873791813850403,0.46786415576934814,0.08283496648073196,-0.6596117615699768,-0.06749515980482101,0.0,0.0,0.0,0.0,0.0,0.0,0.0,0.0,0.0,0.0,-2.690000057220459,-357.77001953125,-61.87000274658203,-26.900001525878906,0.0
1781051353.873156,606987,1781051353,861288299,base_link,"['wheel_left_joint', 'wheel_right_joint', 'joint1', 'joint2', 'joint3', 'joint4', 'gripper']",0.010737867094576359,0.016873791813850403,0.46479618549346924,0.08283496648073196,-0.6596117615699768,-0.06749515980482101,0.0,0.0,0.0,0.0,0.0,0.0,0.0,0.0,0.0,0.0,-2.690000057220459,-357.77001953125,-61.87000274658203,-21.520000457763672,0.0
1781051353.9254959,606988,1781051353,895288299,base_link,"['wheel_left_joint', 'wheel_right_joint', 'joint1', 'joint2', 'joint3', 'joint4', 'gripper']",0.010737867094576359,0.016873791813850403,0.46479618549346924,0.08283496648073196,-0.6596117615699768,-0.06749515980482101,0.0,0.0,0.0,0.0,0.0,0.0,0.0,0.0,0.0,0.0,-2.690000057220459,-357.77001953125,-61.87000274658203,-18.829999923706055,0.0
1781051353.9632292,606989,1781051353,953288299,base_link,"['wheel_left_joint', 'wheel_right_joint', 'joint1', 'joint2', 'joint3', 'joint4', 'gripper']",0.010737867094576359,0.016873791813850403,0.46479618549346924,0.08283496648073196,-0.6596117615699768,-0.06749515980482101,0.0,0.0,0.0,0.0,0.0,0.0,0.0,0.0,0.0,0.0,-2.690000057220459,-357.77001953125,-61.87000274658203,-16.139999389648438,0.0
1781051354.0141404,606990,1781051353,987288299,base_link,"['wheel_left_joint', 'wheel_right_joint', 'joint1', 'joint2', 'joint3', 'joint4', 'gripper']",0.010737867094576359,0.016873791813850403,0.46479618549346924,0.08283496648073196,-0.6596117615699768,-0.06749515980482101,0.0,0.0,0.0,0.0,0.0,0.0,0.0,0.0,0.0,0.0,-2.690000057220459,-357.77001953125,-61.87000274658203,-24.21000099182129,0.0
1781051354.0615046,606991,1781051354,49288299,base_link,"['wheel_left_joint', 'wheel_right_joint', 'joint1', 'joint2', 'joint3', 'joint4', 'gripper']",0.010737867094576359,0.016873791813850403,0.46479618549346924,0.08283496648073196,-0.6596117615699768,-0.06749515980482101,0.0,0.0,0.0,0.0,0.0,0.0,0.0,0.0,0.0,0.0,-2.690000057220459,-357.77001953125,-61.87000274658203,-13.450000762939453,0.0
1781051354.1147697,606992,1781051354,83288299,base_link,"['wheel_left_joint', 'wheel_right_joint', 'joint1', 'joint2', 'joint3', 'joint4', 'gripper']",0.010737867094576359,0.016873791813850403,0.46479618549346924,0.08283496648073196,-0.6596117615699768,-0.06749515980482101,0.0,0.0,0.0,0.0,0.0,0.0,0.0,0.0,0.0,0.0,-2.690000057220459,-357.77001953125,-61.87000274658203,-24.21000099182129,0.0
1781051354.152136,606993,1781051354,137288299,base_link,"['wheel_left_joint', 'wheel_right_joint', 'joint1', 'joint2', 'joint3', 'joint4', 'gripper']",0.010737867094576359,0.016873791813850403,0.46479618549346924,0.08283496648073196,-0.6596117615699768,-0.06749515980482101,0.0,0.0,0.0,0.0,0.0,0.0,0.0,0.0,0.0,0.0,-2.690000057220459,-357.77001953125,-61.87000274658203,-29.59000015258789,0.0
1781051354.2053628,606994,1781051354,171288299,base_link,"['wheel_left_joint', 'wheel_right_joint', 'joint1', 'joint2', 'joint3', 'joint4', 'gripper']",0.010737867094576359,0.016873791813850403,0.46479618549346924,0.08283496648073196,-0.6596117615699768,-0.06749515980482101,0.0,0.0,0.0,0.0,0.0,0.0,0.0,0.0,0.0,0.0,-2.690000057220459,-357.77001953125,-61.87000274658203,-29.59000015258789,0.0
1781051354.226838,606995,1781051354,215288299,base_link,"['wheel_left_joint', 'wheel_right_joint', 'joint1', 'joint2', 'joint3', 'joint4', 'gripper']",0.010737867094576359,0.016873791813850403,0.46479618549346924,0.08283496648073196,-0.6596117615699768,-0.06749515980482101,0.0,0.0,0.0,0.0,0.0,0.0,0.0,0.0,0.0,0.0,-2.690000057220459,-357.77001953125,-61.87000274658203,-5.380000114440918,0.0
1781051354.2809184,606996,1781051354,249288299,base_link,"['wheel_left_joint', 'wheel_right_joint', 'joint1', 'joint2', 'joint3', 'joint4', 'gripper']",0.010737867094576359,0.016873791813850403,0.46479618549346924,0.08283496648073196,-0.6596117615699768,-0.06749515980482101,0.0,0.0,0.0,0.0,0.0,0.0,0.0,0.0,0.0,0.0,-2.690000057220459,-357.77001953125,-64.55999755859375,-29.59000015258789,0.0
1781051354.3122034,606997,1781051354,292288299,base_link,"['wheel_left_joint', 'wheel_right_joint', 'joint1', 'joint2', 'joint3', 'joint4', 'gripper']",0.010737867094576359,0.016873791813850403,0.46479618549346924,0.08283496648073196,-0.6596117615699768,-0.06749515980482101,0.0,0.0,0.0,0.0,0.0,0.0,0.0,0.0,0.0,0.0,-2.690000057220459,-360.46002197265625,-61.87000274658203,-21.520000457763672,0.0
1781051354.3616903,606998,1781051354,355441377,base_link,"['wheel_left_joint', 'wheel_right_joint', 'joint1', 'joint2', 'joint3', 'joint4', 'gripper']",0.010737867094576359,0.016873791813850403,0.46479618549346924,0.08283496648073196,-0.6596117615699768,-0.06749515980482101,0.0,0.0,0.0,0.0,0.0,0.0,0.0,0.0,0.0,0.0,0.0,-357.77001953125,-61.87000274658203,-16.139999389648438,0.0
1781051354.3831887,606999,1781051354,399441377,base_link,"['wheel_left_joint', 'wheel_right_joint', 'joint1', 'joint2', 'joint3', 'joint4', 'gripper']",0.010737867094576359,0.016873791813850403,0.46479618549346924,0.08283496648073196,-0.6596117615699768,-0.06749515980482101,0.0,0.0,0.0,0.0,0.0,0.0,0.0,0.0,0.0,0.0,0.0,-357.77001953125,-61.87000274658203,-16.139999389648438,8.069999694824219
1781051354.43654,607000,1781051354,433441377,base_link,"['wheel_left_joint', 'wheel_right_joint', 'joint1', 'joint2', 'joint3', 'joint4', 'gripper']",0.010737867094576359,0.016873791813850403,0.46479618549346924,0.08283496648073196,-0.6596117615699768,-0.06749515980482101,0.0,0.0,0.0,0.0,0.0,0.0,0.0,0.0,0.0,0.0,-2.690000057220459,-357.77001953125,-61.87000274658203,-26.900001525878906,0.0
1781051354.4655194,607001,1781051354,479441377,base_link,"['wheel_left_joint', 'wheel_right_joint', 'joint1', 'joint2', 'joint3', 'joint4', 'gripper']",0.010737867094576359,0.016873791813850403,0.46479618549346924,0.08283496648073196,-0.6596117615699768,-0.06749515980482101,0.0,0.0,0.0,0.0,0.0,0.0,0.0,0.0,0.0,0.0,-2.690000057220459,-357.77001953125,-61.87000274658203,-16.139999389648438,0.0
1781051354.514929,607002,1781051354,513441377,base_link,"['wheel_left_joint', 'wheel_right_joint', 'joint1', 'joint2', 'joint3', 'joint4', 'gripper']",0.010737867094576359,0.016873791813850403,0.46479618549346924,0.08283496648073196,-0.6596117615699768,-0.06749515980482101,0.0,0.0,0.0,0.0,0.0,0.0,0.0,0.0,0.0,0.0,-2.690000057220459,-357.77001953125,-61.87000274658203,-10.760000228881836,0.0
1781051354.5371735,607003,1781051354,552441377,base_link,"['wheel_left_joint', 'wheel_right_joint', 'joint1', 'joint2', 'joint3', 'joint4', 'gripper']",0.010737867094576359,0.016873791813850403,0.46479618549346924,0.08283496648073196,-0.6596117615699768,-0.06749515980482101,0.0,0.0,0.0,0.0,0.0,0.0,0.0,0.0,0.0,0.0,-2.690000057220459,-357.77001953125,-61.87000274658203,-18.829999923706055,0.0
1781051354.5901937,607004,1781051354,586441377,base_link,"['wheel_left_joint', 'wheel_right_joint', 'joint1', 'joint2', 'joint3', 'joint4', 'gripper']",0.010737867094576359,0.016873791813850403,0.46786415576934814,0.08283496648073196,-0.6596117615699768,-0.06749515980482101,0.0,0.0,0.0,0.0,0.0,0.0,0.0,0.0,0.0,0.0,-2.690000057220459,-357.77001953125,-61.87000274658203,-13.450000762939453,0.0
1781051354.6167638,607005,1781051354,630441377,base_link,"['wheel_left_joint', 'wheel_right_joint', 'joint1', 'joint2', 'joint3', 'joint4', 'gripper']",0.010737867094576359,0.016873791813850403,0.46786415576934814,0.08283496648073196,-0.6596117615699768,-0.06749515980482101,0.0,0.0,0.0,0.0,0.0,0.0,0.0,0.0,0.0,0.0,-2.690000057220459,-357.77001953125,-61.87000274658203,-21.520000457763672,0.0
1781051354.6693392,607006,1781051354,664441377,base_link,"['wheel_left_joint', 'wheel_right_joint', 'joint1', 'joint2', 'joint3', 'joint4', 'gripper']",0.010737867094576359,0.016873791813850403,0.46479618549346924,0.08283496648073196,-0.6596117615699768,-0.06749515980482101,0.0,0.0,0.0,0.0,0.0,0.0,0.0,0.0,0.0,0.0,-2.690000057220459,-357.77001953125,-61.87000274658203,-21.520000457763672,0.0
1781051354.6917086,607007,1781051354,704441377,base_link,"['wheel_left_joint', 'wheel_right_joint', 'joint1', 'joint2', 'joint3', 'joint4', 'gripper']",0.009203885681927204,0.016873791813850403,0.46479618549346924,0.08283496648073196,-0.6596117615699768,-0.06749515980482101,0.0,-0.03834952414035797,0.0,0.0,0.0,0.0,0.0,0.0,0.0,0.0,-2.690000057220459,-357.77001953125,-61.87000274658203,-5.380000114440918,0.0
1781051354.7444847,607008,1781051354,738441377,base_link,"['wheel_left_joint', 'wheel_right_joint', 'joint1', 'joint2', 'joint3', 'joint4', 'gripper']",0.010737867094576359,0.016873791813850403,0.46786415576934814,0.08283496648073196,-0.6596117615699768,-0.06749515980482101,0.0,0.04511708766222,0.0,0.0,0.0,0.0,0.0,0.0,0.0,0.0,-2.690000057220459,-360.46002197265625,-61.87000274658203,-26.900001525878906,0.0
1781051354.7701316,607009,1781051354,786441377,base_link,"['wheel_left_joint', 'wheel_right_joint', 'joint1', 'joint2', 'joint3', 'joint4', 'gripper']",0.010737867094576359,0.016873791813850403,0.46786415576934814,0.08283496648073196,-0.6596117615699768,-0.06749515980482101,0.0,0.0,0.0,0.0,0.0,0.0,0.0,0.0,0.0,0.0,-2.690000057220459,-357.77001953125,-61.87000274658203,-18.829999923706055,0.0
1781051354.8231378,607010,1781051354,820441377,base_link,"['wheel_left_joint', 'wheel_right_joint', 'joint1', 'joint2', 'joint3', 'joint4', 'gripper']",0.010737867094576359,0.016873791813850403,0.46479618549346924,0.08283496648073196,-0.6596117615699768,-0.06749515980482101,0.0,0.0,0.0,0.0,0.0,0.0,0.0,0.0,0.0,0.0,-2.690000057220459,-357.77001953125,-61.87000274658203,-13.450000762939453,0.0
1781051354.8443615,607011,1781051354,862441377,base_link,"['wheel_left_joint', 'wheel_right_joint', 'joint1', 'joint2', 'joint3', 'joint4', 'gripper']",0.010737867094576359,0.016873791813850403,0.46479618549346924,0.08283496648073196,-0.6596117615699768,-0.06749515980482101,0.0,0.0,0.0,0.0,0.0,0.0,0.0,0.0,0.0,0.0,-2.690000057220459,-357.77001953125,-61.87000274658203,-5.380000114440918,0.0
1781051354.900643,607012,1781051354,896441377,base_link,"['wheel_left_joint', 'wheel_right_joint', 'joint1', 'joint2', 'joint3', 'joint4', 'gripper']",0.010737867094576359,0.016873791813850403,0.46479618549346924,0.08283496648073196,-0.6596117615699768,-0.06749515980482101,0.0,0.0,0.0,0.0,0.0,0.0,0.0,0.0,0.0,0.0,-2.690000057220459,-357.77001953125,-61.87000274658203,-21.520000457763672,0.0
1781051354.9239206,607013,1781051354,938441377,base_link,"['wheel_left_joint', 'wheel_right_joint', 'joint1', 'joint2', 'joint3', 'joint4', 'gripper']",0.010737867094576359,0.016873791813850403,0.46479618549346924,0.08283496648073196,-0.6596117615699768,-0.06749515980482101,0.0,0.0,0.0,0.0,0.0,0.0,0.0,0.0,0.0,0.0,-2.690000057220459,-357.77001953125,-61.87000274658203,-24.21000099182129,0.0
1781051354.9772413,607014,1781051354,972441377,base_link,"['wheel_left_joint', 'wheel_right_joint', 'joint1', 'joint2', 'joint3', 'joint4', 'gripper']",0.010737867094576359,0.016873791813850403,0.46479618549346924,0.08283496648073196,-0.6596117615699768,-0.06749515980482101,0.0,0.0,0.0,0.0,0.0,0.0,0.0,0.0,0.0,0.0,-2.690000057220459,-357.77001953125,-61.87000274658203,-10.760000228881836,0.0
1781051354.9993508,607015,1781051355,12441377,base_link,"['wheel_left_joint', 'wheel_right_joint', 'joint1', 'joint2', 'joint3', 'joint4', 'gripper']",0.010737867094576359,0.016873791813850403,0.46479618549346924,0.08283496648073196,-0.6596117615699768,-0.06749515980482101,0.0,0.0,0.0,0.0,0.0,0.0,0.0,0.0,0.0,0.0,-2.690000057220459,-357.77001953125,-61.87000274658203,-24.21000099182129,0.0
1781051355.0515757,607016,1781051355,46441377,base_link,"['wheel_left_joint', 'wheel_right_joint', 'joint1', 'joint2', 'joint3', 'joint4', 'gripper']",0.010737867094576359,0.016873791813850403,0.46479618549346924,0.08283496648073196,-0.6596117615699768,-0.06902913749217987,0.0,0.0,0.0,0.0,0.0,0.0,0.0,0.0,0.0,0.0,-5.380000114440918,-357.77001953125,-61.87000274658203,-10.760000228881836,0.0
1781051355.0800846,607017,1781051355,91441377,base_link,"['wheel_left_joint', 'wheel_right_joint', 'joint1', 'joint2', 'joint3', 'joint4', 'gripper']",0.010737867094576359,0.016873791813850403,0.46479618549346924,0.08283496648073196,-0.6596117615699768,-0.06749515980482101,0.0,0.0,0.0,0.0,0.0,0.0,0.0,0.0,0.0,0.0,-5.380000114440918,-357.77001953125,-61.87000274658203,-5.380000114440918,0.0
1781051355.1312253,607018,1781051355,125441377,base_link,"['wheel_left_joint', 'wheel_right_joint', 'joint1', 'joint2', 'joint3', 'joint4', 'gripper']",0.010737867094576359,0.016873791813850403,0.46786415576934814,0.08283496648073196,-0.6596117615699768,-0.06749515980482101,0.0,0.0,0.0,0.0,0.0,0.0,0.0,0.0,0.0,0.0,-2.690000057220459,-357.77001953125,-61.87000274658203,-26.900001525878906,0.0
1781051355.153587,607019,1781051355,166441377,base_link,"['wheel_left_joint', 'wheel_right_joint', 'joint1', 'joint2', 'joint3', 'joint4', 'gripper']",0.010737867094576359,0.016873791813850403,0.46479618549346924,0.08283496648073196,-0.6596117615699768,-0.06749515980482101,0.0,0.0,0.0,0.0,0.0,0.0,0.0,0.0,0.0,0.0,-2.690000057220459,-357.77001953125,-61.87000274658203,-26.900001525878906,0.0
1781051355.2077973,607020,1781051355,200441377,base_link,"['wheel_left_joint', 'wheel_right_joint', 'joint1', 'joint2', 'joint3', 'joint4', 'gripper']",0.010737867094576359,0.016873791813850403,0.46479618549346924,0.08283496648073196,-0.6596117615699768,-0.06749515980482101,0.0,0.0,0.0,0.0,0.0,0.0,0.0,0.0,0.0,0.0,-2.690000057220459,-357.77001953125,-61.87000274658203,-18.829999923706055,0.0
1781051355.2335231,607021,1781051355,246441377,base_link,"['wheel_left_joint', 'wheel_right_joint', 'joint1', 'joint2', 'joint3', 'joint4', 'gripper']",0.010737867094576359,0.016873791813850403,0.46479618549346924,0.08283496648073196,-0.6596117615699768,-0.06749515980482101,0.0,0.0,0.0,0.0,0.0,0.0,0.0,0.0,0.0,0.0,-2.690000057220459,-357.77001953125,-61.87000274658203,-18.829999923706055,0.0
1781051355.2894912,607022,1781051355,280441377,base_link,"['wheel_left_joint', 'wheel_right_joint', 'joint1', 'joint2', 'joint3', 'joint4', 'gripper']",0.010737867094576359,0.016873791813850403,0.46479618549346924,0.08283496648073196,-0.6596117615699768,-0.06749515980482101,0.0,0.0,0.0,0.0,0.0,0.0,0.0,0.0,0.0,0.0,-2.690000057220459,-357.77001953125,-61.87000274658203,-10.760000228881836,0.0
1781051355.3127656,607023,1781051355,325441377,base_link,"['wheel_left_joint', 'wheel_right_joint', 'joint1', 'joint2', 'joint3', 'joint4', 'gripper']",0.010737867094576359,0.016873791813850403,0.46479618549346924,0.08283496648073196,-0.6596117615699768,-0.06749515980482101,0.0,0.0,0.0,0.0,0.0,0.0,0.0,0.0,0.0,0.0,-2.690000057220459,-357.77001953125,-61.87000274658203,-8.069999694824219,0.0
1781051355.36229,607024,1781051355,359441377,base_link,"['wheel_left_joint', 'wheel_right_joint', 'joint1', 'joint2', 'joint3', 'joint4', 'gripper']",0.010737867094576359,0.016873791813850403,0.46479618549346924,0.08283496648073196,-0.6596117615699768,-0.06749515980482101,0.0,0.0,0.0,0.0,0.0,0.0,0.0,0.0,0.0,0.0,-5.380000114440918,-355.08001708984375,-61.87000274658203,-21.520000457763672,0.0
1781051355.38945,607025,1781051355,402441377,base_link,"['wheel_left_joint', 'wheel_right_joint', 'joint1', 'joint2', 'joint3', 'joint4', 'gripper']",0.010737867094576359,0.016873791813850403,0.46479618549346924,0.08283496648073196,-0.6596117615699768,-0.06749515980482101,0.0,0.0,0.0,0.0,0.0,0.0,0.0,0.0,0.0,0.0,-5.380000114440918,-355.08001708984375,-61.87000274658203,-5.380000114440918,0.0
1781051355.440244,607026,1781051355,436441377,base_link,"['wheel_left_joint', 'wheel_right_joint', 'joint1', 'joint2', 'joint3', 'joint4', 'gripper']",0.010737867094576359,0.016873791813850403,0.46479618549346924,0.08283496648073196,-0.6596117615699768,-0.06749515980482101,0.0,0.0,0.0,0.0,0.0,0.0,0.0,0.0,0.0,0.0,-2.690000057220459,-355.08001708984375,-61.87000274658203,-29.59000015258789,0.0
1781051355.4614005,607027,1781051355,478441377,base_link,"['wheel_left_joint', 'wheel_right_joint', 'joint1', 'joint2', 'joint3', 'joint4', 'gripper']",0.010737867094576359,0.016873791813850403,0.46479618549346924,0.08283496648073196,-0.6596117615699768,-0.06749515980482101,0.0,0.0,0.0,0.0,0.0,0.0,0.0,0.0,0.0,0.0,-2.690000057220459,-355.08001708984375,-61.87000274658203,-10.760000228881836,0.0
1781051355.5160043,607028,1781051355,512441377,base_link,"['wheel_left_joint', 'wheel_right_joint', 'joint1', 'joint2', 'joint3', 'joint4', 'gripper']",0.010737867094576359,0.016873791813850403,0.46479618549346924,0.08283496648073196,-0.6596117615699768,-0.06749515980482101,0.0,0.0,0.0,0.0,0.0,0.0,0.0,0.0,0.0,0.0,-2.690000057220459,-355.08001708984375,-61.87000274658203,-24.21000099182129,0.0
1781051355.5405653,607029,1781051355,556441377,base_link,"['wheel_left_joint', 'wheel_right_joint', 'joint1', 'joint2', 'joint3', 'joint4', 'gripper']",0.010737867094576359,0.016873791813850403,0.46786415576934814,0.08283496648073196,-0.6596117615699768,-0.06749515980482101,0.0,0.0,0.0,0.0,0.0,0.0,0.0,0.0,0.0,0.0,-2.690000057220459,-357.77001953125,-61.87000274658203,-26.900001525878906,0.0
1781051355.5936468,607030,1781051355,590441377,base_link,"['wheel_left_joint', 'wheel_right_joint', 'joint1', 'joint2', 'joint3', 'joint4', 'gripper']",0.010737867094576359,0.016873791813850403,0.46786415576934814,0.08283496648073196,-0.6596117615699768,-0.06749515980482101,0.0,0.0,0.0,0.0,0.0,0.0,0.0,0.0,0.0,0.0,-5.380000114440918,-357.77001953125,-61.87000274658203,-13.450000762939453,0.0
1781051355.6175334,607031,1781051355,633441377,base_link,"['wheel_left_joint', 'wheel_right_joint', 'joint1', 'joint2', 'joint3', 'joint4', 'gripper']",0.010737867094576359,0.016873791813850403,0.46479618549346924,0.08283496648073196,-0.6596117615699768,-0.06749515980482101,0.0,0.0,0.0,0.0,0.0,0.0,0.0,0.0,0.0,0.0,-5.380000114440918,-357.77001953125,-61.87000274658203,-24.21000099182129,0.0
1781051355.6684299,607032,1781051355,667441377,base_link,"['wheel_left_joint', 'wheel_right_joint', 'joint1', 'joint2', 'joint3', 'joint4', 'gripper']",0.010737867094576359,0.016873791813850403,0.46479618549346924,0.08283496648073196,-0.6596117615699768,-0.06749515980482101,0.0,0.0,0.0,0.0,0.0,0.0,0.0,0.0,0.0,0.0,-2.690000057220459,-357.77001953125,-61.87000274658203,-21.520000457763672,0.0
1781051355.6895282,607033,1781051355,710441377,base_link,"['wheel_left_joint', 'wheel_right_joint', 'joint1', 'joint2', 'joint3', 'joint4', 'gripper']",0.010737867094576359,0.016873791813850403,0.46479618549346924,0.08283496648073196,-0.6596117615699768,-0.06749515980482101,0.0,0.0,0.0,0.0,0.0,0.0,0.0,0.0,0.0,0.0,-2.690000057220459,-357.77001953125,-61.87000274658203,-21.520000457763672,0.0
1781051355.7434201,607034,1781051355,744441377,base_link,"['wheel_left_joint', 'wheel_right_joint', 'joint1', 'joint2', 'joint3', 'joint4', 'gripper']",0.010737867094576359,0.016873791813850403,0.46479618549346924,0.08283496648073196,-0.6596117615699768,-0.06749515980482101,0.0,0.0,0.0,0.0,0.0,0.0,0.0,0.0,0.0,0.0,-2.690000057220459,-357.77001953125,-61.87000274658203,-18.829999923706055,0.0
1781051355.7919245,607035,1781051355,778441377,base_link,"['wheel_left_joint', 'wheel_right_joint', 'joint1', 'joint2', 'joint3', 'joint4', 'gripper']",0.010737867094576359,0.016873791813850403,0.46479618549346924,0.08283496648073196,-0.6596117615699768,-0.06749515980482101,0.0,0.0,0.0,0.0,0.0,0.0,0.0,0.0,0.0,0.0,-2.690000057220459,-357.77001953125,-61.87000274658203,-18.829999923706055,0.0
1781051355.807357,607036,1781051355,815441377,base_link,"['wheel_left_joint', 'wheel_right_joint', 'joint1', 'joint2', 'joint3', 'joint4', 'gripper']",0.010737867094576359,0.016873791813850403,0.46786415576934814,0.08283496648073196,-0.6596117615699768,-0.06749515980482101,0.0,0.0,0.0,0.0,0.0,0.0,0.0,0.0,0.0,0.0,-2.690000057220459,-357.77001953125,-61.87000274658203,-2.690000057220459,0.0
1781051355.8592927,607037,1781051355,849441377,base_link,"['wheel_left_joint', 'wheel_right_joint', 'joint1', 'joint2', 'joint3', 'joint4', 'gripper']",0.009203885681927204,0.016873791813850403,0.46479618549346924,0.08283496648073196,-0.6596117615699768,-0.06749515980482101,0.0,-0.04511708766222,0.0,0.0,0.0,0.0,0.0,0.0,0.0,0.0,-2.690000057220459,-357.77001953125,-61.87000274658203,-29.59000015258789,8.069999694824219
1781051355.8757024,607038,1781051355,893441377,base_link,"['wheel_left_joint', 'wheel_right_joint', 'joint1', 'joint2', 'joint3', 'joint4', 'gripper']",0.010737867094576359,0.016873791813850403,0.46479618549346924,0.08283496648073196,-0.6596117615699768,-0.06749515980482101,0.0,0.03486320376396179,0.0,0.0,0.0,0.0,0.0,0.0,0.0,0.0,0.0,-357.77001953125,-61.87000274658203,-21.520000457763672,0.0
1781051355.9284368,607039,1781051355,927441377,base_link,"['wheel_left_joint', 'wheel_right_joint', 'joint1', 'joint2', 'joint3', 'joint4', 'gripper']",0.010737867094576359,0.016873791813850403,0.46786415576934814,0.08283496648073196,-0.6596117615699768,-0.06749515980482101,0.0,0.0,0.0,0.0,0.0,0.0,0.0,0.0,0.0,0.0,-5.380000114440918,-355.08001708984375,-61.87000274658203,-16.139999389648438,0.0
1781051355.9615405,607040,1781051355,977441377,base_link,"['wheel_left_joint', 'wheel_right_joint', 'joint1', 'joint2', 'joint3', 'joint4', 'gripper']",0.010737867094576359,0.016873791813850403,0.46479618549346924,0.08283496648073196,-0.6596117615699768,-0.06749515980482101,0.0,0.0,0.0,0.0,0.0,0.0,0.0,0.0,0.0,0.0,-5.380000114440918,-357.77001953125,-61.87000274658203,-24.21000099182129,0.0
1781051356.011303,607041,1781051356,11441377,base_link,"['wheel_left_joint', 'wheel_right_joint', 'joint1', 'joint2', 'joint3', 'joint4', 'gripper']",0.010737867094576359,0.016873791813850403,0.46479618549346924,0.08283496648073196,-0.6596117615699768,-0.06749515980482101,0.0,0.0,0.0,0.0,0.0,0.0,0.0,0.0,0.0,0.0,-2.690000057220459,-357.77001953125,-61.87000274658203,-18.829999923706055,0.0
1781051356.048152,607042,1781051356,62441377,base_link,"['wheel_left_joint', 'wheel_right_joint', 'joint1', 'joint2', 'joint3', 'joint4', 'gripper']",0.010737867094576359,0.016873791813850403,0.46479618549346924,0.08283496648073196,-0.6596117615699768,-0.06749515980482101,0.0,0.0,0.0,0.0,0.0,0.0,0.0,0.0,0.0,0.0,-5.380000114440918,-355.08001708984375,-61.87000274658203,-29.59000015258789,0.0
1781051356.100626,607043,1781051356,96441377,base_link,"['wheel_left_joint', 'wheel_right_joint', 'joint1', 'joint2', 'joint3', 'joint4', 'gripper']",0.010737867094576359,0.016873791813850403,0.46786415576934814,0.08283496648073196,-0.6596117615699768,-0.06902913749217987,0.0,0.0,0.0,0.0,0.0,0.0,0.0,0.0,0.0,0.0,-5.380000114440918,-355.08001708984375,-64.55999755859375,-16.139999389648438,0.0
1781051356.1294875,607044,1781051356,145441377,base_link,"['wheel_left_joint', 'wheel_right_joint', 'joint1', 'joint2', 'joint3', 'joint4', 'gripper']",0.010737867094576359,0.016873791813850403,0.46479618549346924,0.08283496648073196,-0.6596117615699768,-0.06749515980482101,0.0,0.0,0.0,0.0,0.0,0.0,0.0,0.0,0.0,0.0,-2.690000057220459,-355.08001708984375,-61.87000274658203,-16.139999389648438,0.0
1781051356.182303,607045,1781051356,179441377,base_link,"['wheel_left_joint', 'wheel_right_joint', 'joint1', 'joint2', 'joint3', 'joint4', 'gripper']",0.010737867094576359,0.016873791813850403,0.46479618549346924,0.08283496648073196,-0.6596117615699768,-0.06749515980482101,0.0,0.0,0.0,0.0,0.0,0.0,0.0,0.0,0.0,0.0,-2.690000057220459,-355.08001708984375,-61.87000274658203,-18.829999923706055,0.0
1781051356.2188187,607046,1781051356,238441377,base_link,"['wheel_left_joint', 'wheel_right_joint', 'joint1', 'joint2', 'joint3', 'joint4', 'gripper']",0.010737867094576359,0.016873791813850403,0.46479618549346924,0.08283496648073196,-0.6596117615699768,-0.06749515980482101,0.0,0.0,0.0,0.0,0.0,0.0,0.0,0.0,0.0,0.0,-2.690000057220459,-355.08001708984375,-61.87000274658203,-13.450000762939453,0.0
1781051356.2723804,607047,1781051356,272441377,base_link,"['wheel_left_joint', 'wheel_right_joint', 'joint1', 'joint2', 'joint3', 'joint4', 'gripper']",0.010737867094576359,0.016873791813850403,0.46479618549346924,0.08283496648073196,-0.6596117615699768,-0.06749515980482101,0.0,0.0,0.0,0.0,0.0,0.0,0.0,0.0,0.0,0.0,-2.690000057220459,-355.08001708984375,-61.87000274658203,-24.21000099182129,0.0
1781051356.3158574,607048,1781051356,335441377,base_link,"['wheel_left_joint', 'wheel_right_joint', 'joint1', 'joint2', 'joint3', 'joint4', 'gripper']",0.010737867094576359,0.016873791813850403,0.46479618549346924,0.08283496648073196,-0.6596117615699768,-0.06749515980482101,0.0,0.0,0.0,0.0,0.0,0.0,0.0,0.0,0.0,0.0,-2.690000057220459,-357.77001953125,-61.87000274658203,-10.760000228881836,0.0
1781051356.3673189,607049,1781051356,369441377,base_link,"['wheel_left_joint', 'wheel_right_joint', 'joint1', 'joint2', 'joint3', 'joint4', 'gripper']",0.010737867094576359,0.016873791813850403,0.46479618549346924,0.08283496648073196,-0.6596117615699768,-0.06749515980482101,0.0,0.0,0.0,0.0,0.0,0.0,0.0,0.0,0.0,0.0,-2.690000057220459,-360.46002197265625,-61.87000274658203,-13.450000762939453,0.0
1781051356.414961,607050,1781051356,431441377,base_link,"['wheel_left_joint', 'wheel_right_joint', 'joint1', 'joint2', 'joint3', 'joint4', 'gripper']",0.010737867094576359,0.016873791813850403,0.46786415576934814,0.08283496648073196,-0.6596117615699768,-0.06749515980482101,0.0,0.0,0.0,0.0,0.0,0.0,0.0,0.0,0.0,0.0,-2.690000057220459,-357.77001953125,-61.87000274658203,-5.380000114440918,0.0
1781051356.4675534,607051,1781051356,465441377,base_link,"['wheel_left_joint', 'wheel_right_joint', 'joint1', 'joint2', 'joint3', 'joint4', 'gripper']",0.010737867094576359,0.016873791813850403,0.46479618549346924,0.08283496648073196,-0.6596117615699768,-0.06749515980482101,0.0,0.0,0.0,0.0,0.0,0.0,0.0,0.0,0.0,0.0,-2.690000057220459,-357.77001953125,-61.87000274658203,-16.139999389648438,0.0
1781051356.4954958,607052,1781051356,512441377,base_link,"['wheel_left_joint', 'wheel_right_joint', 'joint1', 'joint2', 'joint3', 'joint4', 'gripper']",0.010737867094576359,0.016873791813850403,0.46786415576934814,0.08283496648073196,-0.6596117615699768,-0.06749515980482101,0.0,0.0,0.0,0.0,0.0,0.0,0.0,0.0,0.0,0.0,-2.690000057220459,-357.77001953125,-61.87000274658203,-13.450000762939453,0.0
1781051356.547571,607053,1781051356,546441377,base_link,"['wheel_left_joint', 'wheel_right_joint', 'joint1', 'joint2', 'joint3', 'joint4', 'gripper']",0.010737867094576359,0.016873791813850403,0.46479618549346924,0.08283496648073196,-0.6596117615699768,-0.06749515980482101,0.0,0.0,0.0,0.0,0.0,0.0,0.0,0.0,0.0,0.0,-5.380000114440918,-357.77001953125,-61.87000274658203,-10.760000228881836,0.0
1781051356.5890021,607054,1781051356,609441377,base_link,"['wheel_left_joint', 'wheel_right_joint', 'joint1', 'joint2', 'joint3', 'joint4', 'gripper']",0.010737867094576359,0.016873791813850403,0.46479618549346924,0.08283496648073196,-0.6596117615699768,-0.06749515980482101,0.0,0.0,0.0,0.0,0.0,0.0,0.0,0.0,0.0,0.0,-2.690000057220459,-357.77001953125,-61.87000274658203,-26.900001525878906,0.0
